Rank,Category,Similarity_Score,Extracted_Skills,Matched_Skills,Missing_Skills,Matched_Skill_Count,Final_Score
1,ENGINEERING,28.654404306746727,"['sql', 'data analysis', 'machine learning', 'data visualization', 'python', 'pandas']","['sql', 'data analysis', 'machine learning', 'data visualization', 'python', 'pandas']","['numpy', 'scikit-learn', 'nlp', 'git', 'tensorflow', 'pytorch', 'data science', 'deep learning', 'natural language processing']",6,32.05808301472271
2,CONSULTANT,26.22084304377071,"['sql', 'data analysis', 'machine learning', 'data science', 'data visualization', 'python']","['sql', 'data analysis', 'machine learning', 'data science', 'data visualization', 'python']","['numpy', 'scikit-learn', 'nlp', 'git', 'tensorflow', 'pytorch', 'deep learning', 'natural language processing', 'pandas']",6,30.354590130639497
3,AUTOMOBILE,18.625669055368217,"['numpy', 'sql', 'data analysis', 'data science', 'data visualization', 'matplotlib', 'python', 'pandas']","['numpy', 'sql', 'data analysis', 'data science', 'data visualization', 'python', 'pandas']","['scikit-learn', 'nlp', 'git', 'tensorflow', 'machine learning', 'pytorch', 'deep learning', 'natural language processing']",7,27.03796833875775
4,AGRICULTURE,20.85459784986763,"['sql', 'tensorflow', 'keras', 'data visualization', 'python', 'pandas']","['sql', 'tensorflow', 'data visualization', 'python', 'pandas']","['numpy', 'scikit-learn', 'data analysis', 'nlp', 'git', 'machine learning', 'pytorch', 'data science', 'deep learning', 'natural language processing']",5,24.59821849490734
5,BANKING,24.76949925839932,"['machine learning', 'sql', 'python']","['machine learning', 'sql', 'python']","['numpy', 'scikit-learn', 'data analysis', 'nlp', 'git', 'tensorflow', 'pytorch', 'data science', 'deep learning', 'data visualization', 'natural language processing', 'pandas']",3,23.338649480879525
6,AUTOMOBILE,19.071970972482298,"['machine learning', 'sql', 'python', 'data analysis']","['machine learning', 'sql', 'python', 'data analysis']","['numpy', 'scikit-learn', 'nlp', 'git', 'tensorflow', 'pytorch', 'data science', 'deep learning', 'data visualization', 'natural language processing', 'pandas']",4,21.350379680737607
7,AGRICULTURE,18.67365857431002,"['sql', 'data science', 'matplotlib', 'python', 'pandas']","['data science', 'sql', 'python', 'pandas']","['numpy', 'scikit-learn', 'data analysis', 'nlp', 'git', 'tensorflow', 'machine learning', 'pytorch', 'deep learning', 'data visualization', 'natural language processing']",4,21.071561002017013
8,ENGINEERING,8.415647756035394,"['sql', 'git', 'tensorflow', 'machine learning', 'matplotlib', 'python', 'pandas']","['sql', 'git', 'tensorflow', 'machine learning', 'python', 'pandas']","['numpy', 'scikit-learn', 'data analysis', 'nlp', 'pytorch', 'data science', 'deep learning', 'data visualization', 'natural language processing']",6,17.890953429224776
9,ARTS,25.44008241813605,[],[],"['numpy', 'scikit-learn', 'sql', 'data analysis', 'nlp', 'git', 'tensorflow', 'machine learning', 'pytorch', 'data science', 'deep learning', 'data visualization', 'natural language processing', 'python', 'pandas']",0,17.808057692695233
10,DIGITAL-MEDIA,14.076034425674386,"['git', 'sql', 'python']","['git', 'sql', 'python']","['numpy', 'scikit-learn', 'data analysis', 'nlp', 'tensorflow', 'machine learning', 'pytorch', 'data science', 'deep learning', 'data visualization', 'natural language processing', 'pandas']",3,15.85322409797207
11,DESIGNER,22.38358572087958,[],[],"['numpy', 'scikit-learn', 'sql', 'data analysis', 'nlp', 'git', 'tensorflow', 'machine learning', 'pytorch', 'data science', 'deep learning', 'data visualization', 'natural language processing', 'python', 'pandas']",0,15.668510004615705
12,INFORMATION-TECHNOLOGY,13.179752790118323,"['sql', 'python', 'data analysis']","['sql', 'python', 'data analysis']","['numpy', 'scikit-learn', 'nlp', 'git', 'tensorflow', 'machine learning', 'pytorch', 'data science', 'deep learning', 'data visualization', 'natural language processing', 'pandas']",3,15.225826953082827
13,AVIATION,9.810344320255208,"['git', 'natural language processing', 'sql', 'python']","['git', 'natural language processing', 'sql', 'python']","['numpy', 'scikit-learn', 'data analysis', 'nlp', 'tensorflow', 'machine learning', 'pytorch', 'data science', 'deep learning', 'data visualization', 'pandas']",4,14.867241024178645
14,SALES,15.498618501756688,"['machine learning', 'data analysis']","['machine learning', 'data analysis']","['numpy', 'scikit-learn', 'sql', 'nlp', 'git', 'tensorflow', 'pytorch', 'data science', 'deep learning', 'data visualization', 'natural language processing', 'python', 'pandas']",2,14.849032951229681
15,ENGINEERING,12.428225761533962,"['machine learning', 'git', 'tensorflow']","['machine learning', 'git', 'tensorflow']","['numpy', 'scikit-learn', 'sql', 'data analysis', 'nlp', 'pytorch', 'data science', 'deep learning', 'data visualization', 'natural language processing', 'python', 'pandas']",3,14.699758033073772
16,TEACHER,17.15863921122012,['git'],['git'],"['numpy', 'scikit-learn', 'sql', 'data analysis', 'nlp', 'tensorflow', 'machine learning', 'pytorch', 'data science', 'deep learning', 'data visualization', 'natural language processing', 'python', 'pandas']",1,14.011047447854082
17,TEACHER,15.637276814428686,['git'],['git'],"['numpy', 'scikit-learn', 'sql', 'data analysis', 'nlp', 'tensorflow', 'machine learning', 'pytorch', 'data science', 'deep learning', 'data visualization', 'natural language processing', 'python', 'pandas']",1,12.94609377010008
18,DESIGNER,9.503918748955316,"['git', 'sql', 'data analysis']","['git', 'sql', 'data analysis']","['numpy', 'scikit-learn', 'nlp', 'tensorflow', 'machine learning', 'pytorch', 'data science', 'deep learning', 'data visualization', 'natural language processing', 'python', 'pandas']",3,12.65274312426872
19,DESIGNER,6.496761508402448,"['data visualization', 'git', 'sql', 'data analysis']","['data visualization', 'git', 'sql', 'data analysis']","['numpy', 'scikit-learn', 'nlp', 'tensorflow', 'machine learning', 'pytorch', 'data science', 'deep learning', 'natural language processing', 'python', 'pandas']",4,12.547733055881714
20,ENGINEERING,9.064467790369743,"['git', 'sql', 'python']","['git', 'sql', 'python']","['numpy', 'scikit-learn', 'data analysis', 'nlp', 'tensorflow', 'machine learning', 'pytorch', 'data science', 'deep learning', 'data visualization', 'natural language processing', 'pandas']",3,12.34512745325882
21,DIGITAL-MEDIA,8.665498810781854,"['data visualization', 'git', 'sql']","['data visualization', 'git', 'sql']","['numpy', 'scikit-learn', 'data analysis', 'nlp', 'tensorflow', 'machine learning', 'pytorch', 'data science', 'deep learning', 'natural language processing', 'python', 'pandas']",3,12.065849167547297
22,INFORMATION-TECHNOLOGY,11.113452490066535,"['sql', 'python']","['sql', 'python']","['numpy', 'scikit-learn', 'data analysis', 'nlp', 'git', 'tensorflow', 'machine learning', 'pytorch', 'data science', 'deep learning', 'data visualization', 'natural language processing', 'pandas']",2,11.779416743046575
23,ENGINEERING,8.166176898949683,"['git', 'sql', 'python']","['git', 'sql', 'python']","['numpy', 'scikit-learn', 'data analysis', 'nlp', 'tensorflow', 'machine learning', 'pytorch', 'data science', 'deep learning', 'data visualization', 'natural language processing', 'pandas']",3,11.716323829264777
24,ENGINEERING,10.89257161642866,"['sql', 'data analysis']","['sql', 'data analysis']","['numpy', 'scikit-learn', 'nlp', 'git', 'tensorflow', 'machine learning', 'pytorch', 'data science', 'deep learning', 'data visualization', 'natural language processing', 'python', 'pandas']",2,11.624800131500061
25,TEACHER,16.591099133121556,[],[],"['numpy', 'scikit-learn', 'sql', 'data analysis', 'nlp', 'git', 'tensorflow', 'machine learning', 'pytorch', 'data science', 'deep learning', 'data visualization', 'natural language processing', 'python', 'pandas']",0,11.61376939318509
26,INFORMATION-TECHNOLOGY,7.933317893131687,"['git', 'sql', 'python']","['git', 'sql', 'python']","['numpy', 'scikit-learn', 'data analysis', 'nlp', 'tensorflow', 'machine learning', 'pytorch', 'data science', 'deep learning', 'data visualization', 'natural language processing', 'pandas']",3,11.55332252519218
27,BANKING,4.960010314136332,"['nlp', 'git', 'sql', 'deep learning']","['nlp', 'git', 'sql', 'deep learning']","['numpy', 'scikit-learn', 'data analysis', 'tensorflow', 'machine learning', 'pytorch', 'data science', 'data visualization', 'natural language processing', 'python', 'pandas']",4,11.472007219895431
28,BUSINESS-DEVELOPMENT,10.544824833602522,"['sql', 'python']","['sql', 'python']","['numpy', 'scikit-learn', 'data analysis', 'nlp', 'git', 'tensorflow', 'machine learning', 'pytorch', 'data science', 'deep learning', 'data visualization', 'natural language processing', 'pandas']",2,11.381377383521766
29,ENGINEERING,9.857759212783188,"['sql', 'python']","['sql', 'python']","['numpy', 'scikit-learn', 'data analysis', 'nlp', 'git', 'tensorflow', 'machine learning', 'pytorch', 'data science', 'deep learning', 'data visualization', 'natural language processing', 'pandas']",2,10.900431448948233
30,CONSULTANT,6.972115892467129,"['git', 'sql', 'python']","['git', 'sql', 'python']","['numpy', 'scikit-learn', 'data analysis', 'nlp', 'tensorflow', 'machine learning', 'pytorch', 'data science', 'deep learning', 'data visualization', 'natural language processing', 'pandas']",3,10.880481124726991
31,ARTS,12.468128629239288,['data analysis'],['data analysis'],"['numpy', 'scikit-learn', 'sql', 'nlp', 'git', 'tensorflow', 'machine learning', 'pytorch', 'data science', 'deep learning', 'data visualization', 'natural language processing', 'python', 'pandas']",1,10.7276900404675
32,BANKING,9.444625656983401,"['sql', 'data analysis']","['sql', 'data analysis']","['numpy', 'scikit-learn', 'nlp', 'git', 'tensorflow', 'machine learning', 'pytorch', 'data science', 'deep learning', 'data visualization', 'natural language processing', 'python', 'pandas']",2,10.611237959888381
33,BUSINESS-DEVELOPMENT,9.435202688794952,"['data science', 'python']","['data science', 'python']","['numpy', 'scikit-learn', 'sql', 'data analysis', 'nlp', 'git', 'tensorflow', 'machine learning', 'pytorch', 'deep learning', 'data visualization', 'natural language processing', 'pandas']",2,10.604641882156466
34,SALES,12.217147315949347,['sql'],['sql'],"['numpy', 'scikit-learn', 'data analysis', 'nlp', 'git', 'tensorflow', 'machine learning', 'pytorch', 'data science', 'deep learning', 'data visualization', 'natural language processing', 'python', 'pandas']",1,10.552003121164542
35,TEACHER,14.955228836273948,[],[],"['numpy', 'scikit-learn', 'sql', 'data analysis', 'nlp', 'git', 'tensorflow', 'machine learning', 'pytorch', 'data science', 'deep learning', 'data visualization', 'natural language processing', 'python', 'pandas']",0,10.468660185391762
36,DESIGNER,11.976123024184721,['data analysis'],['data analysis'],"['numpy', 'scikit-learn', 'sql', 'nlp', 'git', 'tensorflow', 'machine learning', 'pytorch', 'data science', 'deep learning', 'data visualization', 'natural language processing', 'python', 'pandas']",1,10.383286116929304
37,DIGITAL-MEDIA,8.997088979719393,"['machine learning', 'git']","['machine learning', 'git']","['numpy', 'scikit-learn', 'sql', 'data analysis', 'nlp', 'tensorflow', 'pytorch', 'data science', 'deep learning', 'data visualization', 'natural language processing', 'python', 'pandas']",2,10.297962285803575
38,APPAREL,6.016701617416518,"['git', 'sql', 'data analysis']","['git', 'sql', 'data analysis']","['numpy', 'scikit-learn', 'nlp', 'tensorflow', 'machine learning', 'pytorch', 'data science', 'deep learning', 'data visualization', 'natural language processing', 'python', 'pandas']",3,10.211691132191563
39,AVIATION,6.010209197850287,"['git', 'sql', 'data analysis']","['git', 'sql', 'data analysis']","['numpy', 'scikit-learn', 'nlp', 'tensorflow', 'machine learning', 'pytorch', 'data science', 'deep learning', 'data visualization', 'natural language processing', 'python', 'pandas']",3,10.2071464384952
40,CONSULTANT,8.787496246412474,"['git', 'sql']","['git', 'sql']","['numpy', 'scikit-learn', 'data analysis', 'nlp', 'tensorflow', 'machine learning', 'pytorch', 'data science', 'deep learning', 'data visualization', 'natural language processing', 'python', 'pandas']",2,10.151247372488731
41,ARTS,11.50676415227306,['data analysis'],['data analysis'],"['numpy', 'scikit-learn', 'sql', 'nlp', 'git', 'tensorflow', 'machine learning', 'pytorch', 'data science', 'deep learning', 'data visualization', 'natural language processing', 'python', 'pandas']",1,10.054734906591142
42,INFORMATION-TECHNOLOGY,11.476340658610045,['data analysis'],['data analysis'],"['numpy', 'scikit-learn', 'sql', 'nlp', 'git', 'tensorflow', 'machine learning', 'pytorch', 'data science', 'deep learning', 'data visualization', 'natural language processing', 'python', 'pandas']",1,10.033438461027032
43,ENGINEERING,11.346951851989683,['machine learning'],['machine learning'],"['numpy', 'scikit-learn', 'sql', 'data analysis', 'nlp', 'git', 'tensorflow', 'pytorch', 'data science', 'deep learning', 'data visualization', 'natural language processing', 'python', 'pandas']",1,9.942866296392777
44,CONSULTANT,11.267948005630764,['sql'],['sql'],"['numpy', 'scikit-learn', 'data analysis', 'nlp', 'git', 'tensorflow', 'machine learning', 'pytorch', 'data science', 'deep learning', 'data visualization', 'natural language processing', 'python', 'pandas']",1,9.887563603941533
45,DESIGNER,5.380227207433727,"['git', 'python', 'data analysis']","['git', 'python', 'data analysis']","['numpy', 'scikit-learn', 'sql', 'nlp', 'tensorflow', 'machine learning', 'pytorch', 'data science', 'deep learning', 'data visualization', 'natural language processing', 'pandas']",3,9.766159045203608
46,TEACHER,13.807800640124462,[],[],"['numpy', 'scikit-learn', 'sql', 'data analysis', 'nlp', 'git', 'tensorflow', 'machine learning', 'pytorch', 'data science', 'deep learning', 'data visualization', 'natural language processing', 'python', 'pandas']",0,9.665460448087122
47,CONSULTANT,8.087775707238501,"['machine learning', 'sql']","['machine learning', 'sql']","['numpy', 'scikit-learn', 'data analysis', 'nlp', 'git', 'tensorflow', 'pytorch', 'data science', 'deep learning', 'data visualization', 'natural language processing', 'python', 'pandas']",2,9.66144299506695
48,DESIGNER,10.827037453993768,['sql'],['sql'],"['numpy', 'scikit-learn', 'data analysis', 'nlp', 'git', 'tensorflow', 'machine learning', 'pytorch', 'data science', 'deep learning', 'data visualization', 'natural language processing', 'python', 'pandas']",1,9.578926217795637
49,CONSULTANT,4.945351857174008,"['git', 'sql', 'python']","['git', 'sql', 'python']","['numpy', 'scikit-learn', 'data analysis', 'nlp', 'tensorflow', 'machine learning', 'pytorch', 'data science', 'deep learning', 'data visualization', 'natural language processing', 'pandas']",3,9.461746300021805
50,FITNESS,7.78120115075419,"['sql', 'python']","['sql', 'python']","['numpy', 'scikit-learn', 'data analysis', 'nlp', 'git', 'tensorflow', 'machine learning', 'pytorch', 'data science', 'deep learning', 'data visualization', 'natural language processing', 'pandas']",2,9.446840805527932
51,INFORMATION-TECHNOLOGY,7.5563246894889,"['python', 'data analysis']","['python', 'data analysis']","['numpy', 'scikit-learn', 'sql', 'nlp', 'git', 'tensorflow', 'machine learning', 'pytorch', 'data science', 'deep learning', 'data visualization', 'natural language processing', 'pandas']",2,9.28942728264223
52,AVIATION,7.55178076942221,"['sql', 'python']","['sql', 'python']","['numpy', 'scikit-learn', 'data analysis', 'nlp', 'git', 'tensorflow', 'machine learning', 'pytorch', 'data science', 'deep learning', 'data visualization', 'natural language processing', 'pandas']",2,9.286246538595547
53,ENGINEERING,4.69397614982854,"['git', 'sql', 'python']","['git', 'sql', 'python']","['numpy', 'scikit-learn', 'data analysis', 'nlp', 'tensorflow', 'machine learning', 'pytorch', 'data science', 'deep learning', 'data visualization', 'natural language processing', 'pandas']",3,9.285783304879978
54,DESIGNER,13.26295246164487,[],[],"['numpy', 'scikit-learn', 'sql', 'data analysis', 'nlp', 'git', 'tensorflow', 'machine learning', 'pytorch', 'data science', 'deep learning', 'data visualization', 'natural language processing', 'python', 'pandas']",0,9.284066723151408
55,ENGINEERING,7.453508360646517,"['python', 'data analysis']","['python', 'data analysis']","['numpy', 'scikit-learn', 'sql', 'nlp', 'git', 'tensorflow', 'machine learning', 'pytorch', 'data science', 'deep learning', 'data visualization', 'natural language processing', 'pandas']",2,9.217455852452563
56,HEALTHCARE,4.500099676633895,"['data visualization', 'sql', 'data analysis']","['data visualization', 'sql', 'data analysis']","['numpy', 'scikit-learn', 'nlp', 'git', 'tensorflow', 'machine learning', 'pytorch', 'data science', 'deep learning', 'natural language processing', 'python', 'pandas']",3,9.150069773643727
57,INFORMATION-TECHNOLOGY,7.149035749422847,"['sql', 'data analysis']","['sql', 'data analysis']","['numpy', 'scikit-learn', 'nlp', 'git', 'tensorflow', 'machine learning', 'pytorch', 'data science', 'deep learning', 'data visualization', 'natural language processing', 'python', 'pandas']",2,9.004325024595992
58,BANKING,7.123710958879864,"['sql', 'data analysis']","['sql', 'data analysis']","['numpy', 'scikit-learn', 'nlp', 'git', 'tensorflow', 'machine learning', 'pytorch', 'data science', 'deep learning', 'data visualization', 'natural language processing', 'python', 'pandas']",2,8.986597671215904
59,ADVOCATE,7.025636520050482,"['sql', 'data analysis']","['sql', 'data analysis']","['numpy', 'scikit-learn', 'nlp', 'git', 'tensorflow', 'machine learning', 'pytorch', 'data science', 'deep learning', 'data visualization', 'natural language processing', 'python', 'pandas']",2,8.917945564035337
60,ENGINEERING,4.167764884420496,"['data science', 'sql', 'python']","['data science', 'sql', 'python']","['numpy', 'scikit-learn', 'data analysis', 'nlp', 'git', 'tensorflow', 'machine learning', 'pytorch', 'deep learning', 'data visualization', 'natural language processing', 'pandas']",3,8.917435419094346
61,AVIATION,7.000155059838073,"['git', 'data analysis']","['git', 'data analysis']","['numpy', 'scikit-learn', 'sql', 'nlp', 'tensorflow', 'machine learning', 'pytorch', 'data science', 'deep learning', 'data visualization', 'natural language processing', 'python', 'pandas']",2,8.90010854188665
62,INFORMATION-TECHNOLOGY,9.680264208766397,['sql'],['sql'],"['numpy', 'scikit-learn', 'data analysis', 'nlp', 'git', 'tensorflow', 'machine learning', 'pytorch', 'data science', 'deep learning', 'data visualization', 'natural language processing', 'python', 'pandas']",1,8.776184946136478
63,HEALTHCARE,6.813050305459267,"['sql', 'data analysis']","['sql', 'data analysis']","['numpy', 'scikit-learn', 'nlp', 'git', 'tensorflow', 'machine learning', 'pytorch', 'data science', 'deep learning', 'data visualization', 'natural language processing', 'python', 'pandas']",2,8.769135213821487
64,ENGINEERING,6.785804762266906,"['git', 'python']","['git', 'python']","['numpy', 'scikit-learn', 'sql', 'data analysis', 'nlp', 'tensorflow', 'machine learning', 'pytorch', 'data science', 'deep learning', 'data visualization', 'natural language processing', 'pandas']",2,8.750063333586834
65,ENGINEERING,9.615307625205013,['python'],['python'],"['numpy', 'scikit-learn', 'sql', 'data analysis', 'nlp', 'git', 'tensorflow', 'machine learning', 'pytorch', 'data science', 'deep learning', 'data visualization', 'natural language processing', 'pandas']",1,8.73071533764351
66,DIGITAL-MEDIA,3.898487815401536,"['data visualization', 'git', 'sql']","['data visualization', 'git', 'sql']","['numpy', 'scikit-learn', 'data analysis', 'nlp', 'tensorflow', 'machine learning', 'pytorch', 'data science', 'deep learning', 'natural language processing', 'python', 'pandas']",3,8.728941470781075
67,INFORMATION-TECHNOLOGY,3.884853131896836,"['git', 'sql', 'data analysis']","['git', 'sql', 'data analysis']","['numpy', 'scikit-learn', 'nlp', 'tensorflow', 'machine learning', 'pytorch', 'data science', 'deep learning', 'data visualization', 'natural language processing', 'python', 'pandas']",3,8.719397192327785
68,BUSINESS-DEVELOPMENT,6.724690012816778,"['sql', 'python']","['sql', 'python']","['numpy', 'scikit-learn', 'data analysis', 'nlp', 'git', 'tensorflow', 'machine learning', 'pytorch', 'data science', 'deep learning', 'data visualization', 'natural language processing', 'pandas']",2,8.707283008971743
69,TEACHER,12.297180722202052,[],[],"['numpy', 'scikit-learn', 'sql', 'data analysis', 'nlp', 'git', 'tensorflow', 'machine learning', 'pytorch', 'data science', 'deep learning', 'data visualization', 'natural language processing', 'python', 'pandas']",0,8.608026505541435
70,BUSINESS-DEVELOPMENT,3.6618018767035116,"['git', 'data science', 'sql']","['git', 'data science', 'sql']","['numpy', 'scikit-learn', 'data analysis', 'nlp', 'tensorflow', 'machine learning', 'pytorch', 'deep learning', 'data visualization', 'natural language processing', 'python', 'pandas']",3,8.563261313692458
71,ENGINEERING,6.489125361025949,"['sql', 'data analysis']","['sql', 'data analysis']","['numpy', 'scikit-learn', 'nlp', 'git', 'tensorflow', 'machine learning', 'pytorch', 'data science', 'deep learning', 'data visualization', 'natural language processing', 'python', 'pandas']",2,8.542387752718163
72,INFORMATION-TECHNOLOGY,9.342101808176531,['python'],['python'],"['numpy', 'scikit-learn', 'sql', 'data analysis', 'nlp', 'git', 'tensorflow', 'machine learning', 'pytorch', 'data science', 'deep learning', 'data visualization', 'natural language processing', 'pandas']",1,8.539471265723572
73,INFORMATION-TECHNOLOGY,6.394356292562967,"['git', 'sql']","['git', 'sql']","['numpy', 'scikit-learn', 'data analysis', 'nlp', 'tensorflow', 'machine learning', 'pytorch', 'data science', 'deep learning', 'data visualization', 'natural language processing', 'python', 'pandas']",2,8.476049404794075
74,AGRICULTURE,6.253114374841153,"['git', 'data analysis']","['git', 'data analysis']","['numpy', 'scikit-learn', 'sql', 'nlp', 'tensorflow', 'machine learning', 'pytorch', 'data science', 'deep learning', 'data visualization', 'natural language processing', 'python', 'pandas']",2,8.377180062388806
75,DESIGNER,11.964809141063698,[],[],"['numpy', 'scikit-learn', 'sql', 'data analysis', 'nlp', 'git', 'tensorflow', 'machine learning', 'pytorch', 'data science', 'deep learning', 'data visualization', 'natural language processing', 'python', 'pandas']",0,8.375366398744589
76,ARTS,9.097179454709757,['git'],['git'],"['numpy', 'scikit-learn', 'sql', 'data analysis', 'nlp', 'tensorflow', 'machine learning', 'pytorch', 'data science', 'deep learning', 'data visualization', 'natural language processing', 'python', 'pandas']",1,8.36802561829683
77,CONSULTANT,6.233818497183153,"['git', 'sql']","['git', 'sql']","['numpy', 'scikit-learn', 'data analysis', 'nlp', 'tensorflow', 'machine learning', 'pytorch', 'data science', 'deep learning', 'data visualization', 'natural language processing', 'python', 'pandas']",2,8.363672948028206
78,ARTS,11.942820239879586,[],[],"['numpy', 'scikit-learn', 'sql', 'data analysis', 'nlp', 'git', 'tensorflow', 'machine learning', 'pytorch', 'data science', 'deep learning', 'data visualization', 'natural language processing', 'python', 'pandas']",0,8.35997416791571
79,BANKING,6.164272310414938,"['python', 'data analysis']","['python', 'data analysis']","['numpy', 'scikit-learn', 'sql', 'nlp', 'git', 'tensorflow', 'machine learning', 'pytorch', 'data science', 'deep learning', 'data visualization', 'natural language processing', 'pandas']",2,8.314990617290455
80,CONSULTANT,9.016574081525649,['sql'],['sql'],"['numpy', 'scikit-learn', 'data analysis', 'nlp', 'git', 'tensorflow', 'machine learning', 'pytorch', 'data science', 'deep learning', 'data visualization', 'natural language processing', 'python', 'pandas']",1,8.311601857067954
81,INFORMATION-TECHNOLOGY,6.159214793116184,"['git', 'sql']","['git', 'sql']","['numpy', 'scikit-learn', 'data analysis', 'nlp', 'tensorflow', 'machine learning', 'pytorch', 'data science', 'deep learning', 'data visualization', 'natural language processing', 'python', 'pandas']",2,8.311450355181329
82,ENGINEERING,6.104649257621309,"['git', 'sql']","['git', 'sql']","['numpy', 'scikit-learn', 'data analysis', 'nlp', 'tensorflow', 'machine learning', 'pytorch', 'data science', 'deep learning', 'data visualization', 'natural language processing', 'python', 'pandas']",2,8.273254480334916
83,HEALTHCARE,8.766815321504247,['git'],['git'],"['numpy', 'scikit-learn', 'sql', 'data analysis', 'nlp', 'tensorflow', 'machine learning', 'pytorch', 'data science', 'deep learning', 'data visualization', 'natural language processing', 'python', 'pandas']",1,8.136770725052973
84,TEACHER,11.601201894130208,[],[],"['numpy', 'scikit-learn', 'sql', 'data analysis', 'nlp', 'git', 'tensorflow', 'machine learning', 'pytorch', 'data science', 'deep learning', 'data visualization', 'natural language processing', 'python', 'pandas']",0,8.120841325891146
85,DESIGNER,5.794089723757759,"['sql', 'python']","['sql', 'python']","['numpy', 'scikit-learn', 'data analysis', 'nlp', 'git', 'tensorflow', 'machine learning', 'pytorch', 'data science', 'deep learning', 'data visualization', 'natural language processing', 'pandas']",2,8.055862806630431
86,ARTS,11.474464823140275,[],[],"['numpy', 'scikit-learn', 'sql', 'data analysis', 'nlp', 'git', 'tensorflow', 'machine learning', 'pytorch', 'data science', 'deep learning', 'data visualization', 'natural language processing', 'python', 'pandas']",0,8.032125376198191
87,ARTS,8.573409349816954,['data analysis'],['data analysis'],"['numpy', 'scikit-learn', 'sql', 'nlp', 'git', 'tensorflow', 'machine learning', 'pytorch', 'data science', 'deep learning', 'data visualization', 'natural language processing', 'python', 'pandas']",1,8.001386544871867
88,TEACHER,11.41377533681437,[],[],"['numpy', 'scikit-learn', 'sql', 'data analysis', 'nlp', 'git', 'tensorflow', 'machine learning', 'pytorch', 'data science', 'deep learning', 'data visualization', 'natural language processing', 'python', 'pandas']",0,7.989642735770058
89,CONSULTANT,2.8211737566853463,"['git', 'sql', 'data analysis']","['git', 'sql', 'data analysis']","['numpy', 'scikit-learn', 'nlp', 'tensorflow', 'machine learning', 'pytorch', 'data science', 'deep learning', 'data visualization', 'natural language processing', 'python', 'pandas']",3,7.9748216296797425
90,TEACHER,11.323221469538897,[],[],"['numpy', 'scikit-learn', 'sql', 'data analysis', 'nlp', 'git', 'tensorflow', 'machine learning', 'pytorch', 'data science', 'deep learning', 'data visualization', 'natural language processing', 'python', 'pandas']",0,7.926255028677227
91,INFORMATION-TECHNOLOGY,5.458756017864152,"['git', 'sql']","['git', 'sql']","['numpy', 'scikit-learn', 'data analysis', 'nlp', 'tensorflow', 'machine learning', 'pytorch', 'data science', 'deep learning', 'data visualization', 'natural language processing', 'python', 'pandas']",2,7.821129212504906
92,INFORMATION-TECHNOLOGY,5.386057517777297,"['git', 'sql']","['git', 'sql']","['numpy', 'scikit-learn', 'data analysis', 'nlp', 'tensorflow', 'machine learning', 'pytorch', 'data science', 'deep learning', 'data visualization', 'natural language processing', 'python', 'pandas']",2,7.770240262444108
93,TEACHER,8.1353445868007,['git'],['git'],"['numpy', 'scikit-learn', 'sql', 'data analysis', 'nlp', 'tensorflow', 'machine learning', 'pytorch', 'data science', 'deep learning', 'data visualization', 'natural language processing', 'python', 'pandas']",1,7.69474121076049
94,INFORMATION-TECHNOLOGY,5.21131230605993,"['git', 'sql']","['git', 'sql']","['numpy', 'scikit-learn', 'data analysis', 'nlp', 'tensorflow', 'machine learning', 'pytorch', 'data science', 'deep learning', 'data visualization', 'natural language processing', 'python', 'pandas']",2,7.64791861424195
95,BPO,8.040339794075498,['sql'],['sql'],"['numpy', 'scikit-learn', 'data analysis', 'nlp', 'git', 'tensorflow', 'machine learning', 'pytorch', 'data science', 'deep learning', 'data visualization', 'natural language processing', 'python', 'pandas']",1,7.6282378558528485
96,ENGINEERING,7.981170286856115,['machine learning'],['machine learning'],"['numpy', 'scikit-learn', 'sql', 'data analysis', 'nlp', 'git', 'tensorflow', 'pytorch', 'data science', 'deep learning', 'data visualization', 'natural language processing', 'python', 'pandas']",1,7.5868192007992805
97,AVIATION,5.097042091961741,"['git', 'python']","['git', 'python']","['numpy', 'scikit-learn', 'sql', 'data analysis', 'nlp', 'tensorflow', 'machine learning', 'pytorch', 'data science', 'deep learning', 'data visualization', 'natural language processing', 'pandas']",2,7.5679294643732185
98,PUBLIC-RELATIONS,10.769157372455682,[],[],"['numpy', 'scikit-learn', 'sql', 'data analysis', 'nlp', 'git', 'tensorflow', 'machine learning', 'pytorch', 'data science', 'deep learning', 'data visualization', 'natural language processing', 'python', 'pandas']",0,7.538410160718977
99,ARTS,10.707502954252906,[],[],"['numpy', 'scikit-learn', 'sql', 'data analysis', 'nlp', 'git', 'tensorflow', 'machine learning', 'pytorch', 'data science', 'deep learning', 'data visualization', 'natural language processing', 'python', 'pandas']",0,7.495252067977034
100,INFORMATION-TECHNOLOGY,7.80990221860864,['data analysis'],['data analysis'],"['numpy', 'scikit-learn', 'sql', 'nlp', 'git', 'tensorflow', 'machine learning', 'pytorch', 'data science', 'deep learning', 'data visualization', 'natural language processing', 'python', 'pandas']",1,7.466931553026048
101,FINANCE,4.81010604549678,"['sql', 'data analysis']","['sql', 'data analysis']","['numpy', 'scikit-learn', 'nlp', 'git', 'tensorflow', 'machine learning', 'pytorch', 'data science', 'deep learning', 'data visualization', 'natural language processing', 'python', 'pandas']",2,7.367074231847745
102,CONSULTANT,4.801857870811613,"['sql', 'python']","['sql', 'python']","['numpy', 'scikit-learn', 'data analysis', 'nlp', 'git', 'tensorflow', 'machine learning', 'pytorch', 'data science', 'deep learning', 'data visualization', 'natural language processing', 'pandas']",2,7.361300509568129
103,ARTS,10.436271983419656,[],[],"['numpy', 'scikit-learn', 'sql', 'data analysis', 'nlp', 'git', 'tensorflow', 'machine learning', 'pytorch', 'data science', 'deep learning', 'data visualization', 'natural language processing', 'python', 'pandas']",0,7.305390388393759
104,DIGITAL-MEDIA,1.7700328098511793,"['data visualization', 'git', 'data analysis']","['data visualization', 'git', 'data analysis']","['numpy', 'scikit-learn', 'sql', 'nlp', 'tensorflow', 'machine learning', 'pytorch', 'data science', 'deep learning', 'natural language processing', 'python', 'pandas']",3,7.239022966895826
105,ADVOCATE,4.612323339424025,"['git', 'sql']","['git', 'sql']","['numpy', 'scikit-learn', 'data analysis', 'nlp', 'tensorflow', 'machine learning', 'pytorch', 'data science', 'deep learning', 'data visualization', 'natural language processing', 'python', 'pandas']",2,7.228626337596817
106,AGRICULTURE,10.321828573043831,[],[],"['numpy', 'scikit-learn', 'sql', 'data analysis', 'nlp', 'git', 'tensorflow', 'machine learning', 'pytorch', 'data science', 'deep learning', 'data visualization', 'natural language processing', 'python', 'pandas']",0,7.225280001130681
107,DESIGNER,10.320375277943455,[],[],"['numpy', 'scikit-learn', 'sql', 'data analysis', 'nlp', 'git', 'tensorflow', 'machine learning', 'pytorch', 'data science', 'deep learning', 'data visualization', 'natural language processing', 'python', 'pandas']",0,7.2242626945604185
108,HEALTHCARE,7.4475842797690675,['git'],['git'],"['numpy', 'scikit-learn', 'sql', 'data analysis', 'nlp', 'tensorflow', 'machine learning', 'pytorch', 'data science', 'deep learning', 'data visualization', 'natural language processing', 'python', 'pandas']",1,7.2133089958383465
109,DESIGNER,4.548537905287301,"['git', 'sql']","['git', 'sql']","['numpy', 'scikit-learn', 'data analysis', 'nlp', 'tensorflow', 'machine learning', 'pytorch', 'data science', 'deep learning', 'data visualization', 'natural language processing', 'python', 'pandas']",2,7.18397653370111
110,INFORMATION-TECHNOLOGY,4.533571942353452,"['sql', 'data analysis']","['sql', 'data analysis']","['numpy', 'scikit-learn', 'nlp', 'git', 'tensorflow', 'machine learning', 'pytorch', 'data science', 'deep learning', 'data visualization', 'natural language processing', 'python', 'pandas']",2,7.1735003596474165
111,DESIGNER,7.311361068841879,['git'],['git'],"['numpy', 'scikit-learn', 'sql', 'data analysis', 'nlp', 'tensorflow', 'machine learning', 'pytorch', 'data science', 'deep learning', 'data visualization', 'natural language processing', 'python', 'pandas']",1,7.117952748189315
112,INFORMATION-TECHNOLOGY,7.2560051541909,['sql'],['sql'],"['numpy', 'scikit-learn', 'data analysis', 'nlp', 'git', 'tensorflow', 'machine learning', 'pytorch', 'data science', 'deep learning', 'data visualization', 'natural language processing', 'python', 'pandas']",1,7.079203607933629
113,ARTS,10.055056310386925,[],[],"['numpy', 'scikit-learn', 'sql', 'data analysis', 'nlp', 'git', 'tensorflow', 'machine learning', 'pytorch', 'data science', 'deep learning', 'data visualization', 'natural language processing', 'python', 'pandas']",0,7.038539417270847
114,INFORMATION-TECHNOLOGY,7.159913946446301,['sql'],['sql'],"['numpy', 'scikit-learn', 'data analysis', 'nlp', 'git', 'tensorflow', 'machine learning', 'pytorch', 'data science', 'deep learning', 'data visualization', 'natural language processing', 'python', 'pandas']",1,7.0119397625124105
115,ACCOUNTANT,9.98851232125121,[],[],"['numpy', 'scikit-learn', 'sql', 'data analysis', 'nlp', 'git', 'tensorflow', 'machine learning', 'pytorch', 'data science', 'deep learning', 'data visualization', 'natural language processing', 'python', 'pandas']",0,6.991958624875847
116,INFORMATION-TECHNOLOGY,4.250601992565489,"['sql', 'python']","['sql', 'python']","['numpy', 'scikit-learn', 'data analysis', 'nlp', 'git', 'tensorflow', 'machine learning', 'pytorch', 'data science', 'deep learning', 'data visualization', 'natural language processing', 'pandas']",2,6.975421394795842
117,DESIGNER,4.248045441134573,"['git', 'sql']","['git', 'sql']","['numpy', 'scikit-learn', 'data analysis', 'nlp', 'tensorflow', 'machine learning', 'pytorch', 'data science', 'deep learning', 'data visualization', 'natural language processing', 'python', 'pandas']",2,6.973631808794201
118,HR,7.096716068731242,['git'],['git'],"['numpy', 'scikit-learn', 'sql', 'data analysis', 'nlp', 'tensorflow', 'machine learning', 'pytorch', 'data science', 'deep learning', 'data visualization', 'natural language processing', 'python', 'pandas']",1,6.967701248111869
119,INFORMATION-TECHNOLOGY,4.220983501030036,"['git', 'sql']","['git', 'sql']","['numpy', 'scikit-learn', 'data analysis', 'nlp', 'tensorflow', 'machine learning', 'pytorch', 'data science', 'deep learning', 'data visualization', 'natural language processing', 'python', 'pandas']",2,6.954688450721025
120,AGRICULTURE,9.904932051280484,[],[],"['numpy', 'scikit-learn', 'sql', 'data analysis', 'nlp', 'git', 'tensorflow', 'machine learning', 'pytorch', 'data science', 'deep learning', 'data visualization', 'natural language processing', 'python', 'pandas']",0,6.9334524358963385
121,CONSULTANT,4.167033308587147,"['sql', 'data analysis']","['sql', 'data analysis']","['numpy', 'scikit-learn', 'nlp', 'git', 'tensorflow', 'machine learning', 'pytorch', 'data science', 'deep learning', 'data visualization', 'natural language processing', 'python', 'pandas']",2,6.916923316011003
122,PUBLIC-RELATIONS,4.1309795083706,"['git', 'sql']","['git', 'sql']","['numpy', 'scikit-learn', 'data analysis', 'nlp', 'tensorflow', 'machine learning', 'pytorch', 'data science', 'deep learning', 'data visualization', 'natural language processing', 'python', 'pandas']",2,6.891685655859419
123,BUSINESS-DEVELOPMENT,9.821925166907718,[],[],"['numpy', 'scikit-learn', 'sql', 'data analysis', 'nlp', 'git', 'tensorflow', 'machine learning', 'pytorch', 'data science', 'deep learning', 'data visualization', 'natural language processing', 'python', 'pandas']",0,6.875347616835402
124,CHEF,6.9500003894594515,['data analysis'],['data analysis'],"['numpy', 'scikit-learn', 'sql', 'nlp', 'git', 'tensorflow', 'machine learning', 'pytorch', 'data science', 'deep learning', 'data visualization', 'natural language processing', 'python', 'pandas']",1,6.865000272621616
125,AVIATION,6.944552586490643,['git'],['git'],"['numpy', 'scikit-learn', 'sql', 'data analysis', 'nlp', 'tensorflow', 'machine learning', 'pytorch', 'data science', 'deep learning', 'data visualization', 'natural language processing', 'python', 'pandas']",1,6.86118681054345
126,INFORMATION-TECHNOLOGY,6.925314922421297,['sql'],['sql'],"['numpy', 'scikit-learn', 'data analysis', 'nlp', 'git', 'tensorflow', 'machine learning', 'pytorch', 'data science', 'deep learning', 'data visualization', 'natural language processing', 'python', 'pandas']",1,6.8477204456949075
127,INFORMATION-TECHNOLOGY,6.881594765002314,['data analysis'],['data analysis'],"['numpy', 'scikit-learn', 'sql', 'nlp', 'git', 'tensorflow', 'machine learning', 'pytorch', 'data science', 'deep learning', 'data visualization', 'natural language processing', 'python', 'pandas']",1,6.817116335501619
128,AUTOMOBILE,6.847203390649681,['sql'],['sql'],"['numpy', 'scikit-learn', 'data analysis', 'nlp', 'git', 'tensorflow', 'machine learning', 'pytorch', 'data science', 'deep learning', 'data visualization', 'natural language processing', 'python', 'pandas']",1,6.793042373454776
129,ENGINEERING,6.832930490402722,['data analysis'],['data analysis'],"['numpy', 'scikit-learn', 'sql', 'nlp', 'git', 'tensorflow', 'machine learning', 'pytorch', 'data science', 'deep learning', 'data visualization', 'natural language processing', 'python', 'pandas']",1,6.7830513432819055
130,AVIATION,9.627606283725418,[],[],"['numpy', 'scikit-learn', 'sql', 'data analysis', 'nlp', 'git', 'tensorflow', 'machine learning', 'pytorch', 'data science', 'deep learning', 'data visualization', 'natural language processing', 'python', 'pandas']",0,6.739324398607793
131,DESIGNER,9.46276857941125,[],[],"['numpy', 'scikit-learn', 'sql', 'data analysis', 'nlp', 'git', 'tensorflow', 'machine learning', 'pytorch', 'data science', 'deep learning', 'data visualization', 'natural language processing', 'python', 'pandas']",0,6.623938005587875
132,APPAREL,9.461569474764664,[],[],"['numpy', 'scikit-learn', 'sql', 'data analysis', 'nlp', 'git', 'tensorflow', 'machine learning', 'pytorch', 'data science', 'deep learning', 'data visualization', 'natural language processing', 'python', 'pandas']",0,6.623098632335265
133,TEACHER,9.431283536907406,[],[],"['numpy', 'scikit-learn', 'sql', 'data analysis', 'nlp', 'git', 'tensorflow', 'machine learning', 'pytorch', 'data science', 'deep learning', 'data visualization', 'natural language processing', 'python', 'pandas']",0,6.601898475835184
134,DIGITAL-MEDIA,3.700615800891069,"['git', 'sql']","['git', 'sql']","['numpy', 'scikit-learn', 'data analysis', 'nlp', 'tensorflow', 'machine learning', 'pytorch', 'data science', 'deep learning', 'data visualization', 'natural language processing', 'python', 'pandas']",2,6.590431060623748
135,TEACHER,9.40593058708242,[],[],"['numpy', 'scikit-learn', 'sql', 'data analysis', 'nlp', 'git', 'tensorflow', 'machine learning', 'pytorch', 'data science', 'deep learning', 'data visualization', 'natural language processing', 'python', 'pandas']",0,6.584151410957693
136,ARTS,6.544756101372119,['data analysis'],['data analysis'],"['numpy', 'scikit-learn', 'sql', 'nlp', 'git', 'tensorflow', 'machine learning', 'pytorch', 'data science', 'deep learning', 'data visualization', 'natural language processing', 'python', 'pandas']",1,6.581329270960483
137,PUBLIC-RELATIONS,9.393229772981865,[],[],"['numpy', 'scikit-learn', 'sql', 'data analysis', 'nlp', 'git', 'tensorflow', 'machine learning', 'pytorch', 'data science', 'deep learning', 'data visualization', 'natural language processing', 'python', 'pandas']",0,6.575260841087305
138,INFORMATION-TECHNOLOGY,3.653523566341599,"['sql', 'data analysis']","['sql', 'data analysis']","['numpy', 'scikit-learn', 'nlp', 'git', 'tensorflow', 'machine learning', 'pytorch', 'data science', 'deep learning', 'data visualization', 'natural language processing', 'python', 'pandas']",2,6.557466496439119
139,BPO,3.6217376915662887,"['git', 'sql']","['git', 'sql']","['numpy', 'scikit-learn', 'data analysis', 'nlp', 'tensorflow', 'machine learning', 'pytorch', 'data science', 'deep learning', 'data visualization', 'natural language processing', 'python', 'pandas']",2,6.535216384096402
140,DESIGNER,3.597311706649437,"['sql', 'data analysis']","['sql', 'data analysis']","['numpy', 'scikit-learn', 'nlp', 'git', 'tensorflow', 'machine learning', 'pytorch', 'data science', 'deep learning', 'data visualization', 'natural language processing', 'python', 'pandas']",2,6.518118194654606
141,BUSINESS-DEVELOPMENT,3.5158669084946053,"['sql', 'data analysis']","['sql', 'data analysis']","['numpy', 'scikit-learn', 'nlp', 'git', 'tensorflow', 'machine learning', 'pytorch', 'data science', 'deep learning', 'data visualization', 'natural language processing', 'python', 'pandas']",2,6.461106835946223
142,AGRICULTURE,6.354217218831643,['git'],['git'],"['numpy', 'scikit-learn', 'sql', 'data analysis', 'nlp', 'tensorflow', 'machine learning', 'pytorch', 'data science', 'deep learning', 'data visualization', 'natural language processing', 'python', 'pandas']",1,6.447952053182149
143,PUBLIC-RELATIONS,3.474171021553643,"['machine learning', 'git']","['machine learning', 'git']","['numpy', 'scikit-learn', 'sql', 'data analysis', 'nlp', 'tensorflow', 'pytorch', 'data science', 'deep learning', 'data visualization', 'natural language processing', 'python', 'pandas']",2,6.43191971508755
144,TEACHER,9.141054605768732,[],[],"['numpy', 'scikit-learn', 'sql', 'data analysis', 'nlp', 'git', 'tensorflow', 'machine learning', 'pytorch', 'data science', 'deep learning', 'data visualization', 'natural language processing', 'python', 'pandas']",0,6.398738224038111
145,AUTOMOBILE,3.382553783853516,"['sql', 'data analysis']","['sql', 'data analysis']","['numpy', 'scikit-learn', 'nlp', 'git', 'tensorflow', 'machine learning', 'pytorch', 'data science', 'deep learning', 'data visualization', 'natural language processing', 'python', 'pandas']",2,6.367787648697461
146,INFORMATION-TECHNOLOGY,6.228009292273897,['sql'],['sql'],"['numpy', 'scikit-learn', 'data analysis', 'nlp', 'git', 'tensorflow', 'machine learning', 'pytorch', 'data science', 'deep learning', 'data visualization', 'natural language processing', 'python', 'pandas']",1,6.359606504591728
147,HEALTHCARE,6.214877196713195,['data analysis'],['data analysis'],"['numpy', 'scikit-learn', 'sql', 'nlp', 'git', 'tensorflow', 'machine learning', 'pytorch', 'data science', 'deep learning', 'data visualization', 'natural language processing', 'python', 'pandas']",1,6.3504140376992355
148,DIGITAL-MEDIA,3.160850904648672,"['git', 'sql']","['git', 'sql']","['numpy', 'scikit-learn', 'data analysis', 'nlp', 'tensorflow', 'machine learning', 'pytorch', 'data science', 'deep learning', 'data visualization', 'natural language processing', 'python', 'pandas']",2,6.21259563325407
149,ENGINEERING,3.105599234939499,"['data science', 'data analysis']","['data science', 'data analysis']","['numpy', 'scikit-learn', 'sql', 'nlp', 'git', 'tensorflow', 'machine learning', 'pytorch', 'deep learning', 'data visualization', 'natural language processing', 'python', 'pandas']",2,6.173919464457649
150,ENGINEERING,5.959467750191155,['sql'],['sql'],"['numpy', 'scikit-learn', 'data analysis', 'nlp', 'git', 'tensorflow', 'machine learning', 'pytorch', 'data science', 'deep learning', 'data visualization', 'natural language processing', 'python', 'pandas']",1,6.171627425133808
151,TEACHER,8.795958532875966,[],[],"['numpy', 'scikit-learn', 'sql', 'data analysis', 'nlp', 'git', 'tensorflow', 'machine learning', 'pytorch', 'data science', 'deep learning', 'data visualization', 'natural language processing', 'python', 'pandas']",0,6.157170973013176
152,INFORMATION-TECHNOLOGY,8.722798481722004,[],[],"['numpy', 'scikit-learn', 'sql', 'data analysis', 'nlp', 'git', 'tensorflow', 'machine learning', 'pytorch', 'data science', 'deep learning', 'data visualization', 'natural language processing', 'python', 'pandas']",0,6.105958937205402
153,CONSULTANT,3.0053964840624556,"['git', 'sql']","['git', 'sql']","['numpy', 'scikit-learn', 'data analysis', 'nlp', 'tensorflow', 'machine learning', 'pytorch', 'data science', 'deep learning', 'data visualization', 'natural language processing', 'python', 'pandas']",2,6.103777538843719
154,ARTS,8.684477249831993,[],[],"['numpy', 'scikit-learn', 'sql', 'data analysis', 'nlp', 'git', 'tensorflow', 'machine learning', 'pytorch', 'data science', 'deep learning', 'data visualization', 'natural language processing', 'python', 'pandas']",0,6.079134074882394
155,AGRICULTURE,5.817618837042607,['data analysis'],['data analysis'],"['numpy', 'scikit-learn', 'sql', 'nlp', 'git', 'tensorflow', 'machine learning', 'pytorch', 'data science', 'deep learning', 'data visualization', 'natural language processing', 'python', 'pandas']",1,6.072333185929825
156,HEALTHCARE,5.792965234346256,['data analysis'],['data analysis'],"['numpy', 'scikit-learn', 'sql', 'nlp', 'git', 'tensorflow', 'machine learning', 'pytorch', 'data science', 'deep learning', 'data visualization', 'natural language processing', 'python', 'pandas']",1,6.055075664042379
157,AGRICULTURE,5.791397628826291,['data analysis'],['data analysis'],"['numpy', 'scikit-learn', 'sql', 'nlp', 'git', 'tensorflow', 'machine learning', 'pytorch', 'data science', 'deep learning', 'data visualization', 'natural language processing', 'python', 'pandas']",1,6.0539783401784035
158,ENGINEERING,5.781370556135782,['git'],['git'],"['numpy', 'scikit-learn', 'sql', 'data analysis', 'nlp', 'tensorflow', 'machine learning', 'pytorch', 'data science', 'deep learning', 'data visualization', 'natural language processing', 'python', 'pandas']",1,6.046959389295047
159,CONSULTANT,5.732682332424225,['data analysis'],['data analysis'],"['numpy', 'scikit-learn', 'sql', 'nlp', 'git', 'tensorflow', 'machine learning', 'pytorch', 'data science', 'deep learning', 'data visualization', 'natural language processing', 'python', 'pandas']",1,6.012877632696957
160,CONSULTANT,2.870433756567503,"['git', 'sql']","['git', 'sql']","['numpy', 'scikit-learn', 'data analysis', 'nlp', 'tensorflow', 'machine learning', 'pytorch', 'data science', 'deep learning', 'data visualization', 'natural language processing', 'python', 'pandas']",2,6.009303629597252
161,ENGINEERING,8.577524008979506,[],[],"['numpy', 'scikit-learn', 'sql', 'data analysis', 'nlp', 'git', 'tensorflow', 'machine learning', 'pytorch', 'data science', 'deep learning', 'data visualization', 'natural language processing', 'python', 'pandas']",0,6.004266806285654
162,TEACHER,8.573491656258252,[],[],"['numpy', 'scikit-learn', 'sql', 'data analysis', 'nlp', 'git', 'tensorflow', 'machine learning', 'pytorch', 'data science', 'deep learning', 'data visualization', 'natural language processing', 'python', 'pandas']",0,6.001444159380776
163,INFORMATION-TECHNOLOGY,5.681541569516709,['sql'],['sql'],"['numpy', 'scikit-learn', 'data analysis', 'nlp', 'git', 'tensorflow', 'machine learning', 'pytorch', 'data science', 'deep learning', 'data visualization', 'natural language processing', 'python', 'pandas']",1,5.9770790986616955
164,INFORMATION-TECHNOLOGY,2.7482540437564014,"['sql', 'data analysis']","['sql', 'data analysis']","['numpy', 'scikit-learn', 'nlp', 'git', 'tensorflow', 'machine learning', 'pytorch', 'data science', 'deep learning', 'data visualization', 'natural language processing', 'python', 'pandas']",2,5.923777830629481
165,CONSULTANT,2.7237446950273734,"['sql', 'data analysis']","['sql', 'data analysis']","['numpy', 'scikit-learn', 'nlp', 'git', 'tensorflow', 'machine learning', 'pytorch', 'data science', 'deep learning', 'data visualization', 'natural language processing', 'python', 'pandas']",2,5.906621286519162
166,ARTS,8.41391842190109,[],[],"['numpy', 'scikit-learn', 'sql', 'data analysis', 'nlp', 'git', 'tensorflow', 'machine learning', 'pytorch', 'data science', 'deep learning', 'data visualization', 'natural language processing', 'python', 'pandas']",0,5.889742895330763
167,DIGITAL-MEDIA,2.69152596373013,"['git', 'sql']","['git', 'sql']","['numpy', 'scikit-learn', 'data analysis', 'nlp', 'tensorflow', 'machine learning', 'pytorch', 'data science', 'deep learning', 'data visualization', 'natural language processing', 'python', 'pandas']",2,5.884068174611091
168,INFORMATION-TECHNOLOGY,5.5264680962581165,['sql'],['sql'],"['numpy', 'scikit-learn', 'data analysis', 'nlp', 'git', 'tensorflow', 'machine learning', 'pytorch', 'data science', 'deep learning', 'data visualization', 'natural language processing', 'python', 'pandas']",1,5.868527667380681
169,DIGITAL-MEDIA,5.521853975411079,['git'],['git'],"['numpy', 'scikit-learn', 'sql', 'data analysis', 'nlp', 'tensorflow', 'machine learning', 'pytorch', 'data science', 'deep learning', 'data visualization', 'natural language processing', 'python', 'pandas']",1,5.865297782787755
170,FITNESS,8.351474830096043,[],[],"['numpy', 'scikit-learn', 'sql', 'data analysis', 'nlp', 'git', 'tensorflow', 'machine learning', 'pytorch', 'data science', 'deep learning', 'data visualization', 'natural language processing', 'python', 'pandas']",0,5.8460323810672294
171,TEACHER,8.351034527640499,[],[],"['numpy', 'scikit-learn', 'sql', 'data analysis', 'nlp', 'git', 'tensorflow', 'machine learning', 'pytorch', 'data science', 'deep learning', 'data visualization', 'natural language processing', 'python', 'pandas']",0,5.845724169348348
172,AUTOMOBILE,2.6186177152341457,"['sql', 'data analysis']","['sql', 'data analysis']","['numpy', 'scikit-learn', 'nlp', 'git', 'tensorflow', 'machine learning', 'pytorch', 'data science', 'deep learning', 'data visualization', 'natural language processing', 'python', 'pandas']",2,5.833032400663901
173,TEACHER,5.374178255386167,['data analysis'],['data analysis'],"['numpy', 'scikit-learn', 'sql', 'nlp', 'git', 'tensorflow', 'machine learning', 'pytorch', 'data science', 'deep learning', 'data visualization', 'natural language processing', 'python', 'pandas']",1,5.761924778770316
174,INFORMATION-TECHNOLOGY,2.4982121867703615,"['sql', 'data analysis']","['sql', 'data analysis']","['numpy', 'scikit-learn', 'nlp', 'git', 'tensorflow', 'machine learning', 'pytorch', 'data science', 'deep learning', 'data visualization', 'natural language processing', 'python', 'pandas']",2,5.7487485307392525
175,ACCOUNTANT,5.329701806032903,['sql'],['sql'],"['numpy', 'scikit-learn', 'data analysis', 'nlp', 'git', 'tensorflow', 'machine learning', 'pytorch', 'data science', 'deep learning', 'data visualization', 'natural language processing', 'python', 'pandas']",1,5.730791264223031
176,CONSULTANT,2.4707055793095254,"['sql', 'data analysis']","['sql', 'data analysis']","['numpy', 'scikit-learn', 'nlp', 'git', 'tensorflow', 'machine learning', 'pytorch', 'data science', 'deep learning', 'data visualization', 'natural language processing', 'python', 'pandas']",2,5.729493905516668
177,HR,5.3240659705451785,['data analysis'],['data analysis'],"['numpy', 'scikit-learn', 'sql', 'nlp', 'git', 'tensorflow', 'machine learning', 'pytorch', 'data science', 'deep learning', 'data visualization', 'natural language processing', 'python', 'pandas']",1,5.726846179381624
178,DIGITAL-MEDIA,2.4605528771644436,"['git', 'data analysis']","['git', 'data analysis']","['numpy', 'scikit-learn', 'sql', 'nlp', 'tensorflow', 'machine learning', 'pytorch', 'data science', 'deep learning', 'data visualization', 'natural language processing', 'python', 'pandas']",2,5.72238701401511
179,ADVOCATE,5.284741480784633,['python'],['python'],"['numpy', 'scikit-learn', 'sql', 'data analysis', 'nlp', 'git', 'tensorflow', 'machine learning', 'pytorch', 'data science', 'deep learning', 'data visualization', 'natural language processing', 'pandas']",1,5.699319036549243
180,TEACHER,8.12778807773778,[],[],"['numpy', 'scikit-learn', 'sql', 'data analysis', 'nlp', 'git', 'tensorflow', 'machine learning', 'pytorch', 'data science', 'deep learning', 'data visualization', 'natural language processing', 'python', 'pandas']",0,5.6894516544164455
181,BANKING,5.216250981483019,['sql'],['sql'],"['numpy', 'scikit-learn', 'data analysis', 'nlp', 'git', 'tensorflow', 'machine learning', 'pytorch', 'data science', 'deep learning', 'data visualization', 'natural language processing', 'python', 'pandas']",1,5.651375687038113
182,PUBLIC-RELATIONS,5.167768617946168,['sql'],['sql'],"['numpy', 'scikit-learn', 'data analysis', 'nlp', 'git', 'tensorflow', 'machine learning', 'pytorch', 'data science', 'deep learning', 'data visualization', 'natural language processing', 'python', 'pandas']",1,5.617438032562317
183,DIGITAL-MEDIA,2.275211808670286,"['git', 'data analysis']","['git', 'data analysis']","['numpy', 'scikit-learn', 'sql', 'nlp', 'tensorflow', 'machine learning', 'pytorch', 'data science', 'deep learning', 'data visualization', 'natural language processing', 'python', 'pandas']",2,5.5926482660692
184,ADVOCATE,7.932289486105986,[],[],"['numpy', 'scikit-learn', 'sql', 'data analysis', 'nlp', 'git', 'tensorflow', 'machine learning', 'pytorch', 'data science', 'deep learning', 'data visualization', 'natural language processing', 'python', 'pandas']",0,5.5526026402741895
185,INFORMATION-TECHNOLOGY,5.0631939332177485,['sql'],['sql'],"['numpy', 'scikit-learn', 'data analysis', 'nlp', 'git', 'tensorflow', 'machine learning', 'pytorch', 'data science', 'deep learning', 'data visualization', 'natural language processing', 'python', 'pandas']",1,5.544235753252424
186,ARTS,7.880811282978163,[],[],"['numpy', 'scikit-learn', 'sql', 'data analysis', 'nlp', 'git', 'tensorflow', 'machine learning', 'pytorch', 'data science', 'deep learning', 'data visualization', 'natural language processing', 'python', 'pandas']",0,5.5165678980847135
187,INFORMATION-TECHNOLOGY,2.1664919583299,"['git', 'sql']","['git', 'sql']","['numpy', 'scikit-learn', 'data analysis', 'nlp', 'tensorflow', 'machine learning', 'pytorch', 'data science', 'deep learning', 'data visualization', 'natural language processing', 'python', 'pandas']",2,5.51654437083093
188,ACCOUNTANT,2.144700555012487,"['sql', 'data analysis']","['sql', 'data analysis']","['numpy', 'scikit-learn', 'nlp', 'git', 'tensorflow', 'machine learning', 'pytorch', 'data science', 'deep learning', 'data visualization', 'natural language processing', 'python', 'pandas']",2,5.501290388508741
189,HEALTHCARE,7.8354628586923285,[],[],"['numpy', 'scikit-learn', 'sql', 'data analysis', 'nlp', 'git', 'tensorflow', 'machine learning', 'pytorch', 'data science', 'deep learning', 'data visualization', 'natural language processing', 'python', 'pandas']",0,5.48482400108463
190,HEALTHCARE,4.970806601715529,['sql'],['sql'],"['numpy', 'scikit-learn', 'data analysis', 'nlp', 'git', 'tensorflow', 'machine learning', 'pytorch', 'data science', 'deep learning', 'data visualization', 'natural language processing', 'python', 'pandas']",1,5.47956462120087
191,CONSULTANT,4.940003780027826,['sql'],['sql'],"['numpy', 'scikit-learn', 'data analysis', 'nlp', 'git', 'tensorflow', 'machine learning', 'pytorch', 'data science', 'deep learning', 'data visualization', 'natural language processing', 'python', 'pandas']",1,5.458002646019478
192,BANKING,4.897683006300937,['data analysis'],['data analysis'],"['numpy', 'scikit-learn', 'sql', 'nlp', 'git', 'tensorflow', 'machine learning', 'pytorch', 'data science', 'deep learning', 'data visualization', 'natural language processing', 'python', 'pandas']",1,5.4283781044106565
193,CONSULTANT,4.884288145669345,['sql'],['sql'],"['numpy', 'scikit-learn', 'data analysis', 'nlp', 'git', 'tensorflow', 'machine learning', 'pytorch', 'data science', 'deep learning', 'data visualization', 'natural language processing', 'python', 'pandas']",1,5.419001701968542
194,DIGITAL-MEDIA,2.0084835196885487,"['git', 'sql']","['git', 'sql']","['numpy', 'scikit-learn', 'data analysis', 'nlp', 'tensorflow', 'machine learning', 'pytorch', 'data science', 'deep learning', 'data visualization', 'natural language processing', 'python', 'pandas']",2,5.405938463781984
195,CHEF,7.701855480853348,[],[],"['numpy', 'scikit-learn', 'sql', 'data analysis', 'nlp', 'git', 'tensorflow', 'machine learning', 'pytorch', 'data science', 'deep learning', 'data visualization', 'natural language processing', 'python', 'pandas']",0,5.391298836597343
196,BANKING,4.833321369455904,['sql'],['sql'],"['numpy', 'scikit-learn', 'data analysis', 'nlp', 'git', 'tensorflow', 'machine learning', 'pytorch', 'data science', 'deep learning', 'data visualization', 'natural language processing', 'python', 'pandas']",1,5.3833249586191325
197,ARTS,7.6487872334864715,[],[],"['numpy', 'scikit-learn', 'sql', 'data analysis', 'nlp', 'git', 'tensorflow', 'machine learning', 'pytorch', 'data science', 'deep learning', 'data visualization', 'natural language processing', 'python', 'pandas']",0,5.35415106344053
198,INFORMATION-TECHNOLOGY,7.645861449469205,[],[],"['numpy', 'scikit-learn', 'sql', 'data analysis', 'nlp', 'git', 'tensorflow', 'machine learning', 'pytorch', 'data science', 'deep learning', 'data visualization', 'natural language processing', 'python', 'pandas']",0,5.352103014628443
199,CONSTRUCTION,4.76111718767563,['git'],['git'],"['numpy', 'scikit-learn', 'sql', 'data analysis', 'nlp', 'tensorflow', 'machine learning', 'pytorch', 'data science', 'deep learning', 'data visualization', 'natural language processing', 'python', 'pandas']",1,5.3327820313729415
200,ENGINEERING,7.6082205730228285,[],[],"['numpy', 'scikit-learn', 'sql', 'data analysis', 'nlp', 'git', 'tensorflow', 'machine learning', 'pytorch', 'data science', 'deep learning', 'data visualization', 'natural language processing', 'python', 'pandas']",0,5.325754401115979
201,CONSULTANT,4.727034318280312,['sql'],['sql'],"['numpy', 'scikit-learn', 'data analysis', 'nlp', 'git', 'tensorflow', 'machine learning', 'pytorch', 'data science', 'deep learning', 'data visualization', 'natural language processing', 'python', 'pandas']",1,5.3089240227962184
202,PUBLIC-RELATIONS,4.706736485200783,['data visualization'],['data visualization'],"['numpy', 'scikit-learn', 'sql', 'data analysis', 'nlp', 'git', 'tensorflow', 'machine learning', 'pytorch', 'data science', 'deep learning', 'natural language processing', 'python', 'pandas']",1,5.294715539640547
203,FINANCE,1.8436438885459736,"['sql', 'data analysis']","['sql', 'data analysis']","['numpy', 'scikit-learn', 'nlp', 'git', 'tensorflow', 'machine learning', 'pytorch', 'data science', 'deep learning', 'data visualization', 'natural language processing', 'python', 'pandas']",2,5.290550721982181
204,INFORMATION-TECHNOLOGY,4.688748060180321,['sql'],['sql'],"['numpy', 'scikit-learn', 'data analysis', 'nlp', 'git', 'tensorflow', 'machine learning', 'pytorch', 'data science', 'deep learning', 'data visualization', 'natural language processing', 'python', 'pandas']",1,5.2821236421262245
205,ENGINEERING,4.680111198628419,['python'],['python'],"['numpy', 'scikit-learn', 'sql', 'data analysis', 'nlp', 'git', 'tensorflow', 'machine learning', 'pytorch', 'data science', 'deep learning', 'data visualization', 'natural language processing', 'pandas']",1,5.276077839039893
206,ENGINEERING,7.484886050657824,[],[],"['numpy', 'scikit-learn', 'sql', 'data analysis', 'nlp', 'git', 'tensorflow', 'machine learning', 'pytorch', 'data science', 'deep learning', 'data visualization', 'natural language processing', 'python', 'pandas']",0,5.239420235460477
207,TEACHER,4.615836948209888,['data analysis'],['data analysis'],"['numpy', 'scikit-learn', 'sql', 'nlp', 'git', 'tensorflow', 'machine learning', 'pytorch', 'data science', 'deep learning', 'data visualization', 'natural language processing', 'python', 'pandas']",1,5.231085863746921
208,TEACHER,7.465509411281743,[],[],"['numpy', 'scikit-learn', 'sql', 'data analysis', 'nlp', 'git', 'tensorflow', 'machine learning', 'pytorch', 'data science', 'deep learning', 'data visualization', 'natural language processing', 'python', 'pandas']",0,5.22585658789722
209,DIGITAL-MEDIA,1.745778489741093,"['git', 'sql']","['git', 'sql']","['numpy', 'scikit-learn', 'data analysis', 'nlp', 'tensorflow', 'machine learning', 'pytorch', 'data science', 'deep learning', 'data visualization', 'natural language processing', 'python', 'pandas']",2,5.222044942818765
210,TEACHER,7.456922033588706,[],[],"['numpy', 'scikit-learn', 'sql', 'data analysis', 'nlp', 'git', 'tensorflow', 'machine learning', 'pytorch', 'data science', 'deep learning', 'data visualization', 'natural language processing', 'python', 'pandas']",0,5.219845423512093
211,CONSULTANT,4.5770692218794835,['sql'],['sql'],"['numpy', 'scikit-learn', 'data analysis', 'nlp', 'git', 'tensorflow', 'machine learning', 'pytorch', 'data science', 'deep learning', 'data visualization', 'natural language processing', 'python', 'pandas']",1,5.203948455315638
212,AGRICULTURE,4.576142886884401,['data analysis'],['data analysis'],"['numpy', 'scikit-learn', 'sql', 'nlp', 'git', 'tensorflow', 'machine learning', 'pytorch', 'data science', 'deep learning', 'data visualization', 'natural language processing', 'python', 'pandas']",1,5.20330002081908
213,ARTS,7.427214212678399,[],[],"['numpy', 'scikit-learn', 'sql', 'data analysis', 'nlp', 'git', 'tensorflow', 'machine learning', 'pytorch', 'data science', 'deep learning', 'data visualization', 'natural language processing', 'python', 'pandas']",0,5.199049948874879
214,TEACHER,7.4093406046560535,[],[],"['numpy', 'scikit-learn', 'sql', 'data analysis', 'nlp', 'git', 'tensorflow', 'machine learning', 'pytorch', 'data science', 'deep learning', 'data visualization', 'natural language processing', 'python', 'pandas']",0,5.186538423259237
215,CONSULTANT,4.542489191009851,['sql'],['sql'],"['numpy', 'scikit-learn', 'data analysis', 'nlp', 'git', 'tensorflow', 'machine learning', 'pytorch', 'data science', 'deep learning', 'data visualization', 'natural language processing', 'python', 'pandas']",1,5.179742433706895
216,DIGITAL-MEDIA,1.6821016705640586,"['git', 'data analysis']","['git', 'data analysis']","['numpy', 'scikit-learn', 'sql', 'nlp', 'tensorflow', 'machine learning', 'pytorch', 'data science', 'deep learning', 'data visualization', 'natural language processing', 'python', 'pandas']",2,5.177471169394841
217,ENGINEERING,7.382630381947291,[],[],"['numpy', 'scikit-learn', 'sql', 'data analysis', 'nlp', 'git', 'tensorflow', 'machine learning', 'pytorch', 'data science', 'deep learning', 'data visualization', 'natural language processing', 'python', 'pandas']",0,5.167841267363103
218,SALES,1.638157606924716,"['git', 'data analysis']","['git', 'data analysis']","['numpy', 'scikit-learn', 'sql', 'nlp', 'tensorflow', 'machine learning', 'pytorch', 'data science', 'deep learning', 'data visualization', 'natural language processing', 'python', 'pandas']",2,5.146710324847301
219,CONSTRUCTION,7.352193376094665,[],[],"['numpy', 'scikit-learn', 'sql', 'data analysis', 'nlp', 'git', 'tensorflow', 'machine learning', 'pytorch', 'data science', 'deep learning', 'data visualization', 'natural language processing', 'python', 'pandas']",0,5.146535363266265
220,DIGITAL-MEDIA,1.6308470840878937,"['git', 'data analysis']","['git', 'data analysis']","['numpy', 'scikit-learn', 'sql', 'nlp', 'tensorflow', 'machine learning', 'pytorch', 'data science', 'deep learning', 'data visualization', 'natural language processing', 'python', 'pandas']",2,5.1415929588615255
221,APPAREL,7.342186925475579,[],[],"['numpy', 'scikit-learn', 'sql', 'data analysis', 'nlp', 'git', 'tensorflow', 'machine learning', 'pytorch', 'data science', 'deep learning', 'data visualization', 'natural language processing', 'python', 'pandas']",0,5.139530847832905
222,CONSULTANT,4.4480500328386245,['sql'],['sql'],"['numpy', 'scikit-learn', 'data analysis', 'nlp', 'git', 'tensorflow', 'machine learning', 'pytorch', 'data science', 'deep learning', 'data visualization', 'natural language processing', 'python', 'pandas']",1,5.113635022987037
223,ADVOCATE,7.2861814869529775,[],[],"['numpy', 'scikit-learn', 'sql', 'data analysis', 'nlp', 'git', 'tensorflow', 'machine learning', 'pytorch', 'data science', 'deep learning', 'data visualization', 'natural language processing', 'python', 'pandas']",0,5.100327040867084
224,TEACHER,7.279188828512469,[],[],"['numpy', 'scikit-learn', 'sql', 'data analysis', 'nlp', 'git', 'tensorflow', 'machine learning', 'pytorch', 'data science', 'deep learning', 'data visualization', 'natural language processing', 'python', 'pandas']",0,5.095432179958728
225,TEACHER,7.273974915680537,[],[],"['numpy', 'scikit-learn', 'sql', 'data analysis', 'nlp', 'git', 'tensorflow', 'machine learning', 'pytorch', 'data science', 'deep learning', 'data visualization', 'natural language processing', 'python', 'pandas']",0,5.091782440976376
226,ARTS,7.261967570862248,[],[],"['numpy', 'scikit-learn', 'sql', 'data analysis', 'nlp', 'git', 'tensorflow', 'machine learning', 'pytorch', 'data science', 'deep learning', 'data visualization', 'natural language processing', 'python', 'pandas']",0,5.0833772996035735
227,ENGINEERING,4.404702663133456,['git'],['git'],"['numpy', 'scikit-learn', 'sql', 'data analysis', 'nlp', 'tensorflow', 'machine learning', 'pytorch', 'data science', 'deep learning', 'data visualization', 'natural language processing', 'python', 'pandas']",1,5.083291864193419
228,TEACHER,7.248209637820232,[],[],"['numpy', 'scikit-learn', 'sql', 'data analysis', 'nlp', 'git', 'tensorflow', 'machine learning', 'pytorch', 'data science', 'deep learning', 'data visualization', 'natural language processing', 'python', 'pandas']",0,5.073746746474162
229,CONSULTANT,4.383340204959959,['data analysis'],['data analysis'],"['numpy', 'scikit-learn', 'sql', 'nlp', 'git', 'tensorflow', 'machine learning', 'pytorch', 'data science', 'deep learning', 'data visualization', 'natural language processing', 'python', 'pandas']",1,5.068338143471971
230,HR,4.381788548872309,['sql'],['sql'],"['numpy', 'scikit-learn', 'data analysis', 'nlp', 'git', 'tensorflow', 'machine learning', 'pytorch', 'data science', 'deep learning', 'data visualization', 'natural language processing', 'python', 'pandas']",1,5.067251984210616
231,ENGINEERING,4.342329321138718,['sql'],['sql'],"['numpy', 'scikit-learn', 'data analysis', 'nlp', 'git', 'tensorflow', 'machine learning', 'pytorch', 'data science', 'deep learning', 'data visualization', 'natural language processing', 'python', 'pandas']",1,5.0396305247971025
232,DESIGNER,7.196189521525296,[],[],"['numpy', 'scikit-learn', 'sql', 'data analysis', 'nlp', 'git', 'tensorflow', 'machine learning', 'pytorch', 'data science', 'deep learning', 'data visualization', 'natural language processing', 'python', 'pandas']",0,5.037332665067707
233,SALES,7.183163008641149,[],[],"['numpy', 'scikit-learn', 'sql', 'data analysis', 'nlp', 'git', 'tensorflow', 'machine learning', 'pytorch', 'data science', 'deep learning', 'data visualization', 'natural language processing', 'python', 'pandas']",0,5.028214106048804
234,ENGINEERING,4.3239864647012585,['data analysis'],['data analysis'],"['numpy', 'scikit-learn', 'sql', 'nlp', 'git', 'tensorflow', 'machine learning', 'pytorch', 'data science', 'deep learning', 'data visualization', 'natural language processing', 'python', 'pandas']",1,5.026790525290881
235,ENGINEERING,1.4142400336691388,"['git', 'sql']","['git', 'sql']","['numpy', 'scikit-learn', 'data analysis', 'nlp', 'tensorflow', 'machine learning', 'pytorch', 'data science', 'deep learning', 'data visualization', 'natural language processing', 'python', 'pandas']",2,4.989968023568397
236,SALES,7.123640429987632,[],[],"['numpy', 'scikit-learn', 'sql', 'data analysis', 'nlp', 'git', 'tensorflow', 'machine learning', 'pytorch', 'data science', 'deep learning', 'data visualization', 'natural language processing', 'python', 'pandas']",0,4.986548300991342
237,HR,4.25606435786465,['data analysis'],['data analysis'],"['numpy', 'scikit-learn', 'sql', 'nlp', 'git', 'tensorflow', 'machine learning', 'pytorch', 'data science', 'deep learning', 'data visualization', 'natural language processing', 'python', 'pandas']",1,4.979245050505255
238,TEACHER,7.0989073788774,[],[],"['numpy', 'scikit-learn', 'sql', 'data analysis', 'nlp', 'git', 'tensorflow', 'machine learning', 'pytorch', 'data science', 'deep learning', 'data visualization', 'natural language processing', 'python', 'pandas']",0,4.9692351652141795
239,DESIGNER,4.2180450592815095,['git'],['git'],"['numpy', 'scikit-learn', 'sql', 'data analysis', 'nlp', 'tensorflow', 'machine learning', 'pytorch', 'data science', 'deep learning', 'data visualization', 'natural language processing', 'python', 'pandas']",1,4.952631541497056
240,CONSULTANT,4.191424001074383,['git'],['git'],"['numpy', 'scikit-learn', 'sql', 'data analysis', 'nlp', 'tensorflow', 'machine learning', 'pytorch', 'data science', 'deep learning', 'data visualization', 'natural language processing', 'python', 'pandas']",1,4.933996800752068
241,HR,4.187292432266445,['data analysis'],['data analysis'],"['numpy', 'scikit-learn', 'sql', 'nlp', 'git', 'tensorflow', 'machine learning', 'pytorch', 'data science', 'deep learning', 'data visualization', 'natural language processing', 'python', 'pandas']",1,4.931104702586511
242,TEACHER,7.032825937729214,[],[],"['numpy', 'scikit-learn', 'sql', 'data analysis', 'nlp', 'git', 'tensorflow', 'machine learning', 'pytorch', 'data science', 'deep learning', 'data visualization', 'natural language processing', 'python', 'pandas']",0,4.92297815641045
243,ACCOUNTANT,7.031102768794609,[],[],"['numpy', 'scikit-learn', 'sql', 'data analysis', 'nlp', 'git', 'tensorflow', 'machine learning', 'pytorch', 'data science', 'deep learning', 'data visualization', 'natural language processing', 'python', 'pandas']",0,4.921771938156226
244,INFORMATION-TECHNOLOGY,4.160340809817519,['sql'],['sql'],"['numpy', 'scikit-learn', 'data analysis', 'nlp', 'git', 'tensorflow', 'machine learning', 'pytorch', 'data science', 'deep learning', 'data visualization', 'natural language processing', 'python', 'pandas']",1,4.912238566872263
245,BANKING,4.156800909997602,['sql'],['sql'],"['numpy', 'scikit-learn', 'data analysis', 'nlp', 'git', 'tensorflow', 'machine learning', 'pytorch', 'data science', 'deep learning', 'data visualization', 'natural language processing', 'python', 'pandas']",1,4.909760636998321
246,BPO,4.149014399029202,['sql'],['sql'],"['numpy', 'scikit-learn', 'data analysis', 'nlp', 'git', 'tensorflow', 'machine learning', 'pytorch', 'data science', 'deep learning', 'data visualization', 'natural language processing', 'python', 'pandas']",1,4.904310079320441
247,TEACHER,6.985311443737517,[],[],"['numpy', 'scikit-learn', 'sql', 'data analysis', 'nlp', 'git', 'tensorflow', 'machine learning', 'pytorch', 'data science', 'deep learning', 'data visualization', 'natural language processing', 'python', 'pandas']",0,4.889718010616262
248,INFORMATION-TECHNOLOGY,4.108870772437103,['sql'],['sql'],"['numpy', 'scikit-learn', 'data analysis', 'nlp', 'git', 'tensorflow', 'machine learning', 'pytorch', 'data science', 'deep learning', 'data visualization', 'natural language processing', 'python', 'pandas']",1,4.876209540705972
249,HEALTHCARE,4.067947821312863,['sql'],['sql'],"['numpy', 'scikit-learn', 'data analysis', 'nlp', 'git', 'tensorflow', 'machine learning', 'pytorch', 'data science', 'deep learning', 'data visualization', 'natural language processing', 'python', 'pandas']",1,4.847563474919005
250,CONSTRUCTION,4.026085443648021,['git'],['git'],"['numpy', 'scikit-learn', 'sql', 'data analysis', 'nlp', 'tensorflow', 'machine learning', 'pytorch', 'data science', 'deep learning', 'data visualization', 'natural language processing', 'python', 'pandas']",1,4.818259810553615
251,PUBLIC-RELATIONS,1.1589476029685202,"['git', 'data analysis']","['git', 'data analysis']","['numpy', 'scikit-learn', 'sql', 'nlp', 'tensorflow', 'machine learning', 'pytorch', 'data science', 'deep learning', 'data visualization', 'natural language processing', 'python', 'pandas']",2,4.811263322077964
252,BANKING,3.994417210543328,['sql'],['sql'],"['numpy', 'scikit-learn', 'data analysis', 'nlp', 'git', 'tensorflow', 'machine learning', 'pytorch', 'data science', 'deep learning', 'data visualization', 'natural language processing', 'python', 'pandas']",1,4.796092047380329
253,CONSULTANT,3.9893835605793293,['sql'],['sql'],"['numpy', 'scikit-learn', 'data analysis', 'nlp', 'git', 'tensorflow', 'machine learning', 'pytorch', 'data science', 'deep learning', 'data visualization', 'natural language processing', 'python', 'pandas']",1,4.792568492405531
254,CONSTRUCTION,3.9867986397286344,['git'],['git'],"['numpy', 'scikit-learn', 'sql', 'data analysis', 'nlp', 'tensorflow', 'machine learning', 'pytorch', 'data science', 'deep learning', 'data visualization', 'natural language processing', 'python', 'pandas']",1,4.7907590478100435
255,SALES,1.1130425851457075,"['git', 'sql']","['git', 'sql']","['numpy', 'scikit-learn', 'data analysis', 'nlp', 'tensorflow', 'machine learning', 'pytorch', 'data science', 'deep learning', 'data visualization', 'natural language processing', 'python', 'pandas']",2,4.779129809601995
256,CONSULTANT,3.969944329104865,['sql'],['sql'],"['numpy', 'scikit-learn', 'data analysis', 'nlp', 'git', 'tensorflow', 'machine learning', 'pytorch', 'data science', 'deep learning', 'data visualization', 'natural language processing', 'python', 'pandas']",1,4.778961030373406
257,PUBLIC-RELATIONS,3.954922947610166,['git'],['git'],"['numpy', 'scikit-learn', 'sql', 'data analysis', 'nlp', 'tensorflow', 'machine learning', 'pytorch', 'data science', 'deep learning', 'data visualization', 'natural language processing', 'python', 'pandas']",1,4.768446063327116
258,TEACHER,6.80677318986036,[],[],"['numpy', 'scikit-learn', 'sql', 'data analysis', 'nlp', 'git', 'tensorflow', 'machine learning', 'pytorch', 'data science', 'deep learning', 'data visualization', 'natural language processing', 'python', 'pandas']",0,4.764741232902252
259,INFORMATION-TECHNOLOGY,3.9358349618553445,['sql'],['sql'],"['numpy', 'scikit-learn', 'data analysis', 'nlp', 'git', 'tensorflow', 'machine learning', 'pytorch', 'data science', 'deep learning', 'data visualization', 'natural language processing', 'python', 'pandas']",1,4.755084473298741
260,CONSULTANT,3.9290529131971383,['sql'],['sql'],"['numpy', 'scikit-learn', 'data analysis', 'nlp', 'git', 'tensorflow', 'machine learning', 'pytorch', 'data science', 'deep learning', 'data visualization', 'natural language processing', 'python', 'pandas']",1,4.750337039237997
261,APPAREL,6.7831062030642055,[],[],"['numpy', 'scikit-learn', 'sql', 'data analysis', 'nlp', 'git', 'tensorflow', 'machine learning', 'pytorch', 'data science', 'deep learning', 'data visualization', 'natural language processing', 'python', 'pandas']",0,4.748174342144943
262,APPAREL,6.782405285750462,[],[],"['numpy', 'scikit-learn', 'sql', 'data analysis', 'nlp', 'git', 'tensorflow', 'machine learning', 'pytorch', 'data science', 'deep learning', 'data visualization', 'natural language processing', 'python', 'pandas']",0,4.747683700025323
263,CONSULTANT,3.922759476161153,['git'],['git'],"['numpy', 'scikit-learn', 'sql', 'data analysis', 'nlp', 'tensorflow', 'machine learning', 'pytorch', 'data science', 'deep learning', 'data visualization', 'natural language processing', 'python', 'pandas']",1,4.745931633312807
264,ENGINEERING,6.7553232890676,[],[],"['numpy', 'scikit-learn', 'sql', 'data analysis', 'nlp', 'git', 'tensorflow', 'machine learning', 'pytorch', 'data science', 'deep learning', 'data visualization', 'natural language processing', 'python', 'pandas']",0,4.72872630234732
265,CONSULTANT,1.0339954824776498,"['git', 'data analysis']","['git', 'data analysis']","['numpy', 'scikit-learn', 'sql', 'nlp', 'tensorflow', 'machine learning', 'pytorch', 'data science', 'deep learning', 'data visualization', 'natural language processing', 'python', 'pandas']",2,4.723796837734355
266,INFORMATION-TECHNOLOGY,1.0322999790870182,"['git', 'sql']","['git', 'sql']","['numpy', 'scikit-learn', 'data analysis', 'nlp', 'tensorflow', 'machine learning', 'pytorch', 'data science', 'deep learning', 'data visualization', 'natural language processing', 'python', 'pandas']",2,4.722609985360913
267,INFORMATION-TECHNOLOGY,3.8833490852186743,['sql'],['sql'],"['numpy', 'scikit-learn', 'data analysis', 'nlp', 'git', 'tensorflow', 'machine learning', 'pytorch', 'data science', 'deep learning', 'data visualization', 'natural language processing', 'python', 'pandas']",1,4.718344359653072
268,TEACHER,6.731653479997972,[],[],"['numpy', 'scikit-learn', 'sql', 'data analysis', 'nlp', 'git', 'tensorflow', 'machine learning', 'pytorch', 'data science', 'deep learning', 'data visualization', 'natural language processing', 'python', 'pandas']",0,4.71215743599858
269,TEACHER,6.70524957504492,[],[],"['numpy', 'scikit-learn', 'sql', 'data analysis', 'nlp', 'git', 'tensorflow', 'machine learning', 'pytorch', 'data science', 'deep learning', 'data visualization', 'natural language processing', 'python', 'pandas']",0,4.693674702531444
270,CONSULTANT,3.8459519101015456,['sql'],['sql'],"['numpy', 'scikit-learn', 'data analysis', 'nlp', 'git', 'tensorflow', 'machine learning', 'pytorch', 'data science', 'deep learning', 'data visualization', 'natural language processing', 'python', 'pandas']",1,4.6921663370710815
271,INFORMATION-TECHNOLOGY,3.8189656567214,['data analysis'],['data analysis'],"['numpy', 'scikit-learn', 'sql', 'nlp', 'git', 'tensorflow', 'machine learning', 'pytorch', 'data science', 'deep learning', 'data visualization', 'natural language processing', 'python', 'pandas']",1,4.67327595970498
272,SALES,6.655067538606174,[],[],"['numpy', 'scikit-learn', 'sql', 'data analysis', 'nlp', 'git', 'tensorflow', 'machine learning', 'pytorch', 'data science', 'deep learning', 'data visualization', 'natural language processing', 'python', 'pandas']",0,4.658547277024321
273,AVIATION,3.7762811732967037,['data analysis'],['data analysis'],"['numpy', 'scikit-learn', 'sql', 'nlp', 'git', 'tensorflow', 'machine learning', 'pytorch', 'data science', 'deep learning', 'data visualization', 'natural language processing', 'python', 'pandas']",1,4.643396821307693
274,CONSULTANT,3.771000644907035,['git'],['git'],"['numpy', 'scikit-learn', 'sql', 'data analysis', 'nlp', 'tensorflow', 'machine learning', 'pytorch', 'data science', 'deep learning', 'data visualization', 'natural language processing', 'python', 'pandas']",1,4.6397004514349245
275,INFORMATION-TECHNOLOGY,3.757794163162769,['python'],['python'],"['numpy', 'scikit-learn', 'sql', 'data analysis', 'nlp', 'git', 'tensorflow', 'machine learning', 'pytorch', 'data science', 'deep learning', 'data visualization', 'natural language processing', 'pandas']",1,4.630455914213938
276,ENGINEERING,3.746729666917805,['data analysis'],['data analysis'],"['numpy', 'scikit-learn', 'sql', 'nlp', 'git', 'tensorflow', 'machine learning', 'pytorch', 'data science', 'deep learning', 'data visualization', 'natural language processing', 'python', 'pandas']",1,4.622710766842463
277,BANKING,3.739551158534943,['sql'],['sql'],"['numpy', 'scikit-learn', 'data analysis', 'nlp', 'git', 'tensorflow', 'machine learning', 'pytorch', 'data science', 'deep learning', 'data visualization', 'natural language processing', 'python', 'pandas']",1,4.61768581097446
278,TEACHER,6.569270644072889,[],[],"['numpy', 'scikit-learn', 'sql', 'data analysis', 'nlp', 'git', 'tensorflow', 'machine learning', 'pytorch', 'data science', 'deep learning', 'data visualization', 'natural language processing', 'python', 'pandas']",0,4.598489450851022
279,AVIATION,3.6659960708677017,['git'],['git'],"['numpy', 'scikit-learn', 'sql', 'data analysis', 'nlp', 'tensorflow', 'machine learning', 'pytorch', 'data science', 'deep learning', 'data visualization', 'natural language processing', 'python', 'pandas']",1,4.5661972496073915
280,HEALTHCARE,3.649762619072755,['git'],['git'],"['numpy', 'scikit-learn', 'sql', 'data analysis', 'nlp', 'tensorflow', 'machine learning', 'pytorch', 'data science', 'deep learning', 'data visualization', 'natural language processing', 'python', 'pandas']",1,4.554833833350928
281,TEACHER,6.481431019490294,[],[],"['numpy', 'scikit-learn', 'sql', 'data analysis', 'nlp', 'git', 'tensorflow', 'machine learning', 'pytorch', 'data science', 'deep learning', 'data visualization', 'natural language processing', 'python', 'pandas']",0,4.537001713643206
282,INFORMATION-TECHNOLOGY,3.6207320167081503,['sql'],['sql'],"['numpy', 'scikit-learn', 'data analysis', 'nlp', 'git', 'tensorflow', 'machine learning', 'pytorch', 'data science', 'deep learning', 'data visualization', 'natural language processing', 'python', 'pandas']",1,4.5345124116957045
283,ARTS,6.421428035254402,[],[],"['numpy', 'scikit-learn', 'sql', 'data analysis', 'nlp', 'git', 'tensorflow', 'machine learning', 'pytorch', 'data science', 'deep learning', 'data visualization', 'natural language processing', 'python', 'pandas']",0,4.494999624678081
284,ARTS,6.419836672794249,[],[],"['numpy', 'scikit-learn', 'sql', 'data analysis', 'nlp', 'git', 'tensorflow', 'machine learning', 'pytorch', 'data science', 'deep learning', 'data visualization', 'natural language processing', 'python', 'pandas']",0,4.493885670955974
285,ADVOCATE,3.5611861690236166,['git'],['git'],"['numpy', 'scikit-learn', 'sql', 'data analysis', 'nlp', 'tensorflow', 'machine learning', 'pytorch', 'data science', 'deep learning', 'data visualization', 'natural language processing', 'python', 'pandas']",1,4.492830318316532
286,AUTOMOBILE,6.405761435475418,[],[],"['numpy', 'scikit-learn', 'sql', 'data analysis', 'nlp', 'git', 'tensorflow', 'machine learning', 'pytorch', 'data science', 'deep learning', 'data visualization', 'natural language processing', 'python', 'pandas']",0,4.484033004832793
287,DESIGNER,3.528620337121782,['git'],['git'],"['numpy', 'scikit-learn', 'sql', 'data analysis', 'nlp', 'tensorflow', 'machine learning', 'pytorch', 'data science', 'deep learning', 'data visualization', 'natural language processing', 'python', 'pandas']",1,4.470034235985247
288,ARTS,3.5233432185116356,['data analysis'],['data analysis'],"['numpy', 'scikit-learn', 'sql', 'nlp', 'git', 'tensorflow', 'machine learning', 'pytorch', 'data science', 'deep learning', 'data visualization', 'natural language processing', 'python', 'pandas']",1,4.466340252958145
289,SALES,3.517886452790965,['git'],['git'],"['numpy', 'scikit-learn', 'sql', 'data analysis', 'nlp', 'tensorflow', 'machine learning', 'pytorch', 'data science', 'deep learning', 'data visualization', 'natural language processing', 'python', 'pandas']",1,4.462520516953676
290,AVIATION,3.472479850481258,['git'],['git'],"['numpy', 'scikit-learn', 'sql', 'data analysis', 'nlp', 'tensorflow', 'machine learning', 'pytorch', 'data science', 'deep learning', 'data visualization', 'natural language processing', 'python', 'pandas']",1,4.4307358953368805
291,CONSTRUCTION,3.4700757050201108,['git'],['git'],"['numpy', 'scikit-learn', 'sql', 'data analysis', 'nlp', 'tensorflow', 'machine learning', 'pytorch', 'data science', 'deep learning', 'data visualization', 'natural language processing', 'python', 'pandas']",1,4.429052993514077
292,CONSULTANT,3.4584546727177377,['git'],['git'],"['numpy', 'scikit-learn', 'sql', 'data analysis', 'nlp', 'tensorflow', 'machine learning', 'pytorch', 'data science', 'deep learning', 'data visualization', 'natural language processing', 'python', 'pandas']",1,4.420918270902416
293,HEALTHCARE,3.454553566517349,['data analysis'],['data analysis'],"['numpy', 'scikit-learn', 'sql', 'nlp', 'git', 'tensorflow', 'machine learning', 'pytorch', 'data science', 'deep learning', 'data visualization', 'natural language processing', 'python', 'pandas']",1,4.418187496562144
294,TEACHER,6.311679315277309,[],[],"['numpy', 'scikit-learn', 'sql', 'data analysis', 'nlp', 'git', 'tensorflow', 'machine learning', 'pytorch', 'data science', 'deep learning', 'data visualization', 'natural language processing', 'python', 'pandas']",0,4.418175520694116
295,TEACHER,6.310632828277919,[],[],"['numpy', 'scikit-learn', 'sql', 'data analysis', 'nlp', 'git', 'tensorflow', 'machine learning', 'pytorch', 'data science', 'deep learning', 'data visualization', 'natural language processing', 'python', 'pandas']",0,4.417442979794543
296,BANKING,3.433824138699145,['sql'],['sql'],"['numpy', 'scikit-learn', 'data analysis', 'nlp', 'git', 'tensorflow', 'machine learning', 'pytorch', 'data science', 'deep learning', 'data visualization', 'natural language processing', 'python', 'pandas']",1,4.403676897089401
297,INFORMATION-TECHNOLOGY,3.4286647031141224,['sql'],['sql'],"['numpy', 'scikit-learn', 'data analysis', 'nlp', 'git', 'tensorflow', 'machine learning', 'pytorch', 'data science', 'deep learning', 'data visualization', 'natural language processing', 'python', 'pandas']",1,4.400065292179885
298,BANKING,3.428136140180594,['sql'],['sql'],"['numpy', 'scikit-learn', 'data analysis', 'nlp', 'git', 'tensorflow', 'machine learning', 'pytorch', 'data science', 'deep learning', 'data visualization', 'natural language processing', 'python', 'pandas']",1,4.3996952981264155
299,DIGITAL-MEDIA,3.428117825222146,['git'],['git'],"['numpy', 'scikit-learn', 'sql', 'data analysis', 'nlp', 'tensorflow', 'machine learning', 'pytorch', 'data science', 'deep learning', 'data visualization', 'natural language processing', 'python', 'pandas']",1,4.399682477655502
300,ARTS,3.4178306834834826,['git'],['git'],"['numpy', 'scikit-learn', 'sql', 'data analysis', 'nlp', 'tensorflow', 'machine learning', 'pytorch', 'data science', 'deep learning', 'data visualization', 'natural language processing', 'python', 'pandas']",1,4.392481478438437
301,PUBLIC-RELATIONS,3.4168417535083533,['git'],['git'],"['numpy', 'scikit-learn', 'sql', 'data analysis', 'nlp', 'tensorflow', 'machine learning', 'pytorch', 'data science', 'deep learning', 'data visualization', 'natural language processing', 'python', 'pandas']",1,4.391789227455847
302,TEACHER,6.270513340635789,[],[],"['numpy', 'scikit-learn', 'sql', 'data analysis', 'nlp', 'git', 'tensorflow', 'machine learning', 'pytorch', 'data science', 'deep learning', 'data visualization', 'natural language processing', 'python', 'pandas']",0,4.389359338445052
303,ENGINEERING,3.4127398104476625,['git'],['git'],"['numpy', 'scikit-learn', 'sql', 'data analysis', 'nlp', 'tensorflow', 'machine learning', 'pytorch', 'data science', 'deep learning', 'data visualization', 'natural language processing', 'python', 'pandas']",1,4.3889178673133635
304,TEACHER,6.268671590619476,[],[],"['numpy', 'scikit-learn', 'sql', 'data analysis', 'nlp', 'git', 'tensorflow', 'machine learning', 'pytorch', 'data science', 'deep learning', 'data visualization', 'natural language processing', 'python', 'pandas']",0,4.388070113433633
305,AGRICULTURE,3.4098520509273347,['sql'],['sql'],"['numpy', 'scikit-learn', 'data analysis', 'nlp', 'git', 'tensorflow', 'machine learning', 'pytorch', 'data science', 'deep learning', 'data visualization', 'natural language processing', 'python', 'pandas']",1,4.386896435649135
306,TEACHER,6.261975785321205,[],[],"['numpy', 'scikit-learn', 'sql', 'data analysis', 'nlp', 'git', 'tensorflow', 'machine learning', 'pytorch', 'data science', 'deep learning', 'data visualization', 'natural language processing', 'python', 'pandas']",0,4.383383049724843
307,ENGINEERING,6.250395475120244,[],[],"['numpy', 'scikit-learn', 'sql', 'data analysis', 'nlp', 'git', 'tensorflow', 'machine learning', 'pytorch', 'data science', 'deep learning', 'data visualization', 'natural language processing', 'python', 'pandas']",0,4.37527683258417
308,CHEF,6.1956449664756335,[],[],"['numpy', 'scikit-learn', 'sql', 'data analysis', 'nlp', 'git', 'tensorflow', 'machine learning', 'pytorch', 'data science', 'deep learning', 'data visualization', 'natural language processing', 'python', 'pandas']",0,4.336951476532943
309,FINANCE,3.312963036650532,['sql'],['sql'],"['numpy', 'scikit-learn', 'data analysis', 'nlp', 'git', 'tensorflow', 'machine learning', 'pytorch', 'data science', 'deep learning', 'data visualization', 'natural language processing', 'python', 'pandas']",1,4.319074125655372
310,ARTS,3.308631002935632,['git'],['git'],"['numpy', 'scikit-learn', 'sql', 'data analysis', 'nlp', 'tensorflow', 'machine learning', 'pytorch', 'data science', 'deep learning', 'data visualization', 'natural language processing', 'python', 'pandas']",1,4.316041702054942
311,HEALTHCARE,6.160737092839027,[],[],"['numpy', 'scikit-learn', 'sql', 'data analysis', 'nlp', 'git', 'tensorflow', 'machine learning', 'pytorch', 'data science', 'deep learning', 'data visualization', 'natural language processing', 'python', 'pandas']",0,4.312515964987319
312,APPAREL,3.286321495056807,['git'],['git'],"['numpy', 'scikit-learn', 'sql', 'data analysis', 'nlp', 'tensorflow', 'machine learning', 'pytorch', 'data science', 'deep learning', 'data visualization', 'natural language processing', 'python', 'pandas']",1,4.300425046539765
313,DIGITAL-MEDIA,3.281453040238125,['sql'],['sql'],"['numpy', 'scikit-learn', 'data analysis', 'nlp', 'git', 'tensorflow', 'machine learning', 'pytorch', 'data science', 'deep learning', 'data visualization', 'natural language processing', 'python', 'pandas']",1,4.297017128166687
314,BUSINESS-DEVELOPMENT,6.1141000643115975,[],[],"['numpy', 'scikit-learn', 'sql', 'data analysis', 'nlp', 'git', 'tensorflow', 'machine learning', 'pytorch', 'data science', 'deep learning', 'data visualization', 'natural language processing', 'python', 'pandas']",0,4.279870045018118
315,FITNESS,3.256226527522535,['git'],['git'],"['numpy', 'scikit-learn', 'sql', 'data analysis', 'nlp', 'tensorflow', 'machine learning', 'pytorch', 'data science', 'deep learning', 'data visualization', 'natural language processing', 'python', 'pandas']",1,4.279358569265774
316,HEALTHCARE,3.250962286781521,['data analysis'],['data analysis'],"['numpy', 'scikit-learn', 'sql', 'nlp', 'git', 'tensorflow', 'machine learning', 'pytorch', 'data science', 'deep learning', 'data visualization', 'natural language processing', 'python', 'pandas']",1,4.275673600747065
317,ARTS,6.102531202999659,[],[],"['numpy', 'scikit-learn', 'sql', 'data analysis', 'nlp', 'git', 'tensorflow', 'machine learning', 'pytorch', 'data science', 'deep learning', 'data visualization', 'natural language processing', 'python', 'pandas']",0,4.271771842099761
318,FINANCE,3.232709205355416,['sql'],['sql'],"['numpy', 'scikit-learn', 'data analysis', 'nlp', 'git', 'tensorflow', 'machine learning', 'pytorch', 'data science', 'deep learning', 'data visualization', 'natural language processing', 'python', 'pandas']",1,4.262896443748791
319,DESIGNER,3.2220152112124643,['git'],['git'],"['numpy', 'scikit-learn', 'sql', 'data analysis', 'nlp', 'tensorflow', 'machine learning', 'pytorch', 'data science', 'deep learning', 'data visualization', 'natural language processing', 'python', 'pandas']",1,4.255410647848725
320,BANKING,3.2204220201690203,['sql'],['sql'],"['numpy', 'scikit-learn', 'data analysis', 'nlp', 'git', 'tensorflow', 'machine learning', 'pytorch', 'data science', 'deep learning', 'data visualization', 'natural language processing', 'python', 'pandas']",1,4.254295414118314
321,ENGINEERING,6.060748710710993,[],[],"['numpy', 'scikit-learn', 'sql', 'data analysis', 'nlp', 'git', 'tensorflow', 'machine learning', 'pytorch', 'data science', 'deep learning', 'data visualization', 'natural language processing', 'python', 'pandas']",0,4.242524097497695
322,ENGINEERING,3.1657260469921353,['git'],['git'],"['numpy', 'scikit-learn', 'sql', 'data analysis', 'nlp', 'tensorflow', 'machine learning', 'pytorch', 'data science', 'deep learning', 'data visualization', 'natural language processing', 'python', 'pandas']",1,4.216008232894495
323,FITNESS,5.998923758742538,[],[],"['numpy', 'scikit-learn', 'sql', 'data analysis', 'nlp', 'git', 'tensorflow', 'machine learning', 'pytorch', 'data science', 'deep learning', 'data visualization', 'natural language processing', 'python', 'pandas']",0,4.1992466311197765
324,INFORMATION-TECHNOLOGY,5.998349635781588,[],[],"['numpy', 'scikit-learn', 'sql', 'data analysis', 'nlp', 'git', 'tensorflow', 'machine learning', 'pytorch', 'data science', 'deep learning', 'data visualization', 'natural language processing', 'python', 'pandas']",0,4.198844745047111
325,BUSINESS-DEVELOPMENT,3.1350246189064497,['data analysis'],['data analysis'],"['numpy', 'scikit-learn', 'sql', 'nlp', 'git', 'tensorflow', 'machine learning', 'pytorch', 'data science', 'deep learning', 'data visualization', 'natural language processing', 'python', 'pandas']",1,4.194517233234515
326,BANKING,3.1165342950862374,['git'],['git'],"['numpy', 'scikit-learn', 'sql', 'data analysis', 'nlp', 'tensorflow', 'machine learning', 'pytorch', 'data science', 'deep learning', 'data visualization', 'natural language processing', 'python', 'pandas']",1,4.181574006560366
327,FINANCE,3.115394039083883,['data analysis'],['data analysis'],"['numpy', 'scikit-learn', 'sql', 'nlp', 'git', 'tensorflow', 'machine learning', 'pytorch', 'data science', 'deep learning', 'data visualization', 'natural language processing', 'python', 'pandas']",1,4.180775827358718
328,ADVOCATE,3.106195099288301,['data analysis'],['data analysis'],"['numpy', 'scikit-learn', 'sql', 'nlp', 'git', 'tensorflow', 'machine learning', 'pytorch', 'data science', 'deep learning', 'data visualization', 'natural language processing', 'python', 'pandas']",1,4.174336569501811
329,INFORMATION-TECHNOLOGY,3.0953120614391696,['git'],['git'],"['numpy', 'scikit-learn', 'sql', 'data analysis', 'nlp', 'tensorflow', 'machine learning', 'pytorch', 'data science', 'deep learning', 'data visualization', 'natural language processing', 'python', 'pandas']",1,4.166718443007419
330,AUTOMOBILE,5.947990542773683,[],[],"['numpy', 'scikit-learn', 'sql', 'data analysis', 'nlp', 'git', 'tensorflow', 'machine learning', 'pytorch', 'data science', 'deep learning', 'data visualization', 'natural language processing', 'python', 'pandas']",0,4.163593379941577
331,TEACHER,5.936763840549504,[],[],"['numpy', 'scikit-learn', 'sql', 'data analysis', 'nlp', 'git', 'tensorflow', 'machine learning', 'pytorch', 'data science', 'deep learning', 'data visualization', 'natural language processing', 'python', 'pandas']",0,4.155734688384652
332,FITNESS,3.0735997765316716,['data analysis'],['data analysis'],"['numpy', 'scikit-learn', 'sql', 'nlp', 'git', 'tensorflow', 'machine learning', 'pytorch', 'data science', 'deep learning', 'data visualization', 'natural language processing', 'python', 'pandas']",1,4.15151984357217
333,INFORMATION-TECHNOLOGY,3.062030302844036,['sql'],['sql'],"['numpy', 'scikit-learn', 'data analysis', 'nlp', 'git', 'tensorflow', 'machine learning', 'pytorch', 'data science', 'deep learning', 'data visualization', 'natural language processing', 'python', 'pandas']",1,4.143421211990825
334,AVIATION,3.056710013240148,['git'],['git'],"['numpy', 'scikit-learn', 'sql', 'data analysis', 'nlp', 'tensorflow', 'machine learning', 'pytorch', 'data science', 'deep learning', 'data visualization', 'natural language processing', 'python', 'pandas']",1,4.139697009268104
335,HEALTHCARE,3.0400087824591786,['sql'],['sql'],"['numpy', 'scikit-learn', 'data analysis', 'nlp', 'git', 'tensorflow', 'machine learning', 'pytorch', 'data science', 'deep learning', 'data visualization', 'natural language processing', 'python', 'pandas']",1,4.128006147721425
336,FINANCE,3.0346490965993995,['sql'],['sql'],"['numpy', 'scikit-learn', 'data analysis', 'nlp', 'git', 'tensorflow', 'machine learning', 'pytorch', 'data science', 'deep learning', 'data visualization', 'natural language processing', 'python', 'pandas']",1,4.12425436761958
337,SALES,5.885773505954354,[],[],"['numpy', 'scikit-learn', 'sql', 'data analysis', 'nlp', 'git', 'tensorflow', 'machine learning', 'pytorch', 'data science', 'deep learning', 'data visualization', 'natural language processing', 'python', 'pandas']",0,4.120041454168048
338,DESIGNER,3.0270184932446984,['sql'],['sql'],"['numpy', 'scikit-learn', 'data analysis', 'nlp', 'git', 'tensorflow', 'machine learning', 'pytorch', 'data science', 'deep learning', 'data visualization', 'natural language processing', 'python', 'pandas']",1,4.118912945271289
339,INFORMATION-TECHNOLOGY,2.987816803355374,['sql'],['sql'],"['numpy', 'scikit-learn', 'data analysis', 'nlp', 'git', 'tensorflow', 'machine learning', 'pytorch', 'data science', 'deep learning', 'data visualization', 'natural language processing', 'python', 'pandas']",1,4.091471762348762
340,ARTS,5.842934721309052,[],[],"['numpy', 'scikit-learn', 'sql', 'data analysis', 'nlp', 'git', 'tensorflow', 'machine learning', 'pytorch', 'data science', 'deep learning', 'data visualization', 'natural language processing', 'python', 'pandas']",0,4.090054304916336
341,FITNESS,2.9758646690845723,['data analysis'],['data analysis'],"['numpy', 'scikit-learn', 'sql', 'nlp', 'git', 'tensorflow', 'machine learning', 'pytorch', 'data science', 'deep learning', 'data visualization', 'natural language processing', 'python', 'pandas']",1,4.0831052683592
342,TEACHER,5.817662997750593,[],[],"['numpy', 'scikit-learn', 'sql', 'data analysis', 'nlp', 'git', 'tensorflow', 'machine learning', 'pytorch', 'data science', 'deep learning', 'data visualization', 'natural language processing', 'python', 'pandas']",0,4.072364098425415
343,DIGITAL-MEDIA,2.9505224266411965,['git'],['git'],"['numpy', 'scikit-learn', 'sql', 'data analysis', 'nlp', 'tensorflow', 'machine learning', 'pytorch', 'data science', 'deep learning', 'data visualization', 'natural language processing', 'python', 'pandas']",1,4.065365698648837
344,CONSULTANT,2.946111151300204,['sql'],['sql'],"['numpy', 'scikit-learn', 'data analysis', 'nlp', 'git', 'tensorflow', 'machine learning', 'pytorch', 'data science', 'deep learning', 'data visualization', 'natural language processing', 'python', 'pandas']",1,4.062277805910142
345,INFORMATION-TECHNOLOGY,2.921175413832408,['sql'],['sql'],"['numpy', 'scikit-learn', 'data analysis', 'nlp', 'git', 'tensorflow', 'machine learning', 'pytorch', 'data science', 'deep learning', 'data visualization', 'natural language processing', 'python', 'pandas']",1,4.044822789682685
346,HEALTHCARE,2.92097780305547,['data analysis'],['data analysis'],"['numpy', 'scikit-learn', 'sql', 'nlp', 'git', 'tensorflow', 'machine learning', 'pytorch', 'data science', 'deep learning', 'data visualization', 'natural language processing', 'python', 'pandas']",1,4.044684462138829
347,CONSULTANT,2.915587855980966,['sql'],['sql'],"['numpy', 'scikit-learn', 'data analysis', 'nlp', 'git', 'tensorflow', 'machine learning', 'pytorch', 'data science', 'deep learning', 'data visualization', 'natural language processing', 'python', 'pandas']",1,4.0409114991866755
348,INFORMATION-TECHNOLOGY,2.9051653464629035,['sql'],['sql'],"['numpy', 'scikit-learn', 'data analysis', 'nlp', 'git', 'tensorflow', 'machine learning', 'pytorch', 'data science', 'deep learning', 'data visualization', 'natural language processing', 'python', 'pandas']",1,4.033615742524033
349,CHEF,5.760520077131673,[],[],"['numpy', 'scikit-learn', 'sql', 'data analysis', 'nlp', 'git', 'tensorflow', 'machine learning', 'pytorch', 'data science', 'deep learning', 'data visualization', 'natural language processing', 'python', 'pandas']",0,4.032364053992171
350,HEALTHCARE,2.896713140942648,['git'],['git'],"['numpy', 'scikit-learn', 'sql', 'data analysis', 'nlp', 'tensorflow', 'machine learning', 'pytorch', 'data science', 'deep learning', 'data visualization', 'natural language processing', 'python', 'pandas']",1,4.027699198659853
351,ENGINEERING,5.750537882470221,[],[],"['numpy', 'scikit-learn', 'sql', 'data analysis', 'nlp', 'git', 'tensorflow', 'machine learning', 'pytorch', 'data science', 'deep learning', 'data visualization', 'natural language processing', 'python', 'pandas']",0,4.025376517729154
352,ARTS,5.744959131110373,[],[],"['numpy', 'scikit-learn', 'sql', 'data analysis', 'nlp', 'git', 'tensorflow', 'machine learning', 'pytorch', 'data science', 'deep learning', 'data visualization', 'natural language processing', 'python', 'pandas']",0,4.02147139177726
353,HR,2.880956596584711,['sql'],['sql'],"['numpy', 'scikit-learn', 'data analysis', 'nlp', 'git', 'tensorflow', 'machine learning', 'pytorch', 'data science', 'deep learning', 'data visualization', 'natural language processing', 'python', 'pandas']",1,4.016669617609297
354,ARTS,2.8652227765823115,['data analysis'],['data analysis'],"['numpy', 'scikit-learn', 'sql', 'nlp', 'git', 'tensorflow', 'machine learning', 'pytorch', 'data science', 'deep learning', 'data visualization', 'natural language processing', 'python', 'pandas']",1,4.005655943607618
355,AVIATION,5.716532519656125,[],[],"['numpy', 'scikit-learn', 'sql', 'data analysis', 'nlp', 'git', 'tensorflow', 'machine learning', 'pytorch', 'data science', 'deep learning', 'data visualization', 'natural language processing', 'python', 'pandas']",0,4.001572763759287
356,ADVOCATE,5.7094418795737845,[],[],"['numpy', 'scikit-learn', 'sql', 'data analysis', 'nlp', 'git', 'tensorflow', 'machine learning', 'pytorch', 'data science', 'deep learning', 'data visualization', 'natural language processing', 'python', 'pandas']",0,3.9966093157016487
357,CONSULTANT,2.8498968469562214,['sql'],['sql'],"['numpy', 'scikit-learn', 'data analysis', 'nlp', 'git', 'tensorflow', 'machine learning', 'pytorch', 'data science', 'deep learning', 'data visualization', 'natural language processing', 'python', 'pandas']",1,3.9949277928693547
358,AGRICULTURE,2.848897984353732,['data analysis'],['data analysis'],"['numpy', 'scikit-learn', 'sql', 'nlp', 'git', 'tensorflow', 'machine learning', 'pytorch', 'data science', 'deep learning', 'data visualization', 'natural language processing', 'python', 'pandas']",1,3.994228589047612
359,BUSINESS-DEVELOPMENT,2.8419600543602073,['data analysis'],['data analysis'],"['numpy', 'scikit-learn', 'sql', 'nlp', 'git', 'tensorflow', 'machine learning', 'pytorch', 'data science', 'deep learning', 'data visualization', 'natural language processing', 'python', 'pandas']",1,3.989372038052145
360,FITNESS,5.684921435769146,[],[],"['numpy', 'scikit-learn', 'sql', 'data analysis', 'nlp', 'git', 'tensorflow', 'machine learning', 'pytorch', 'data science', 'deep learning', 'data visualization', 'natural language processing', 'python', 'pandas']",0,3.9794450050384023
361,PUBLIC-RELATIONS,2.8124934190926196,['python'],['python'],"['numpy', 'scikit-learn', 'sql', 'data analysis', 'nlp', 'git', 'tensorflow', 'machine learning', 'pytorch', 'data science', 'deep learning', 'data visualization', 'natural language processing', 'pandas']",1,3.9687453933648333
362,BANKING,2.8123368110711278,['data analysis'],['data analysis'],"['numpy', 'scikit-learn', 'sql', 'nlp', 'git', 'tensorflow', 'machine learning', 'pytorch', 'data science', 'deep learning', 'data visualization', 'natural language processing', 'python', 'pandas']",1,3.968635767749789
363,AVIATION,2.8099445989143104,['data analysis'],['data analysis'],"['numpy', 'scikit-learn', 'sql', 'nlp', 'git', 'tensorflow', 'machine learning', 'pytorch', 'data science', 'deep learning', 'data visualization', 'natural language processing', 'python', 'pandas']",1,3.966961219240017
364,ENGINEERING,2.8018121651505314,['git'],['git'],"['numpy', 'scikit-learn', 'sql', 'data analysis', 'nlp', 'tensorflow', 'machine learning', 'pytorch', 'data science', 'deep learning', 'data visualization', 'natural language processing', 'python', 'pandas']",1,3.961268515605372
365,ARTS,2.7897268566791817,['git'],['git'],"['numpy', 'scikit-learn', 'sql', 'data analysis', 'nlp', 'tensorflow', 'machine learning', 'pytorch', 'data science', 'deep learning', 'data visualization', 'natural language processing', 'python', 'pandas']",1,3.9528087996754273
366,AVIATION,5.645899956465697,[],[],"['numpy', 'scikit-learn', 'sql', 'data analysis', 'nlp', 'git', 'tensorflow', 'machine learning', 'pytorch', 'data science', 'deep learning', 'data visualization', 'natural language processing', 'python', 'pandas']",0,3.9521299695259877
367,DESIGNER,5.63516319715933,[],[],"['numpy', 'scikit-learn', 'sql', 'data analysis', 'nlp', 'git', 'tensorflow', 'machine learning', 'pytorch', 'data science', 'deep learning', 'data visualization', 'natural language processing', 'python', 'pandas']",0,3.944614238011531
368,APPAREL,5.633808937429663,[],[],"['numpy', 'scikit-learn', 'sql', 'data analysis', 'nlp', 'git', 'tensorflow', 'machine learning', 'pytorch', 'data science', 'deep learning', 'data visualization', 'natural language processing', 'python', 'pandas']",0,3.9436662562007636
369,TEACHER,5.618087187304594,[],[],"['numpy', 'scikit-learn', 'sql', 'data analysis', 'nlp', 'git', 'tensorflow', 'machine learning', 'pytorch', 'data science', 'deep learning', 'data visualization', 'natural language processing', 'python', 'pandas']",0,3.9326610311132155
370,AUTOMOBILE,2.7572876602241534,['data analysis'],['data analysis'],"['numpy', 'scikit-learn', 'sql', 'nlp', 'git', 'tensorflow', 'machine learning', 'pytorch', 'data science', 'deep learning', 'data visualization', 'natural language processing', 'python', 'pandas']",1,3.930101362156907
371,DIGITAL-MEDIA,2.745447715340625,['git'],['git'],"['numpy', 'scikit-learn', 'sql', 'data analysis', 'nlp', 'tensorflow', 'machine learning', 'pytorch', 'data science', 'deep learning', 'data visualization', 'natural language processing', 'python', 'pandas']",1,3.9218134007384373
372,HEALTHCARE,2.7238966882370113,['data analysis'],['data analysis'],"['numpy', 'scikit-learn', 'sql', 'nlp', 'git', 'tensorflow', 'machine learning', 'pytorch', 'data science', 'deep learning', 'data visualization', 'natural language processing', 'python', 'pandas']",1,3.906727681765908
373,CONSULTANT,2.706619644057719,['sql'],['sql'],"['numpy', 'scikit-learn', 'data analysis', 'nlp', 'git', 'tensorflow', 'machine learning', 'pytorch', 'data science', 'deep learning', 'data visualization', 'natural language processing', 'python', 'pandas']",1,3.894633750840403
374,BANKING,5.558920861872909,[],[],"['numpy', 'scikit-learn', 'sql', 'data analysis', 'nlp', 'git', 'tensorflow', 'machine learning', 'pytorch', 'data science', 'deep learning', 'data visualization', 'natural language processing', 'python', 'pandas']",0,3.8912446033110357
375,PUBLIC-RELATIONS,5.55750309513028,[],[],"['numpy', 'scikit-learn', 'sql', 'data analysis', 'nlp', 'git', 'tensorflow', 'machine learning', 'pytorch', 'data science', 'deep learning', 'data visualization', 'natural language processing', 'python', 'pandas']",0,3.8902521665911958
376,DESIGNER,5.55585107209376,[],[],"['numpy', 'scikit-learn', 'sql', 'data analysis', 'nlp', 'git', 'tensorflow', 'machine learning', 'pytorch', 'data science', 'deep learning', 'data visualization', 'natural language processing', 'python', 'pandas']",0,3.8890957504656316
377,TEACHER,5.5467189361717555,[],[],"['numpy', 'scikit-learn', 'sql', 'data analysis', 'nlp', 'git', 'tensorflow', 'machine learning', 'pytorch', 'data science', 'deep learning', 'data visualization', 'natural language processing', 'python', 'pandas']",0,3.8827032553202288
378,INFORMATION-TECHNOLOGY,2.6800922935348312,['sql'],['sql'],"['numpy', 'scikit-learn', 'data analysis', 'nlp', 'git', 'tensorflow', 'machine learning', 'pytorch', 'data science', 'deep learning', 'data visualization', 'natural language processing', 'python', 'pandas']",1,3.8760646054743817
379,DIGITAL-MEDIA,2.6791273048449593,['git'],['git'],"['numpy', 'scikit-learn', 'sql', 'data analysis', 'nlp', 'tensorflow', 'machine learning', 'pytorch', 'data science', 'deep learning', 'data visualization', 'natural language processing', 'python', 'pandas']",1,3.8753891133914715
380,ARTS,2.6754228315640027,['git'],['git'],"['numpy', 'scikit-learn', 'sql', 'data analysis', 'nlp', 'tensorflow', 'machine learning', 'pytorch', 'data science', 'deep learning', 'data visualization', 'natural language processing', 'python', 'pandas']",1,3.872795982094802
381,ENGINEERING,2.6664408244114783,['sql'],['sql'],"['numpy', 'scikit-learn', 'data analysis', 'nlp', 'git', 'tensorflow', 'machine learning', 'pytorch', 'data science', 'deep learning', 'data visualization', 'natural language processing', 'python', 'pandas']",1,3.8665085770880347
382,INFORMATION-TECHNOLOGY,2.6653499000250336,['sql'],['sql'],"['numpy', 'scikit-learn', 'data analysis', 'nlp', 'git', 'tensorflow', 'machine learning', 'pytorch', 'data science', 'deep learning', 'data visualization', 'natural language processing', 'python', 'pandas']",1,3.8657449300175233
383,ENGINEERING,2.6630659321801584,['git'],['git'],"['numpy', 'scikit-learn', 'sql', 'data analysis', 'nlp', 'tensorflow', 'machine learning', 'pytorch', 'data science', 'deep learning', 'data visualization', 'natural language processing', 'python', 'pandas']",1,3.8641461525261107
384,HEALTHCARE,2.6600859180475536,['data analysis'],['data analysis'],"['numpy', 'scikit-learn', 'sql', 'nlp', 'git', 'tensorflow', 'machine learning', 'pytorch', 'data science', 'deep learning', 'data visualization', 'natural language processing', 'python', 'pandas']",1,3.8620601426332875
385,ENGINEERING,2.659651809134189,['sql'],['sql'],"['numpy', 'scikit-learn', 'data analysis', 'nlp', 'git', 'tensorflow', 'machine learning', 'pytorch', 'data science', 'deep learning', 'data visualization', 'natural language processing', 'python', 'pandas']",1,3.8617562663939324
386,FITNESS,2.6463930987861723,['git'],['git'],"['numpy', 'scikit-learn', 'sql', 'data analysis', 'nlp', 'tensorflow', 'machine learning', 'pytorch', 'data science', 'deep learning', 'data visualization', 'natural language processing', 'python', 'pandas']",1,3.8524751691503205
387,FINANCE,5.4982566013411285,[],[],"['numpy', 'scikit-learn', 'sql', 'data analysis', 'nlp', 'git', 'tensorflow', 'machine learning', 'pytorch', 'data science', 'deep learning', 'data visualization', 'natural language processing', 'python', 'pandas']",0,3.8487796209387897
388,SALES,2.6309819951285367,['git'],['git'],"['numpy', 'scikit-learn', 'sql', 'data analysis', 'nlp', 'tensorflow', 'machine learning', 'pytorch', 'data science', 'deep learning', 'data visualization', 'natural language processing', 'python', 'pandas']",1,3.8416873965899754
389,ENGINEERING,2.6016333174878685,['data analysis'],['data analysis'],"['numpy', 'scikit-learn', 'sql', 'nlp', 'git', 'tensorflow', 'machine learning', 'pytorch', 'data science', 'deep learning', 'data visualization', 'natural language processing', 'python', 'pandas']",1,3.821143322241508
390,SALES,2.589409722058145,['data analysis'],['data analysis'],"['numpy', 'scikit-learn', 'sql', 'nlp', 'git', 'tensorflow', 'machine learning', 'pytorch', 'data science', 'deep learning', 'data visualization', 'natural language processing', 'python', 'pandas']",1,3.8125868054407013
391,INFORMATION-TECHNOLOGY,2.562325055435906,['sql'],['sql'],"['numpy', 'scikit-learn', 'data analysis', 'nlp', 'git', 'tensorflow', 'machine learning', 'pytorch', 'data science', 'deep learning', 'data visualization', 'natural language processing', 'python', 'pandas']",1,3.793627538805134
392,BUSINESS-DEVELOPMENT,2.556079229503712,['git'],['git'],"['numpy', 'scikit-learn', 'sql', 'data analysis', 'nlp', 'tensorflow', 'machine learning', 'pytorch', 'data science', 'deep learning', 'data visualization', 'natural language processing', 'python', 'pandas']",1,3.7892554606525986
393,FINANCE,2.5450147564324515,['data analysis'],['data analysis'],"['numpy', 'scikit-learn', 'sql', 'nlp', 'git', 'tensorflow', 'machine learning', 'pytorch', 'data science', 'deep learning', 'data visualization', 'natural language processing', 'python', 'pandas']",1,3.7815103295027157
394,BANKING,5.3997218030210385,[],[],"['numpy', 'scikit-learn', 'sql', 'data analysis', 'nlp', 'git', 'tensorflow', 'machine learning', 'pytorch', 'data science', 'deep learning', 'data visualization', 'natural language processing', 'python', 'pandas']",0,3.779805262114727
395,ACCOUNTANT,2.532329654212875,['data analysis'],['data analysis'],"['numpy', 'scikit-learn', 'sql', 'nlp', 'git', 'tensorflow', 'machine learning', 'pytorch', 'data science', 'deep learning', 'data visualization', 'natural language processing', 'python', 'pandas']",1,3.7726307579490124
396,BANKING,2.531972632456925,['sql'],['sql'],"['numpy', 'scikit-learn', 'data analysis', 'nlp', 'git', 'tensorflow', 'machine learning', 'pytorch', 'data science', 'deep learning', 'data visualization', 'natural language processing', 'python', 'pandas']",1,3.7723808427198477
397,ACCOUNTANT,2.5218403523500212,['sql'],['sql'],"['numpy', 'scikit-learn', 'data analysis', 'nlp', 'git', 'tensorflow', 'machine learning', 'pytorch', 'data science', 'deep learning', 'data visualization', 'natural language processing', 'python', 'pandas']",1,3.7652882466450146
398,TEACHER,5.368435655379575,[],[],"['numpy', 'scikit-learn', 'sql', 'data analysis', 'nlp', 'git', 'tensorflow', 'machine learning', 'pytorch', 'data science', 'deep learning', 'data visualization', 'natural language processing', 'python', 'pandas']",0,3.7579049587657023
399,CONSULTANT,5.36169848615102,[],[],"['numpy', 'scikit-learn', 'sql', 'data analysis', 'nlp', 'git', 'tensorflow', 'machine learning', 'pytorch', 'data science', 'deep learning', 'data visualization', 'natural language processing', 'python', 'pandas']",0,3.753188940305714
400,ENGINEERING,5.361620336859879,[],[],"['numpy', 'scikit-learn', 'sql', 'data analysis', 'nlp', 'git', 'tensorflow', 'machine learning', 'pytorch', 'data science', 'deep learning', 'data visualization', 'natural language processing', 'python', 'pandas']",0,3.753134235801915
401,DIGITAL-MEDIA,2.5011624619760404,['git'],['git'],"['numpy', 'scikit-learn', 'sql', 'data analysis', 'nlp', 'tensorflow', 'machine learning', 'pytorch', 'data science', 'deep learning', 'data visualization', 'natural language processing', 'python', 'pandas']",1,3.750813723383228
402,AUTOMOBILE,5.353613246605382,[],[],"['numpy', 'scikit-learn', 'sql', 'data analysis', 'nlp', 'git', 'tensorflow', 'machine learning', 'pytorch', 'data science', 'deep learning', 'data visualization', 'natural language processing', 'python', 'pandas']",0,3.747529272623767
403,INFORMATION-TECHNOLOGY,2.4833065552685287,['sql'],['sql'],"['numpy', 'scikit-learn', 'data analysis', 'nlp', 'git', 'tensorflow', 'machine learning', 'pytorch', 'data science', 'deep learning', 'data visualization', 'natural language processing', 'python', 'pandas']",1,3.7383145886879703
404,ACCOUNTANT,2.4499965166026523,['data analysis'],['data analysis'],"['numpy', 'scikit-learn', 'sql', 'nlp', 'git', 'tensorflow', 'machine learning', 'pytorch', 'data science', 'deep learning', 'data visualization', 'natural language processing', 'python', 'pandas']",1,3.7149975616218565
405,ACCOUNTANT,5.295186987980131,[],[],"['numpy', 'scikit-learn', 'sql', 'data analysis', 'nlp', 'git', 'tensorflow', 'machine learning', 'pytorch', 'data science', 'deep learning', 'data visualization', 'natural language processing', 'python', 'pandas']",0,3.7066308915860913
406,CONSTRUCTION,2.4288665502784927,['git'],['git'],"['numpy', 'scikit-learn', 'sql', 'data analysis', 'nlp', 'tensorflow', 'machine learning', 'pytorch', 'data science', 'deep learning', 'data visualization', 'natural language processing', 'python', 'pandas']",1,3.7002065851949446
407,CONSULTANT,2.4233844267254874,['git'],['git'],"['numpy', 'scikit-learn', 'sql', 'data analysis', 'nlp', 'tensorflow', 'machine learning', 'pytorch', 'data science', 'deep learning', 'data visualization', 'natural language processing', 'python', 'pandas']",1,3.696369098707841
408,FINANCE,2.423106267176967,['data analysis'],['data analysis'],"['numpy', 'scikit-learn', 'sql', 'nlp', 'git', 'tensorflow', 'machine learning', 'pytorch', 'data science', 'deep learning', 'data visualization', 'natural language processing', 'python', 'pandas']",1,3.696174387023877
409,ENGINEERING,5.272361392951944,[],[],"['numpy', 'scikit-learn', 'sql', 'data analysis', 'nlp', 'git', 'tensorflow', 'machine learning', 'pytorch', 'data science', 'deep learning', 'data visualization', 'natural language processing', 'python', 'pandas']",0,3.6906529750663606
410,INFORMATION-TECHNOLOGY,2.4110966588883302,['sql'],['sql'],"['numpy', 'scikit-learn', 'data analysis', 'nlp', 'git', 'tensorflow', 'machine learning', 'pytorch', 'data science', 'deep learning', 'data visualization', 'natural language processing', 'python', 'pandas']",1,3.687767661221831
411,ENGINEERING,5.237786495101795,[],[],"['numpy', 'scikit-learn', 'sql', 'data analysis', 'nlp', 'git', 'tensorflow', 'machine learning', 'pytorch', 'data science', 'deep learning', 'data visualization', 'natural language processing', 'python', 'pandas']",0,3.666450546571256
412,BPO,2.375661137008284,['data analysis'],['data analysis'],"['numpy', 'scikit-learn', 'sql', 'nlp', 'git', 'tensorflow', 'machine learning', 'pytorch', 'data science', 'deep learning', 'data visualization', 'natural language processing', 'python', 'pandas']",1,3.6629627959057984
413,INFORMATION-TECHNOLOGY,2.360118941084317,['git'],['git'],"['numpy', 'scikit-learn', 'sql', 'data analysis', 'nlp', 'tensorflow', 'machine learning', 'pytorch', 'data science', 'deep learning', 'data visualization', 'natural language processing', 'python', 'pandas']",1,3.652083258759022
414,ARTS,2.3561085802896735,['sql'],['sql'],"['numpy', 'scikit-learn', 'data analysis', 'nlp', 'git', 'tensorflow', 'machine learning', 'pytorch', 'data science', 'deep learning', 'data visualization', 'natural language processing', 'python', 'pandas']",1,3.649276006202771
415,ADVOCATE,5.209655441198226,[],[],"['numpy', 'scikit-learn', 'sql', 'data analysis', 'nlp', 'git', 'tensorflow', 'machine learning', 'pytorch', 'data science', 'deep learning', 'data visualization', 'natural language processing', 'python', 'pandas']",0,3.646758808838758
416,BANKING,2.342628238243305,['sql'],['sql'],"['numpy', 'scikit-learn', 'data analysis', 'nlp', 'git', 'tensorflow', 'machine learning', 'pytorch', 'data science', 'deep learning', 'data visualization', 'natural language processing', 'python', 'pandas']",1,3.6398397667703133
417,TEACHER,5.197671525167447,[],[],"['numpy', 'scikit-learn', 'sql', 'data analysis', 'nlp', 'git', 'tensorflow', 'machine learning', 'pytorch', 'data science', 'deep learning', 'data visualization', 'natural language processing', 'python', 'pandas']",0,3.638370067617213
418,BANKING,5.187808934321157,[],[],"['numpy', 'scikit-learn', 'sql', 'data analysis', 'nlp', 'git', 'tensorflow', 'machine learning', 'pytorch', 'data science', 'deep learning', 'data visualization', 'natural language processing', 'python', 'pandas']",0,3.6314662540248097
419,PUBLIC-RELATIONS,2.328639725882652,['git'],['git'],"['numpy', 'scikit-learn', 'sql', 'data analysis', 'nlp', 'tensorflow', 'machine learning', 'pytorch', 'data science', 'deep learning', 'data visualization', 'natural language processing', 'python', 'pandas']",1,3.6300478081178564
420,INFORMATION-TECHNOLOGY,2.323629853500815,['sql'],['sql'],"['numpy', 'scikit-learn', 'data analysis', 'nlp', 'git', 'tensorflow', 'machine learning', 'pytorch', 'data science', 'deep learning', 'data visualization', 'natural language processing', 'python', 'pandas']",1,3.62654089745057
421,TEACHER,5.180436225606299,[],[],"['numpy', 'scikit-learn', 'sql', 'data analysis', 'nlp', 'git', 'tensorflow', 'machine learning', 'pytorch', 'data science', 'deep learning', 'data visualization', 'natural language processing', 'python', 'pandas']",0,3.626305357924409
422,APPAREL,5.178080103503063,[],[],"['numpy', 'scikit-learn', 'sql', 'data analysis', 'nlp', 'git', 'tensorflow', 'machine learning', 'pytorch', 'data science', 'deep learning', 'data visualization', 'natural language processing', 'python', 'pandas']",0,3.6246560724521437
423,DESIGNER,2.3149832748797947,['git'],['git'],"['numpy', 'scikit-learn', 'sql', 'data analysis', 'nlp', 'tensorflow', 'machine learning', 'pytorch', 'data science', 'deep learning', 'data visualization', 'natural language processing', 'python', 'pandas']",1,3.620488292415856
424,INFORMATION-TECHNOLOGY,2.311148351996364,['sql'],['sql'],"['numpy', 'scikit-learn', 'data analysis', 'nlp', 'git', 'tensorflow', 'machine learning', 'pytorch', 'data science', 'deep learning', 'data visualization', 'natural language processing', 'python', 'pandas']",1,3.6178038463974547
425,HEALTHCARE,2.3089632228447132,['git'],['git'],"['numpy', 'scikit-learn', 'sql', 'data analysis', 'nlp', 'tensorflow', 'machine learning', 'pytorch', 'data science', 'deep learning', 'data visualization', 'natural language processing', 'python', 'pandas']",1,3.616274255991299
426,HEALTHCARE,2.2972017444959416,['data analysis'],['data analysis'],"['numpy', 'scikit-learn', 'sql', 'nlp', 'git', 'tensorflow', 'machine learning', 'pytorch', 'data science', 'deep learning', 'data visualization', 'natural language processing', 'python', 'pandas']",1,3.6080412211471593
427,APPAREL,5.139968664853782,[],[],"['numpy', 'scikit-learn', 'sql', 'data analysis', 'nlp', 'git', 'tensorflow', 'machine learning', 'pytorch', 'data science', 'deep learning', 'data visualization', 'natural language processing', 'python', 'pandas']",0,3.597978065397647
428,ENGINEERING,2.278221737811997,['git'],['git'],"['numpy', 'scikit-learn', 'sql', 'data analysis', 'nlp', 'tensorflow', 'machine learning', 'pytorch', 'data science', 'deep learning', 'data visualization', 'natural language processing', 'python', 'pandas']",1,3.594755216468398
429,AGRICULTURE,5.134293531165212,[],[],"['numpy', 'scikit-learn', 'sql', 'data analysis', 'nlp', 'git', 'tensorflow', 'machine learning', 'pytorch', 'data science', 'deep learning', 'data visualization', 'natural language processing', 'python', 'pandas']",0,3.594005471815648
430,AVIATION,2.2724552344542968,['git'],['git'],"['numpy', 'scikit-learn', 'sql', 'data analysis', 'nlp', 'tensorflow', 'machine learning', 'pytorch', 'data science', 'deep learning', 'data visualization', 'natural language processing', 'python', 'pandas']",1,3.5907186641180076
431,TEACHER,5.127611972124383,[],[],"['numpy', 'scikit-learn', 'sql', 'data analysis', 'nlp', 'git', 'tensorflow', 'machine learning', 'pytorch', 'data science', 'deep learning', 'data visualization', 'natural language processing', 'python', 'pandas']",0,3.5893283804870677
432,CHEF,5.127528656698076,[],[],"['numpy', 'scikit-learn', 'sql', 'data analysis', 'nlp', 'git', 'tensorflow', 'machine learning', 'pytorch', 'data science', 'deep learning', 'data visualization', 'natural language processing', 'python', 'pandas']",0,3.589270059688653
433,APPAREL,2.262259702698943,['git'],['git'],"['numpy', 'scikit-learn', 'sql', 'data analysis', 'nlp', 'tensorflow', 'machine learning', 'pytorch', 'data science', 'deep learning', 'data visualization', 'natural language processing', 'python', 'pandas']",1,3.5835817918892596
434,INFORMATION-TECHNOLOGY,2.253038032252114,['sql'],['sql'],"['numpy', 'scikit-learn', 'data analysis', 'nlp', 'git', 'tensorflow', 'machine learning', 'pytorch', 'data science', 'deep learning', 'data visualization', 'natural language processing', 'python', 'pandas']",1,3.57712662257648
435,PUBLIC-RELATIONS,2.2524963156401205,['data analysis'],['data analysis'],"['numpy', 'scikit-learn', 'sql', 'nlp', 'git', 'tensorflow', 'machine learning', 'pytorch', 'data science', 'deep learning', 'data visualization', 'natural language processing', 'python', 'pandas']",1,3.5767474209480845
436,CONSTRUCTION,2.252375043458368,['sql'],['sql'],"['numpy', 'scikit-learn', 'data analysis', 'nlp', 'git', 'tensorflow', 'machine learning', 'pytorch', 'data science', 'deep learning', 'data visualization', 'natural language processing', 'python', 'pandas']",1,3.5766625304208572
437,PUBLIC-RELATIONS,2.25224192538631,['git'],['git'],"['numpy', 'scikit-learn', 'sql', 'data analysis', 'nlp', 'tensorflow', 'machine learning', 'pytorch', 'data science', 'deep learning', 'data visualization', 'natural language processing', 'python', 'pandas']",1,3.576569347770417
438,HR,2.25050112409467,['data analysis'],['data analysis'],"['numpy', 'scikit-learn', 'sql', 'nlp', 'git', 'tensorflow', 'machine learning', 'pytorch', 'data science', 'deep learning', 'data visualization', 'natural language processing', 'python', 'pandas']",1,3.575350786866269
439,ENGINEERING,2.2437994417951095,['git'],['git'],"['numpy', 'scikit-learn', 'sql', 'data analysis', 'nlp', 'tensorflow', 'machine learning', 'pytorch', 'data science', 'deep learning', 'data visualization', 'natural language processing', 'python', 'pandas']",1,3.5706596092565768
440,BANKING,2.2217192277187903,['sql'],['sql'],"['numpy', 'scikit-learn', 'data analysis', 'nlp', 'git', 'tensorflow', 'machine learning', 'pytorch', 'data science', 'deep learning', 'data visualization', 'natural language processing', 'python', 'pandas']",1,3.5552034594031534
441,ACCOUNTANT,2.220487917836237,['sql'],['sql'],"['numpy', 'scikit-learn', 'data analysis', 'nlp', 'git', 'tensorflow', 'machine learning', 'pytorch', 'data science', 'deep learning', 'data visualization', 'natural language processing', 'python', 'pandas']",1,3.554341542485366
442,ADVOCATE,2.208544263587544,['sql'],['sql'],"['numpy', 'scikit-learn', 'data analysis', 'nlp', 'git', 'tensorflow', 'machine learning', 'pytorch', 'data science', 'deep learning', 'data visualization', 'natural language processing', 'python', 'pandas']",1,3.5459809845112806
443,DIGITAL-MEDIA,2.2010217388984383,['git'],['git'],"['numpy', 'scikit-learn', 'sql', 'data analysis', 'nlp', 'tensorflow', 'machine learning', 'pytorch', 'data science', 'deep learning', 'data visualization', 'natural language processing', 'python', 'pandas']",1,3.5407152172289065
444,INFORMATION-TECHNOLOGY,2.1982986753682265,['sql'],['sql'],"['numpy', 'scikit-learn', 'data analysis', 'nlp', 'git', 'tensorflow', 'machine learning', 'pytorch', 'data science', 'deep learning', 'data visualization', 'natural language processing', 'python', 'pandas']",1,3.5388090727577586
445,APPAREL,5.04186654709304,[],[],"['numpy', 'scikit-learn', 'sql', 'data analysis', 'nlp', 'git', 'tensorflow', 'machine learning', 'pytorch', 'data science', 'deep learning', 'data visualization', 'natural language processing', 'python', 'pandas']",0,3.529306582965128
446,ACCOUNTANT,2.18397301783943,['sql'],['sql'],"['numpy', 'scikit-learn', 'data analysis', 'nlp', 'git', 'tensorflow', 'machine learning', 'pytorch', 'data science', 'deep learning', 'data visualization', 'natural language processing', 'python', 'pandas']",1,3.528781112487601
447,BPO,5.038981843337098,[],[],"['numpy', 'scikit-learn', 'sql', 'data analysis', 'nlp', 'git', 'tensorflow', 'machine learning', 'pytorch', 'data science', 'deep learning', 'data visualization', 'natural language processing', 'python', 'pandas']",0,3.527287290335968
448,FITNESS,5.0145131931046985,[],[],"['numpy', 'scikit-learn', 'sql', 'data analysis', 'nlp', 'git', 'tensorflow', 'machine learning', 'pytorch', 'data science', 'deep learning', 'data visualization', 'natural language processing', 'python', 'pandas']",0,3.5101592351732886
449,PUBLIC-RELATIONS,2.1560782329284853,['data analysis'],['data analysis'],"['numpy', 'scikit-learn', 'sql', 'nlp', 'git', 'tensorflow', 'machine learning', 'pytorch', 'data science', 'deep learning', 'data visualization', 'natural language processing', 'python', 'pandas']",1,3.5092547630499396
450,INFORMATION-TECHNOLOGY,2.132686039102305,['git'],['git'],"['numpy', 'scikit-learn', 'sql', 'data analysis', 'nlp', 'tensorflow', 'machine learning', 'pytorch', 'data science', 'deep learning', 'data visualization', 'natural language processing', 'python', 'pandas']",1,3.4928802273716135
451,DIGITAL-MEDIA,2.132451525431954,['git'],['git'],"['numpy', 'scikit-learn', 'sql', 'data analysis', 'nlp', 'tensorflow', 'machine learning', 'pytorch', 'data science', 'deep learning', 'data visualization', 'natural language processing', 'python', 'pandas']",1,3.492716067802368
452,HEALTHCARE,2.132450003952599,['data analysis'],['data analysis'],"['numpy', 'scikit-learn', 'sql', 'nlp', 'git', 'tensorflow', 'machine learning', 'pytorch', 'data science', 'deep learning', 'data visualization', 'natural language processing', 'python', 'pandas']",1,3.4927150027668192
453,INFORMATION-TECHNOLOGY,2.1317239506095453,['git'],['git'],"['numpy', 'scikit-learn', 'sql', 'data analysis', 'nlp', 'tensorflow', 'machine learning', 'pytorch', 'data science', 'deep learning', 'data visualization', 'natural language processing', 'python', 'pandas']",1,3.4922067654266815
454,ADVOCATE,2.120563434309723,['sql'],['sql'],"['numpy', 'scikit-learn', 'data analysis', 'nlp', 'git', 'tensorflow', 'machine learning', 'pytorch', 'data science', 'deep learning', 'data visualization', 'natural language processing', 'python', 'pandas']",1,3.484394404016806
455,BPO,2.1111720264264786,['data analysis'],['data analysis'],"['numpy', 'scikit-learn', 'sql', 'nlp', 'git', 'tensorflow', 'machine learning', 'pytorch', 'data science', 'deep learning', 'data visualization', 'natural language processing', 'python', 'pandas']",1,3.477820418498535
456,SALES,2.085277333412858,['git'],['git'],"['numpy', 'scikit-learn', 'sql', 'data analysis', 'nlp', 'tensorflow', 'machine learning', 'pytorch', 'data science', 'deep learning', 'data visualization', 'natural language processing', 'python', 'pandas']",1,3.459694133389
457,ADVOCATE,4.934078879477636,[],[],"['numpy', 'scikit-learn', 'sql', 'data analysis', 'nlp', 'git', 'tensorflow', 'machine learning', 'pytorch', 'data science', 'deep learning', 'data visualization', 'natural language processing', 'python', 'pandas']",0,3.453855215634345
458,CONSULTANT,2.0738748069915243,['sql'],['sql'],"['numpy', 'scikit-learn', 'data analysis', 'nlp', 'git', 'tensorflow', 'machine learning', 'pytorch', 'data science', 'deep learning', 'data visualization', 'natural language processing', 'python', 'pandas']",1,3.4517123648940666
459,HEALTHCARE,4.927045387271883,[],[],"['numpy', 'scikit-learn', 'sql', 'data analysis', 'nlp', 'git', 'tensorflow', 'machine learning', 'pytorch', 'data science', 'deep learning', 'data visualization', 'natural language processing', 'python', 'pandas']",0,3.448931771090318
460,PUBLIC-RELATIONS,2.0618283868685663,['git'],['git'],"['numpy', 'scikit-learn', 'sql', 'data analysis', 'nlp', 'tensorflow', 'machine learning', 'pytorch', 'data science', 'deep learning', 'data visualization', 'natural language processing', 'python', 'pandas']",1,3.4432798708079964
461,BANKING,2.05626400844868,['sql'],['sql'],"['numpy', 'scikit-learn', 'data analysis', 'nlp', 'git', 'tensorflow', 'machine learning', 'pytorch', 'data science', 'deep learning', 'data visualization', 'natural language processing', 'python', 'pandas']",1,3.439384805914076
462,DESIGNER,2.046039652153976,['git'],['git'],"['numpy', 'scikit-learn', 'sql', 'data analysis', 'nlp', 'tensorflow', 'machine learning', 'pytorch', 'data science', 'deep learning', 'data visualization', 'natural language processing', 'python', 'pandas']",1,3.4322277565077832
463,CONSTRUCTION,2.0432300486115693,['data analysis'],['data analysis'],"['numpy', 'scikit-learn', 'sql', 'nlp', 'git', 'tensorflow', 'machine learning', 'pytorch', 'data science', 'deep learning', 'data visualization', 'natural language processing', 'python', 'pandas']",1,3.4302610340280983
464,CHEF,2.025972527215811,['data analysis'],['data analysis'],"['numpy', 'scikit-learn', 'sql', 'nlp', 'git', 'tensorflow', 'machine learning', 'pytorch', 'data science', 'deep learning', 'data visualization', 'natural language processing', 'python', 'pandas']",1,3.4181807690510677
465,INFORMATION-TECHNOLOGY,4.873470926698255,[],[],"['numpy', 'scikit-learn', 'sql', 'data analysis', 'nlp', 'git', 'tensorflow', 'machine learning', 'pytorch', 'data science', 'deep learning', 'data visualization', 'natural language processing', 'python', 'pandas']",0,3.4114296486887783
466,HEALTHCARE,2.006776794007243,['git'],['git'],"['numpy', 'scikit-learn', 'sql', 'data analysis', 'nlp', 'tensorflow', 'machine learning', 'pytorch', 'data science', 'deep learning', 'data visualization', 'natural language processing', 'python', 'pandas']",1,3.40474375580507
467,FINANCE,2.004050390175329,['sql'],['sql'],"['numpy', 'scikit-learn', 'data analysis', 'nlp', 'git', 'tensorflow', 'machine learning', 'pytorch', 'data science', 'deep learning', 'data visualization', 'natural language processing', 'python', 'pandas']",1,3.4028352731227303
468,CONSTRUCTION,2.0029619208684655,['sql'],['sql'],"['numpy', 'scikit-learn', 'data analysis', 'nlp', 'git', 'tensorflow', 'machine learning', 'pytorch', 'data science', 'deep learning', 'data visualization', 'natural language processing', 'python', 'pandas']",1,3.402073344607926
469,ENGINEERING,4.846636939509313,[],[],"['numpy', 'scikit-learn', 'sql', 'data analysis', 'nlp', 'git', 'tensorflow', 'machine learning', 'pytorch', 'data science', 'deep learning', 'data visualization', 'natural language processing', 'python', 'pandas']",0,3.392645857656519
470,DIGITAL-MEDIA,1.9884873666433507,['git'],['git'],"['numpy', 'scikit-learn', 'sql', 'data analysis', 'nlp', 'tensorflow', 'machine learning', 'pytorch', 'data science', 'deep learning', 'data visualization', 'natural language processing', 'python', 'pandas']",1,3.3919411566503452
471,TEACHER,4.844217864842837,[],[],"['numpy', 'scikit-learn', 'sql', 'data analysis', 'nlp', 'git', 'tensorflow', 'machine learning', 'pytorch', 'data science', 'deep learning', 'data visualization', 'natural language processing', 'python', 'pandas']",0,3.390952505389986
472,SALES,1.9859932423749709,['sql'],['sql'],"['numpy', 'scikit-learn', 'data analysis', 'nlp', 'git', 'tensorflow', 'machine learning', 'pytorch', 'data science', 'deep learning', 'data visualization', 'natural language processing', 'python', 'pandas']",1,3.3901952696624793
473,FINANCE,1.9806404005850542,['data analysis'],['data analysis'],"['numpy', 'scikit-learn', 'sql', 'nlp', 'git', 'tensorflow', 'machine learning', 'pytorch', 'data science', 'deep learning', 'data visualization', 'natural language processing', 'python', 'pandas']",1,3.386448280409538
474,ENGINEERING,1.9781528709944909,['sql'],['sql'],"['numpy', 'scikit-learn', 'data analysis', 'nlp', 'git', 'tensorflow', 'machine learning', 'pytorch', 'data science', 'deep learning', 'data visualization', 'natural language processing', 'python', 'pandas']",1,3.3847070096961436
475,ADVOCATE,4.822053273700579,[],[],"['numpy', 'scikit-learn', 'sql', 'data analysis', 'nlp', 'git', 'tensorflow', 'machine learning', 'pytorch', 'data science', 'deep learning', 'data visualization', 'natural language processing', 'python', 'pandas']",0,3.375437291590405
476,BANKING,1.959681929157532,['data analysis'],['data analysis'],"['numpy', 'scikit-learn', 'sql', 'nlp', 'git', 'tensorflow', 'machine learning', 'pytorch', 'data science', 'deep learning', 'data visualization', 'natural language processing', 'python', 'pandas']",1,3.371777350410272
477,SALES,1.9527936115115971,['sql'],['sql'],"['numpy', 'scikit-learn', 'data analysis', 'nlp', 'git', 'tensorflow', 'machine learning', 'pytorch', 'data science', 'deep learning', 'data visualization', 'natural language processing', 'python', 'pandas']",1,3.366955528058118
478,BANKING,1.9466163949292965,['git'],['git'],"['numpy', 'scikit-learn', 'sql', 'data analysis', 'nlp', 'tensorflow', 'machine learning', 'pytorch', 'data science', 'deep learning', 'data visualization', 'natural language processing', 'python', 'pandas']",1,3.3626314764505074
479,AGRICULTURE,4.791845078588368,[],[],"['numpy', 'scikit-learn', 'sql', 'data analysis', 'nlp', 'git', 'tensorflow', 'machine learning', 'pytorch', 'data science', 'deep learning', 'data visualization', 'natural language processing', 'python', 'pandas']",0,3.3542915550118577
480,CONSTRUCTION,4.765747574850977,[],[],"['numpy', 'scikit-learn', 'sql', 'data analysis', 'nlp', 'git', 'tensorflow', 'machine learning', 'pytorch', 'data science', 'deep learning', 'data visualization', 'natural language processing', 'python', 'pandas']",0,3.3360233023956836
481,DIGITAL-MEDIA,1.9048984609245498,['git'],['git'],"['numpy', 'scikit-learn', 'sql', 'data analysis', 'nlp', 'tensorflow', 'machine learning', 'pytorch', 'data science', 'deep learning', 'data visualization', 'natural language processing', 'python', 'pandas']",1,3.333428922647185
482,TEACHER,4.750424110882498,[],[],"['numpy', 'scikit-learn', 'sql', 'data analysis', 'nlp', 'git', 'tensorflow', 'machine learning', 'pytorch', 'data science', 'deep learning', 'data visualization', 'natural language processing', 'python', 'pandas']",0,3.325296877617748
483,BUSINESS-DEVELOPMENT,1.8903572141890732,['git'],['git'],"['numpy', 'scikit-learn', 'sql', 'data analysis', 'nlp', 'tensorflow', 'machine learning', 'pytorch', 'data science', 'deep learning', 'data visualization', 'natural language processing', 'python', 'pandas']",1,3.3232500499323514
484,DIGITAL-MEDIA,1.8871424521447306,['git'],['git'],"['numpy', 'scikit-learn', 'sql', 'data analysis', 'nlp', 'tensorflow', 'machine learning', 'pytorch', 'data science', 'deep learning', 'data visualization', 'natural language processing', 'python', 'pandas']",1,3.320999716501311
485,AVIATION,4.7428522816691405,[],[],"['numpy', 'scikit-learn', 'sql', 'data analysis', 'nlp', 'git', 'tensorflow', 'machine learning', 'pytorch', 'data science', 'deep learning', 'data visualization', 'natural language processing', 'python', 'pandas']",0,3.319996597168398
486,AGRICULTURE,1.8740878074284546,['data analysis'],['data analysis'],"['numpy', 'scikit-learn', 'sql', 'nlp', 'git', 'tensorflow', 'machine learning', 'pytorch', 'data science', 'deep learning', 'data visualization', 'natural language processing', 'python', 'pandas']",1,3.311861465199918
487,ENGINEERING,4.730082466892784,[],[],"['numpy', 'scikit-learn', 'sql', 'data analysis', 'nlp', 'git', 'tensorflow', 'machine learning', 'pytorch', 'data science', 'deep learning', 'data visualization', 'natural language processing', 'python', 'pandas']",0,3.311057726824949
488,FITNESS,1.84341191643836,['git'],['git'],"['numpy', 'scikit-learn', 'sql', 'data analysis', 'nlp', 'tensorflow', 'machine learning', 'pytorch', 'data science', 'deep learning', 'data visualization', 'natural language processing', 'python', 'pandas']",1,3.290388341506852
489,HEALTHCARE,4.677706820491877,[],[],"['numpy', 'scikit-learn', 'sql', 'data analysis', 'nlp', 'git', 'tensorflow', 'machine learning', 'pytorch', 'data science', 'deep learning', 'data visualization', 'natural language processing', 'python', 'pandas']",0,3.2743947743443136
490,DIGITAL-MEDIA,1.8203987715753485,['git'],['git'],"['numpy', 'scikit-learn', 'sql', 'data analysis', 'nlp', 'tensorflow', 'machine learning', 'pytorch', 'data science', 'deep learning', 'data visualization', 'natural language processing', 'python', 'pandas']",1,3.2742791401027436
491,ENGINEERING,4.674808138180266,[],[],"['numpy', 'scikit-learn', 'sql', 'data analysis', 'nlp', 'git', 'tensorflow', 'machine learning', 'pytorch', 'data science', 'deep learning', 'data visualization', 'natural language processing', 'python', 'pandas']",0,3.272365696726186
492,INFORMATION-TECHNOLOGY,1.8135066118640235,['git'],['git'],"['numpy', 'scikit-learn', 'sql', 'data analysis', 'nlp', 'tensorflow', 'machine learning', 'pytorch', 'data science', 'deep learning', 'data visualization', 'natural language processing', 'python', 'pandas']",1,3.2694546283048167
493,HEALTHCARE,1.8126546343745182,['git'],['git'],"['numpy', 'scikit-learn', 'sql', 'data analysis', 'nlp', 'tensorflow', 'machine learning', 'pytorch', 'data science', 'deep learning', 'data visualization', 'natural language processing', 'python', 'pandas']",1,3.2688582440621627
494,AUTOMOBILE,4.666882787117269,[],[],"['numpy', 'scikit-learn', 'sql', 'data analysis', 'nlp', 'git', 'tensorflow', 'machine learning', 'pytorch', 'data science', 'deep learning', 'data visualization', 'natural language processing', 'python', 'pandas']",0,3.2668179509820883
495,DIGITAL-MEDIA,1.8049055909527427,['git'],['git'],"['numpy', 'scikit-learn', 'sql', 'data analysis', 'nlp', 'tensorflow', 'machine learning', 'pytorch', 'data science', 'deep learning', 'data visualization', 'natural language processing', 'python', 'pandas']",1,3.26343391366692
496,TEACHER,4.654746829792029,[],[],"['numpy', 'scikit-learn', 'sql', 'data analysis', 'nlp', 'git', 'tensorflow', 'machine learning', 'pytorch', 'data science', 'deep learning', 'data visualization', 'natural language processing', 'python', 'pandas']",0,3.2583227808544204
497,TEACHER,4.646368856998412,[],[],"['numpy', 'scikit-learn', 'sql', 'data analysis', 'nlp', 'git', 'tensorflow', 'machine learning', 'pytorch', 'data science', 'deep learning', 'data visualization', 'natural language processing', 'python', 'pandas']",0,3.252458199898888
498,PUBLIC-RELATIONS,1.7776722506327183,['git'],['git'],"['numpy', 'scikit-learn', 'sql', 'data analysis', 'nlp', 'tensorflow', 'machine learning', 'pytorch', 'data science', 'deep learning', 'data visualization', 'natural language processing', 'python', 'pandas']",1,3.2443705754429026
499,TEACHER,4.634432456297572,[],[],"['numpy', 'scikit-learn', 'sql', 'data analysis', 'nlp', 'git', 'tensorflow', 'machine learning', 'pytorch', 'data science', 'deep learning', 'data visualization', 'natural language processing', 'python', 'pandas']",0,3.2441027194083
500,DIGITAL-MEDIA,1.7733338373194227,['git'],['git'],"['numpy', 'scikit-learn', 'sql', 'data analysis', 'nlp', 'tensorflow', 'machine learning', 'pytorch', 'data science', 'deep learning', 'data visualization', 'natural language processing', 'python', 'pandas']",1,3.2413336861235957
501,DIGITAL-MEDIA,1.7706142832339005,['git'],['git'],"['numpy', 'scikit-learn', 'sql', 'data analysis', 'nlp', 'tensorflow', 'machine learning', 'pytorch', 'data science', 'deep learning', 'data visualization', 'natural language processing', 'python', 'pandas']",1,3.2394299982637302
502,ENGINEERING,1.7634934328686969,['sql'],['sql'],"['numpy', 'scikit-learn', 'data analysis', 'nlp', 'git', 'tensorflow', 'machine learning', 'pytorch', 'data science', 'deep learning', 'data visualization', 'natural language processing', 'python', 'pandas']",1,3.234445403008088
503,DIGITAL-MEDIA,1.7597373046832596,['git'],['git'],"['numpy', 'scikit-learn', 'sql', 'data analysis', 'nlp', 'tensorflow', 'machine learning', 'pytorch', 'data science', 'deep learning', 'data visualization', 'natural language processing', 'python', 'pandas']",1,3.2318161132782817
504,FINANCE,4.615937151190201,[],[],"['numpy', 'scikit-learn', 'sql', 'data analysis', 'nlp', 'git', 'tensorflow', 'machine learning', 'pytorch', 'data science', 'deep learning', 'data visualization', 'natural language processing', 'python', 'pandas']",0,3.231156005833141
505,SALES,4.6151841595649605,[],[],"['numpy', 'scikit-learn', 'sql', 'data analysis', 'nlp', 'git', 'tensorflow', 'machine learning', 'pytorch', 'data science', 'deep learning', 'data visualization', 'natural language processing', 'python', 'pandas']",0,3.2306289116954723
506,HEALTHCARE,1.7563803457342917,['git'],['git'],"['numpy', 'scikit-learn', 'sql', 'data analysis', 'nlp', 'tensorflow', 'machine learning', 'pytorch', 'data science', 'deep learning', 'data visualization', 'natural language processing', 'python', 'pandas']",1,3.229466242014004
507,INFORMATION-TECHNOLOGY,1.750759279667631,['data analysis'],['data analysis'],"['numpy', 'scikit-learn', 'sql', 'nlp', 'git', 'tensorflow', 'machine learning', 'pytorch', 'data science', 'deep learning', 'data visualization', 'natural language processing', 'python', 'pandas']",1,3.2255314957673415
508,BPO,4.607690177129488,[],[],"['numpy', 'scikit-learn', 'sql', 'data analysis', 'nlp', 'git', 'tensorflow', 'machine learning', 'pytorch', 'data science', 'deep learning', 'data visualization', 'natural language processing', 'python', 'pandas']",0,3.225383123990641
509,INFORMATION-TECHNOLOGY,1.7504919645337034,['sql'],['sql'],"['numpy', 'scikit-learn', 'data analysis', 'nlp', 'git', 'tensorflow', 'machine learning', 'pytorch', 'data science', 'deep learning', 'data visualization', 'natural language processing', 'python', 'pandas']",1,3.2253443751735924
510,CONSTRUCTION,1.746042259596467,['sql'],['sql'],"['numpy', 'scikit-learn', 'data analysis', 'nlp', 'git', 'tensorflow', 'machine learning', 'pytorch', 'data science', 'deep learning', 'data visualization', 'natural language processing', 'python', 'pandas']",1,3.222229581717527
511,BUSINESS-DEVELOPMENT,1.7370625247205407,['git'],['git'],"['numpy', 'scikit-learn', 'sql', 'data analysis', 'nlp', 'tensorflow', 'machine learning', 'pytorch', 'data science', 'deep learning', 'data visualization', 'natural language processing', 'python', 'pandas']",1,3.2159437673043785
512,TEACHER,4.580125676156109,[],[],"['numpy', 'scikit-learn', 'sql', 'data analysis', 'nlp', 'git', 'tensorflow', 'machine learning', 'pytorch', 'data science', 'deep learning', 'data visualization', 'natural language processing', 'python', 'pandas']",0,3.206087973309276
513,HR,1.719241040459179,['data analysis'],['data analysis'],"['numpy', 'scikit-learn', 'sql', 'nlp', 'git', 'tensorflow', 'machine learning', 'pytorch', 'data science', 'deep learning', 'data visualization', 'natural language processing', 'python', 'pandas']",1,3.2034687283214254
514,ADVOCATE,1.714916001632371,['git'],['git'],"['numpy', 'scikit-learn', 'sql', 'data analysis', 'nlp', 'tensorflow', 'machine learning', 'pytorch', 'data science', 'deep learning', 'data visualization', 'natural language processing', 'python', 'pandas']",1,3.2004412011426595
515,DIGITAL-MEDIA,1.712561697098978,['git'],['git'],"['numpy', 'scikit-learn', 'sql', 'data analysis', 'nlp', 'tensorflow', 'machine learning', 'pytorch', 'data science', 'deep learning', 'data visualization', 'natural language processing', 'python', 'pandas']",1,3.198793187969285
516,ACCOUNTANT,1.7064671387372305,['git'],['git'],"['numpy', 'scikit-learn', 'sql', 'data analysis', 'nlp', 'tensorflow', 'machine learning', 'pytorch', 'data science', 'deep learning', 'data visualization', 'natural language processing', 'python', 'pandas']",1,3.1945269971160615
517,DESIGNER,4.562067970099908,[],[],"['numpy', 'scikit-learn', 'sql', 'data analysis', 'nlp', 'git', 'tensorflow', 'machine learning', 'pytorch', 'data science', 'deep learning', 'data visualization', 'natural language processing', 'python', 'pandas']",0,3.1934475790699355
518,DIGITAL-MEDIA,1.7041744905030416,['git'],['git'],"['numpy', 'scikit-learn', 'sql', 'data analysis', 'nlp', 'tensorflow', 'machine learning', 'pytorch', 'data science', 'deep learning', 'data visualization', 'natural language processing', 'python', 'pandas']",1,3.192922143352129
519,DIGITAL-MEDIA,1.6983298819951012,['git'],['git'],"['numpy', 'scikit-learn', 'sql', 'data analysis', 'nlp', 'tensorflow', 'machine learning', 'pytorch', 'data science', 'deep learning', 'data visualization', 'natural language processing', 'python', 'pandas']",1,3.1888309173965705
520,BUSINESS-DEVELOPMENT,4.551407853159035,[],[],"['numpy', 'scikit-learn', 'sql', 'data analysis', 'nlp', 'git', 'tensorflow', 'machine learning', 'pytorch', 'data science', 'deep learning', 'data visualization', 'natural language processing', 'python', 'pandas']",0,3.1859854972113246
521,FINANCE,1.6862346760429885,['data analysis'],['data analysis'],"['numpy', 'scikit-learn', 'sql', 'nlp', 'git', 'tensorflow', 'machine learning', 'pytorch', 'data science', 'deep learning', 'data visualization', 'natural language processing', 'python', 'pandas']",1,3.180364273230092
522,PUBLIC-RELATIONS,4.539939992455022,[],[],"['numpy', 'scikit-learn', 'sql', 'data analysis', 'nlp', 'git', 'tensorflow', 'machine learning', 'pytorch', 'data science', 'deep learning', 'data visualization', 'natural language processing', 'python', 'pandas']",0,3.177957994718515
523,TEACHER,4.536713267855387,[],[],"['numpy', 'scikit-learn', 'sql', 'data analysis', 'nlp', 'git', 'tensorflow', 'machine learning', 'pytorch', 'data science', 'deep learning', 'data visualization', 'natural language processing', 'python', 'pandas']",0,3.175699287498771
524,TEACHER,4.536239426787059,[],[],"['numpy', 'scikit-learn', 'sql', 'data analysis', 'nlp', 'git', 'tensorflow', 'machine learning', 'pytorch', 'data science', 'deep learning', 'data visualization', 'natural language processing', 'python', 'pandas']",0,3.1753675987509413
525,DESIGNER,1.6772237405548185,['git'],['git'],"['numpy', 'scikit-learn', 'sql', 'data analysis', 'nlp', 'tensorflow', 'machine learning', 'pytorch', 'data science', 'deep learning', 'data visualization', 'natural language processing', 'python', 'pandas']",1,3.1740566183883727
526,INFORMATION-TECHNOLOGY,1.6751239378820768,['git'],['git'],"['numpy', 'scikit-learn', 'sql', 'data analysis', 'nlp', 'tensorflow', 'machine learning', 'pytorch', 'data science', 'deep learning', 'data visualization', 'natural language processing', 'python', 'pandas']",1,3.172586756517454
527,INFORMATION-TECHNOLOGY,1.6661386914734713,['sql'],['sql'],"['numpy', 'scikit-learn', 'data analysis', 'nlp', 'git', 'tensorflow', 'machine learning', 'pytorch', 'data science', 'deep learning', 'data visualization', 'natural language processing', 'python', 'pandas']",1,3.16629708403143
528,ARTS,4.52020466453684,[],[],"['numpy', 'scikit-learn', 'sql', 'data analysis', 'nlp', 'git', 'tensorflow', 'machine learning', 'pytorch', 'data science', 'deep learning', 'data visualization', 'natural language processing', 'python', 'pandas']",0,3.164143265175788
529,PUBLIC-RELATIONS,4.51928189690131,[],[],"['numpy', 'scikit-learn', 'sql', 'data analysis', 'nlp', 'git', 'tensorflow', 'machine learning', 'pytorch', 'data science', 'deep learning', 'data visualization', 'natural language processing', 'python', 'pandas']",0,3.1634973278309166
530,CONSULTANT,1.6609489700562912,['sql'],['sql'],"['numpy', 'scikit-learn', 'data analysis', 'nlp', 'git', 'tensorflow', 'machine learning', 'pytorch', 'data science', 'deep learning', 'data visualization', 'natural language processing', 'python', 'pandas']",1,3.1626642790394035
531,ARTS,4.512441002047261,[],[],"['numpy', 'scikit-learn', 'sql', 'data analysis', 'nlp', 'git', 'tensorflow', 'machine learning', 'pytorch', 'data science', 'deep learning', 'data visualization', 'natural language processing', 'python', 'pandas']",0,3.1587087014330826
532,HR,1.6469297886300223,['sql'],['sql'],"['numpy', 'scikit-learn', 'data analysis', 'nlp', 'git', 'tensorflow', 'machine learning', 'pytorch', 'data science', 'deep learning', 'data visualization', 'natural language processing', 'python', 'pandas']",1,3.1528508520410155
533,DIGITAL-MEDIA,1.6430348046464514,['git'],['git'],"['numpy', 'scikit-learn', 'sql', 'data analysis', 'nlp', 'tensorflow', 'machine learning', 'pytorch', 'data science', 'deep learning', 'data visualization', 'natural language processing', 'python', 'pandas']",1,3.150124363252516
534,HR,1.6328132917613152,['data analysis'],['data analysis'],"['numpy', 'scikit-learn', 'sql', 'nlp', 'git', 'tensorflow', 'machine learning', 'pytorch', 'data science', 'deep learning', 'data visualization', 'natural language processing', 'python', 'pandas']",1,3.1429693042329205
535,CONSTRUCTION,4.477420990308137,[],[],"['numpy', 'scikit-learn', 'sql', 'data analysis', 'nlp', 'git', 'tensorflow', 'machine learning', 'pytorch', 'data science', 'deep learning', 'data visualization', 'natural language processing', 'python', 'pandas']",0,3.134194693215696
536,DIGITAL-MEDIA,1.608887432001893,['git'],['git'],"['numpy', 'scikit-learn', 'sql', 'data analysis', 'nlp', 'tensorflow', 'machine learning', 'pytorch', 'data science', 'deep learning', 'data visualization', 'natural language processing', 'python', 'pandas']",1,3.126221202401325
537,APPAREL,4.458275732880402,[],[],"['numpy', 'scikit-learn', 'sql', 'data analysis', 'nlp', 'git', 'tensorflow', 'machine learning', 'pytorch', 'data science', 'deep learning', 'data visualization', 'natural language processing', 'python', 'pandas']",0,3.1207930130162813
538,CONSTRUCTION,1.5995807250317282,['git'],['git'],"['numpy', 'scikit-learn', 'sql', 'data analysis', 'nlp', 'tensorflow', 'machine learning', 'pytorch', 'data science', 'deep learning', 'data visualization', 'natural language processing', 'python', 'pandas']",1,3.11970650752221
539,BUSINESS-DEVELOPMENT,1.5947445730498,['git'],['git'],"['numpy', 'scikit-learn', 'sql', 'data analysis', 'nlp', 'tensorflow', 'machine learning', 'pytorch', 'data science', 'deep learning', 'data visualization', 'natural language processing', 'python', 'pandas']",1,3.11632120113486
540,APPAREL,1.591548382250202,['git'],['git'],"['numpy', 'scikit-learn', 'sql', 'data analysis', 'nlp', 'tensorflow', 'machine learning', 'pytorch', 'data science', 'deep learning', 'data visualization', 'natural language processing', 'python', 'pandas']",1,3.1140838675751414
541,HR,1.5872020391161499,['data analysis'],['data analysis'],"['numpy', 'scikit-learn', 'sql', 'nlp', 'git', 'tensorflow', 'machine learning', 'pytorch', 'data science', 'deep learning', 'data visualization', 'natural language processing', 'python', 'pandas']",1,3.1110414273813047
542,DESIGNER,1.5869251124624488,['git'],['git'],"['numpy', 'scikit-learn', 'sql', 'data analysis', 'nlp', 'tensorflow', 'machine learning', 'pytorch', 'data science', 'deep learning', 'data visualization', 'natural language processing', 'python', 'pandas']",1,3.110847578723714
543,ENGINEERING,1.5862055595469142,['git'],['git'],"['numpy', 'scikit-learn', 'sql', 'data analysis', 'nlp', 'tensorflow', 'machine learning', 'pytorch', 'data science', 'deep learning', 'data visualization', 'natural language processing', 'python', 'pandas']",1,3.11034389168284
544,AGRICULTURE,1.5845019069779673,['git'],['git'],"['numpy', 'scikit-learn', 'sql', 'data analysis', 'nlp', 'tensorflow', 'machine learning', 'pytorch', 'data science', 'deep learning', 'data visualization', 'natural language processing', 'python', 'pandas']",1,3.1091513348845767
545,HEALTHCARE,4.435616477420055,[],[],"['numpy', 'scikit-learn', 'sql', 'data analysis', 'nlp', 'git', 'tensorflow', 'machine learning', 'pytorch', 'data science', 'deep learning', 'data visualization', 'natural language processing', 'python', 'pandas']",0,3.1049315341940384
546,ADVOCATE,4.424604029449009,[],[],"['numpy', 'scikit-learn', 'sql', 'data analysis', 'nlp', 'git', 'tensorflow', 'machine learning', 'pytorch', 'data science', 'deep learning', 'data visualization', 'natural language processing', 'python', 'pandas']",0,3.097222820614306
547,DIGITAL-MEDIA,1.5518413774713722,['git'],['git'],"['numpy', 'scikit-learn', 'sql', 'data analysis', 'nlp', 'tensorflow', 'machine learning', 'pytorch', 'data science', 'deep learning', 'data visualization', 'natural language processing', 'python', 'pandas']",1,3.0862889642299605
548,APPAREL,1.5461443000518273,['git'],['git'],"['numpy', 'scikit-learn', 'sql', 'data analysis', 'nlp', 'tensorflow', 'machine learning', 'pytorch', 'data science', 'deep learning', 'data visualization', 'natural language processing', 'python', 'pandas']",1,3.082301010036279
549,HR,4.395575100065866,[],[],"['numpy', 'scikit-learn', 'sql', 'data analysis', 'nlp', 'git', 'tensorflow', 'machine learning', 'pytorch', 'data science', 'deep learning', 'data visualization', 'natural language processing', 'python', 'pandas']",0,3.076902570046106
550,DIGITAL-MEDIA,1.5371451730924337,['git'],['git'],"['numpy', 'scikit-learn', 'sql', 'data analysis', 'nlp', 'tensorflow', 'machine learning', 'pytorch', 'data science', 'deep learning', 'data visualization', 'natural language processing', 'python', 'pandas']",1,3.0760016211647034
551,TEACHER,4.390919495174969,[],[],"['numpy', 'scikit-learn', 'sql', 'data analysis', 'nlp', 'git', 'tensorflow', 'machine learning', 'pytorch', 'data science', 'deep learning', 'data visualization', 'natural language processing', 'python', 'pandas']",0,3.073643646622478
552,INFORMATION-TECHNOLOGY,1.531509352651559,['data analysis'],['data analysis'],"['numpy', 'scikit-learn', 'sql', 'nlp', 'git', 'tensorflow', 'machine learning', 'pytorch', 'data science', 'deep learning', 'data visualization', 'natural language processing', 'python', 'pandas']",1,3.072056546856091
553,ARTS,4.383356891587963,[],[],"['numpy', 'scikit-learn', 'sql', 'data analysis', 'nlp', 'git', 'tensorflow', 'machine learning', 'pytorch', 'data science', 'deep learning', 'data visualization', 'natural language processing', 'python', 'pandas']",0,3.0683498241115736
554,APPAREL,1.5241223025686914,['git'],['git'],"['numpy', 'scikit-learn', 'sql', 'data analysis', 'nlp', 'tensorflow', 'machine learning', 'pytorch', 'data science', 'deep learning', 'data visualization', 'natural language processing', 'python', 'pandas']",1,3.066885611798084
555,BANKING,4.378720384673095,[],[],"['numpy', 'scikit-learn', 'sql', 'data analysis', 'nlp', 'git', 'tensorflow', 'machine learning', 'pytorch', 'data science', 'deep learning', 'data visualization', 'natural language processing', 'python', 'pandas']",0,3.065104269271166
556,DIGITAL-MEDIA,1.5160762131160532,['git'],['git'],"['numpy', 'scikit-learn', 'sql', 'data analysis', 'nlp', 'tensorflow', 'machine learning', 'pytorch', 'data science', 'deep learning', 'data visualization', 'natural language processing', 'python', 'pandas']",1,3.0612533491812375
557,DIGITAL-MEDIA,1.5142713707459903,['git'],['git'],"['numpy', 'scikit-learn', 'sql', 'data analysis', 'nlp', 'tensorflow', 'machine learning', 'pytorch', 'data science', 'deep learning', 'data visualization', 'natural language processing', 'python', 'pandas']",1,3.059989959522193
558,APPAREL,4.358021119015904,[],[],"['numpy', 'scikit-learn', 'sql', 'data analysis', 'nlp', 'git', 'tensorflow', 'machine learning', 'pytorch', 'data science', 'deep learning', 'data visualization', 'natural language processing', 'python', 'pandas']",0,3.0506147833111323
559,AVIATION,4.352881985283952,[],[],"['numpy', 'scikit-learn', 'sql', 'data analysis', 'nlp', 'git', 'tensorflow', 'machine learning', 'pytorch', 'data science', 'deep learning', 'data visualization', 'natural language processing', 'python', 'pandas']",0,3.0470173896987665
560,TEACHER,4.352851072776885,[],[],"['numpy', 'scikit-learn', 'sql', 'data analysis', 'nlp', 'git', 'tensorflow', 'machine learning', 'pytorch', 'data science', 'deep learning', 'data visualization', 'natural language processing', 'python', 'pandas']",0,3.0469957509438195
561,CONSTRUCTION,4.346178585202569,[],[],"['numpy', 'scikit-learn', 'sql', 'data analysis', 'nlp', 'git', 'tensorflow', 'machine learning', 'pytorch', 'data science', 'deep learning', 'data visualization', 'natural language processing', 'python', 'pandas']",0,3.0423250096417984
562,AGRICULTURE,1.4874444584545812,['git'],['git'],"['numpy', 'scikit-learn', 'sql', 'data analysis', 'nlp', 'tensorflow', 'machine learning', 'pytorch', 'data science', 'deep learning', 'data visualization', 'natural language processing', 'python', 'pandas']",1,3.0412111209182067
563,ARTS,1.4849688764059685,['git'],['git'],"['numpy', 'scikit-learn', 'sql', 'data analysis', 'nlp', 'tensorflow', 'machine learning', 'pytorch', 'data science', 'deep learning', 'data visualization', 'natural language processing', 'python', 'pandas']",1,3.039478213484178
564,ACCOUNTANT,4.335997437047577,[],[],"['numpy', 'scikit-learn', 'sql', 'data analysis', 'nlp', 'git', 'tensorflow', 'machine learning', 'pytorch', 'data science', 'deep learning', 'data visualization', 'natural language processing', 'python', 'pandas']",0,3.0351982059333036
565,ENGINEERING,4.334404860945322,[],[],"['numpy', 'scikit-learn', 'sql', 'data analysis', 'nlp', 'git', 'tensorflow', 'machine learning', 'pytorch', 'data science', 'deep learning', 'data visualization', 'natural language processing', 'python', 'pandas']",0,3.0340834026617256
566,DIGITAL-MEDIA,1.4729024625959624,['git'],['git'],"['numpy', 'scikit-learn', 'sql', 'data analysis', 'nlp', 'tensorflow', 'machine learning', 'pytorch', 'data science', 'deep learning', 'data visualization', 'natural language processing', 'python', 'pandas']",1,3.031031723817174
567,CONSTRUCTION,1.468725139561476,['git'],['git'],"['numpy', 'scikit-learn', 'sql', 'data analysis', 'nlp', 'tensorflow', 'machine learning', 'pytorch', 'data science', 'deep learning', 'data visualization', 'natural language processing', 'python', 'pandas']",1,3.028107597693033
568,TEACHER,4.325351236679754,[],[],"['numpy', 'scikit-learn', 'sql', 'data analysis', 'nlp', 'git', 'tensorflow', 'machine learning', 'pytorch', 'data science', 'deep learning', 'data visualization', 'natural language processing', 'python', 'pandas']",0,3.027745865675828
569,CONSTRUCTION,4.322733653956322,[],[],"['numpy', 'scikit-learn', 'sql', 'data analysis', 'nlp', 'git', 'tensorflow', 'machine learning', 'pytorch', 'data science', 'deep learning', 'data visualization', 'natural language processing', 'python', 'pandas']",0,3.0259135577694254
570,DESIGNER,4.314900553594875,[],[],"['numpy', 'scikit-learn', 'sql', 'data analysis', 'nlp', 'git', 'tensorflow', 'machine learning', 'pytorch', 'data science', 'deep learning', 'data visualization', 'natural language processing', 'python', 'pandas']",0,3.020430387516412
571,APPAREL,1.4497146611688025,['git'],['git'],"['numpy', 'scikit-learn', 'sql', 'data analysis', 'nlp', 'tensorflow', 'machine learning', 'pytorch', 'data science', 'deep learning', 'data visualization', 'natural language processing', 'python', 'pandas']",1,3.014800262818162
572,DIGITAL-MEDIA,1.4484493571659713,['data analysis'],['data analysis'],"['numpy', 'scikit-learn', 'sql', 'nlp', 'git', 'tensorflow', 'machine learning', 'pytorch', 'data science', 'deep learning', 'data visualization', 'natural language processing', 'python', 'pandas']",1,3.01391455001618
573,ARTS,4.300877254534456,[],[],"['numpy', 'scikit-learn', 'sql', 'data analysis', 'nlp', 'git', 'tensorflow', 'machine learning', 'pytorch', 'data science', 'deep learning', 'data visualization', 'natural language processing', 'python', 'pandas']",0,3.0106140781741186
574,DIGITAL-MEDIA,1.443375435104418,['sql'],['sql'],"['numpy', 'scikit-learn', 'data analysis', 'nlp', 'git', 'tensorflow', 'machine learning', 'pytorch', 'data science', 'deep learning', 'data visualization', 'natural language processing', 'python', 'pandas']",1,3.0103628045730924
575,ADVOCATE,1.4417461955726092,['git'],['git'],"['numpy', 'scikit-learn', 'sql', 'data analysis', 'nlp', 'tensorflow', 'machine learning', 'pytorch', 'data science', 'deep learning', 'data visualization', 'natural language processing', 'python', 'pandas']",1,3.0092223369008266
576,ARTS,4.287246610353847,[],[],"['numpy', 'scikit-learn', 'sql', 'data analysis', 'nlp', 'git', 'tensorflow', 'machine learning', 'pytorch', 'data science', 'deep learning', 'data visualization', 'natural language processing', 'python', 'pandas']",0,3.0010726272476926
577,BANKING,4.285635615076854,[],[],"['numpy', 'scikit-learn', 'sql', 'data analysis', 'nlp', 'git', 'tensorflow', 'machine learning', 'pytorch', 'data science', 'deep learning', 'data visualization', 'natural language processing', 'python', 'pandas']",0,2.9999449305537977
578,DIGITAL-MEDIA,1.4283461429718152,['git'],['git'],"['numpy', 'scikit-learn', 'sql', 'data analysis', 'nlp', 'tensorflow', 'machine learning', 'pytorch', 'data science', 'deep learning', 'data visualization', 'natural language processing', 'python', 'pandas']",1,2.9998423000802705
579,PUBLIC-RELATIONS,1.4199364618834707,['git'],['git'],"['numpy', 'scikit-learn', 'sql', 'data analysis', 'nlp', 'tensorflow', 'machine learning', 'pytorch', 'data science', 'deep learning', 'data visualization', 'natural language processing', 'python', 'pandas']",1,2.993955523318429
580,ADVOCATE,4.266227763102407,[],[],"['numpy', 'scikit-learn', 'sql', 'data analysis', 'nlp', 'git', 'tensorflow', 'machine learning', 'pytorch', 'data science', 'deep learning', 'data visualization', 'natural language processing', 'python', 'pandas']",0,2.9863594341716846
581,AUTOMOBILE,4.258277485980678,[],[],"['numpy', 'scikit-learn', 'sql', 'data analysis', 'nlp', 'git', 'tensorflow', 'machine learning', 'pytorch', 'data science', 'deep learning', 'data visualization', 'natural language processing', 'python', 'pandas']",0,2.980794240186474
582,DESIGNER,1.3965118830173522,['git'],['git'],"['numpy', 'scikit-learn', 'sql', 'data analysis', 'nlp', 'tensorflow', 'machine learning', 'pytorch', 'data science', 'deep learning', 'data visualization', 'natural language processing', 'python', 'pandas']",1,2.9775583181121466
583,BUSINESS-DEVELOPMENT,4.245673427319729,[],[],"['numpy', 'scikit-learn', 'sql', 'data analysis', 'nlp', 'git', 'tensorflow', 'machine learning', 'pytorch', 'data science', 'deep learning', 'data visualization', 'natural language processing', 'python', 'pandas']",0,2.97197139912381
584,BUSINESS-DEVELOPMENT,1.3858628422207957,['git'],['git'],"['numpy', 'scikit-learn', 'sql', 'data analysis', 'nlp', 'tensorflow', 'machine learning', 'pytorch', 'data science', 'deep learning', 'data visualization', 'natural language processing', 'python', 'pandas']",1,2.970103989554557
585,CONSTRUCTION,1.382618112378441,['git'],['git'],"['numpy', 'scikit-learn', 'sql', 'data analysis', 'nlp', 'tensorflow', 'machine learning', 'pytorch', 'data science', 'deep learning', 'data visualization', 'natural language processing', 'python', 'pandas']",1,2.9678326786649087
586,CONSTRUCTION,1.3739417917871988,['git'],['git'],"['numpy', 'scikit-learn', 'sql', 'data analysis', 'nlp', 'tensorflow', 'machine learning', 'pytorch', 'data science', 'deep learning', 'data visualization', 'natural language processing', 'python', 'pandas']",1,2.961759254251039
587,ACCOUNTANT,1.3718383048587282,['data analysis'],['data analysis'],"['numpy', 'scikit-learn', 'sql', 'nlp', 'git', 'tensorflow', 'machine learning', 'pytorch', 'data science', 'deep learning', 'data visualization', 'natural language processing', 'python', 'pandas']",1,2.9602868134011096
588,HR,1.3600113587789449,['git'],['git'],"['numpy', 'scikit-learn', 'sql', 'data analysis', 'nlp', 'tensorflow', 'machine learning', 'pytorch', 'data science', 'deep learning', 'data visualization', 'natural language processing', 'python', 'pandas']",1,2.9520079511452613
589,HEALTHCARE,4.212711489569959,[],[],"['numpy', 'scikit-learn', 'sql', 'data analysis', 'nlp', 'git', 'tensorflow', 'machine learning', 'pytorch', 'data science', 'deep learning', 'data visualization', 'natural language processing', 'python', 'pandas']",0,2.9488980426989713
590,INFORMATION-TECHNOLOGY,1.3504662096164877,['sql'],['sql'],"['numpy', 'scikit-learn', 'data analysis', 'nlp', 'git', 'tensorflow', 'machine learning', 'pytorch', 'data science', 'deep learning', 'data visualization', 'natural language processing', 'python', 'pandas']",1,2.9453263467315414
591,CONSTRUCTION,1.3454351405891856,['git'],['git'],"['numpy', 'scikit-learn', 'sql', 'data analysis', 'nlp', 'tensorflow', 'machine learning', 'pytorch', 'data science', 'deep learning', 'data visualization', 'natural language processing', 'python', 'pandas']",1,2.9418045984124297
592,APPAREL,4.196243835007572,[],[],"['numpy', 'scikit-learn', 'sql', 'data analysis', 'nlp', 'git', 'tensorflow', 'machine learning', 'pytorch', 'data science', 'deep learning', 'data visualization', 'natural language processing', 'python', 'pandas']",0,2.9373706845053005
593,PUBLIC-RELATIONS,1.317725744465923,['data analysis'],['data analysis'],"['numpy', 'scikit-learn', 'sql', 'nlp', 'git', 'tensorflow', 'machine learning', 'pytorch', 'data science', 'deep learning', 'data visualization', 'natural language processing', 'python', 'pandas']",1,2.922408021126146
594,TEACHER,4.1694522545588795,[],[],"['numpy', 'scikit-learn', 'sql', 'data analysis', 'nlp', 'git', 'tensorflow', 'machine learning', 'pytorch', 'data science', 'deep learning', 'data visualization', 'natural language processing', 'python', 'pandas']",0,2.9186165781912154
595,AUTOMOBILE,4.1657675223442325,[],[],"['numpy', 'scikit-learn', 'sql', 'data analysis', 'nlp', 'git', 'tensorflow', 'machine learning', 'pytorch', 'data science', 'deep learning', 'data visualization', 'natural language processing', 'python', 'pandas']",0,2.9160372656409628
596,BANKING,1.3069852601947114,['git'],['git'],"['numpy', 'scikit-learn', 'sql', 'data analysis', 'nlp', 'tensorflow', 'machine learning', 'pytorch', 'data science', 'deep learning', 'data visualization', 'natural language processing', 'python', 'pandas']",1,2.914889682136298
597,PUBLIC-RELATIONS,1.3029354076600104,['git'],['git'],"['numpy', 'scikit-learn', 'sql', 'data analysis', 'nlp', 'tensorflow', 'machine learning', 'pytorch', 'data science', 'deep learning', 'data visualization', 'natural language processing', 'python', 'pandas']",1,2.9120547853620073
598,PUBLIC-RELATIONS,1.3012943599218811,['git'],['git'],"['numpy', 'scikit-learn', 'sql', 'data analysis', 'nlp', 'tensorflow', 'machine learning', 'pytorch', 'data science', 'deep learning', 'data visualization', 'natural language processing', 'python', 'pandas']",1,2.9109060519453167
599,TEACHER,4.155413583099325,[],[],"['numpy', 'scikit-learn', 'sql', 'data analysis', 'nlp', 'git', 'tensorflow', 'machine learning', 'pytorch', 'data science', 'deep learning', 'data visualization', 'natural language processing', 'python', 'pandas']",0,2.908789508169527
600,DIGITAL-MEDIA,1.2876962515257524,['git'],['git'],"['numpy', 'scikit-learn', 'sql', 'data analysis', 'nlp', 'tensorflow', 'machine learning', 'pytorch', 'data science', 'deep learning', 'data visualization', 'natural language processing', 'python', 'pandas']",1,2.9013873760680267
601,INFORMATION-TECHNOLOGY,1.2832178318846577,['sql'],['sql'],"['numpy', 'scikit-learn', 'data analysis', 'nlp', 'git', 'tensorflow', 'machine learning', 'pytorch', 'data science', 'deep learning', 'data visualization', 'natural language processing', 'python', 'pandas']",1,2.8982524823192604
602,FINANCE,1.2816736105113222,['sql'],['sql'],"['numpy', 'scikit-learn', 'data analysis', 'nlp', 'git', 'tensorflow', 'machine learning', 'pytorch', 'data science', 'deep learning', 'data visualization', 'natural language processing', 'python', 'pandas']",1,2.8971715273579255
603,HEALTHCARE,1.273699718907097,['sql'],['sql'],"['numpy', 'scikit-learn', 'data analysis', 'nlp', 'git', 'tensorflow', 'machine learning', 'pytorch', 'data science', 'deep learning', 'data visualization', 'natural language processing', 'python', 'pandas']",1,2.891589803234968
604,FITNESS,4.124159333355297,[],[],"['numpy', 'scikit-learn', 'sql', 'data analysis', 'nlp', 'git', 'tensorflow', 'machine learning', 'pytorch', 'data science', 'deep learning', 'data visualization', 'natural language processing', 'python', 'pandas']",0,2.8869115333487074
605,INFORMATION-TECHNOLOGY,1.2616306379671631,['git'],['git'],"['numpy', 'scikit-learn', 'sql', 'data analysis', 'nlp', 'tensorflow', 'machine learning', 'pytorch', 'data science', 'deep learning', 'data visualization', 'natural language processing', 'python', 'pandas']",1,2.883141446577014
606,TEACHER,4.11541741424397,[],[],"['numpy', 'scikit-learn', 'sql', 'data analysis', 'nlp', 'git', 'tensorflow', 'machine learning', 'pytorch', 'data science', 'deep learning', 'data visualization', 'natural language processing', 'python', 'pandas']",0,2.8807921899707787
607,CONSULTANT,1.2330215095743506,['git'],['git'],"['numpy', 'scikit-learn', 'sql', 'data analysis', 'nlp', 'tensorflow', 'machine learning', 'pytorch', 'data science', 'deep learning', 'data visualization', 'natural language processing', 'python', 'pandas']",1,2.8631150567020454
608,AVIATION,1.2308130849284074,['git'],['git'],"['numpy', 'scikit-learn', 'sql', 'data analysis', 'nlp', 'tensorflow', 'machine learning', 'pytorch', 'data science', 'deep learning', 'data visualization', 'natural language processing', 'python', 'pandas']",1,2.861569159449885
609,HEALTHCARE,1.222438023590144,['git'],['git'],"['numpy', 'scikit-learn', 'sql', 'data analysis', 'nlp', 'tensorflow', 'machine learning', 'pytorch', 'data science', 'deep learning', 'data visualization', 'natural language processing', 'python', 'pandas']",1,2.8557066165131006
610,HEALTHCARE,4.078022833860046,[],[],"['numpy', 'scikit-learn', 'sql', 'data analysis', 'nlp', 'git', 'tensorflow', 'machine learning', 'pytorch', 'data science', 'deep learning', 'data visualization', 'natural language processing', 'python', 'pandas']",0,2.8546159837020317
611,CONSULTANT,1.2190316307920595,['git'],['git'],"['numpy', 'scikit-learn', 'sql', 'data analysis', 'nlp', 'tensorflow', 'machine learning', 'pytorch', 'data science', 'deep learning', 'data visualization', 'natural language processing', 'python', 'pandas']",1,2.8533221415544414
612,ARTS,1.1999922114200952,['git'],['git'],"['numpy', 'scikit-learn', 'sql', 'data analysis', 'nlp', 'tensorflow', 'machine learning', 'pytorch', 'data science', 'deep learning', 'data visualization', 'natural language processing', 'python', 'pandas']",1,2.8399945479940665
613,BANKING,1.1909071245639777,['git'],['git'],"['numpy', 'scikit-learn', 'sql', 'data analysis', 'nlp', 'tensorflow', 'machine learning', 'pytorch', 'data science', 'deep learning', 'data visualization', 'natural language processing', 'python', 'pandas']",1,2.8336349871947846
614,HEALTHCARE,4.039717153882631,[],[],"['numpy', 'scikit-learn', 'sql', 'data analysis', 'nlp', 'git', 'tensorflow', 'machine learning', 'pytorch', 'data science', 'deep learning', 'data visualization', 'natural language processing', 'python', 'pandas']",0,2.827802007717841
615,SALES,4.0327549199563455,[],[],"['numpy', 'scikit-learn', 'sql', 'data analysis', 'nlp', 'git', 'tensorflow', 'machine learning', 'pytorch', 'data science', 'deep learning', 'data visualization', 'natural language processing', 'python', 'pandas']",0,2.8229284439694418
616,TEACHER,4.026540662274283,[],[],"['numpy', 'scikit-learn', 'sql', 'data analysis', 'nlp', 'git', 'tensorflow', 'machine learning', 'pytorch', 'data science', 'deep learning', 'data visualization', 'natural language processing', 'python', 'pandas']",0,2.818578463591998
617,DIGITAL-MEDIA,1.1691456341436564,['git'],['git'],"['numpy', 'scikit-learn', 'sql', 'data analysis', 'nlp', 'tensorflow', 'machine learning', 'pytorch', 'data science', 'deep learning', 'data visualization', 'natural language processing', 'python', 'pandas']",1,2.818401943900559
618,HR,4.02620128307628,[],[],"['numpy', 'scikit-learn', 'sql', 'data analysis', 'nlp', 'git', 'tensorflow', 'machine learning', 'pytorch', 'data science', 'deep learning', 'data visualization', 'natural language processing', 'python', 'pandas']",0,2.8183408981533957
619,DIGITAL-MEDIA,1.1505722391542357,['git'],['git'],"['numpy', 'scikit-learn', 'sql', 'data analysis', 'nlp', 'tensorflow', 'machine learning', 'pytorch', 'data science', 'deep learning', 'data visualization', 'natural language processing', 'python', 'pandas']",1,2.8054005674079647
620,HEALTHCARE,4.00153661216625,[],[],"['numpy', 'scikit-learn', 'sql', 'data analysis', 'nlp', 'git', 'tensorflow', 'machine learning', 'pytorch', 'data science', 'deep learning', 'data visualization', 'natural language processing', 'python', 'pandas']",0,2.801075628516375
621,FITNESS,3.981062830958421,[],[],"['numpy', 'scikit-learn', 'sql', 'data analysis', 'nlp', 'git', 'tensorflow', 'machine learning', 'pytorch', 'data science', 'deep learning', 'data visualization', 'natural language processing', 'python', 'pandas']",0,2.7867439816708943
622,INFORMATION-TECHNOLOGY,3.9640397919689137,[],[],"['numpy', 'scikit-learn', 'sql', 'data analysis', 'nlp', 'git', 'tensorflow', 'machine learning', 'pytorch', 'data science', 'deep learning', 'data visualization', 'natural language processing', 'python', 'pandas']",0,2.7748278543782394
623,PUBLIC-RELATIONS,1.1032671022052785,['git'],['git'],"['numpy', 'scikit-learn', 'sql', 'data analysis', 'nlp', 'tensorflow', 'machine learning', 'pytorch', 'data science', 'deep learning', 'data visualization', 'natural language processing', 'python', 'pandas']",1,2.7722869715436946
624,FINANCE,3.9565534768935895,[],[],"['numpy', 'scikit-learn', 'sql', 'data analysis', 'nlp', 'git', 'tensorflow', 'machine learning', 'pytorch', 'data science', 'deep learning', 'data visualization', 'natural language processing', 'python', 'pandas']",0,2.7695874338255124
625,HEALTHCARE,3.9489937086313853,[],[],"['numpy', 'scikit-learn', 'sql', 'data analysis', 'nlp', 'git', 'tensorflow', 'machine learning', 'pytorch', 'data science', 'deep learning', 'data visualization', 'natural language processing', 'python', 'pandas']",0,2.7642955960419697
626,TEACHER,3.945275345442428,[],[],"['numpy', 'scikit-learn', 'sql', 'data analysis', 'nlp', 'git', 'tensorflow', 'machine learning', 'pytorch', 'data science', 'deep learning', 'data visualization', 'natural language processing', 'python', 'pandas']",0,2.7616927418096995
627,HEALTHCARE,1.0849934516811899,['git'],['git'],"['numpy', 'scikit-learn', 'sql', 'data analysis', 'nlp', 'tensorflow', 'machine learning', 'pytorch', 'data science', 'deep learning', 'data visualization', 'natural language processing', 'python', 'pandas']",1,2.759495416176833
628,HR,3.936301765768552,[],[],"['numpy', 'scikit-learn', 'sql', 'data analysis', 'nlp', 'git', 'tensorflow', 'machine learning', 'pytorch', 'data science', 'deep learning', 'data visualization', 'natural language processing', 'python', 'pandas']",0,2.755411236037986
629,DIGITAL-MEDIA,1.0767150625236324,['git'],['git'],"['numpy', 'scikit-learn', 'sql', 'data analysis', 'nlp', 'tensorflow', 'machine learning', 'pytorch', 'data science', 'deep learning', 'data visualization', 'natural language processing', 'python', 'pandas']",1,2.7537005437665427
630,ARTS,3.9335787835166522,[],[],"['numpy', 'scikit-learn', 'sql', 'data analysis', 'nlp', 'git', 'tensorflow', 'machine learning', 'pytorch', 'data science', 'deep learning', 'data visualization', 'natural language processing', 'python', 'pandas']",0,2.7535051484616564
631,HR,1.0761444473264512,['data analysis'],['data analysis'],"['numpy', 'scikit-learn', 'sql', 'nlp', 'git', 'tensorflow', 'machine learning', 'pytorch', 'data science', 'deep learning', 'data visualization', 'natural language processing', 'python', 'pandas']",1,2.753301113128516
632,BUSINESS-DEVELOPMENT,1.0730880198453163,['git'],['git'],"['numpy', 'scikit-learn', 'sql', 'data analysis', 'nlp', 'tensorflow', 'machine learning', 'pytorch', 'data science', 'deep learning', 'data visualization', 'natural language processing', 'python', 'pandas']",1,2.751161613891721
633,HEALTHCARE,3.9198998093230712,[],[],"['numpy', 'scikit-learn', 'sql', 'data analysis', 'nlp', 'git', 'tensorflow', 'machine learning', 'pytorch', 'data science', 'deep learning', 'data visualization', 'natural language processing', 'python', 'pandas']",0,2.7439298665261496
634,APPAREL,3.91140347238606,[],[],"['numpy', 'scikit-learn', 'sql', 'data analysis', 'nlp', 'git', 'tensorflow', 'machine learning', 'pytorch', 'data science', 'deep learning', 'data visualization', 'natural language processing', 'python', 'pandas']",0,2.737982430670242
635,SALES,3.903771189508723,[],[],"['numpy', 'scikit-learn', 'sql', 'data analysis', 'nlp', 'git', 'tensorflow', 'machine learning', 'pytorch', 'data science', 'deep learning', 'data visualization', 'natural language processing', 'python', 'pandas']",0,2.7326398326561057
636,AGRICULTURE,3.9029781944176825,[],[],"['numpy', 'scikit-learn', 'sql', 'data analysis', 'nlp', 'git', 'tensorflow', 'machine learning', 'pytorch', 'data science', 'deep learning', 'data visualization', 'natural language processing', 'python', 'pandas']",0,2.7320847360923777
637,ENGINEERING,3.902806610635819,[],[],"['numpy', 'scikit-learn', 'sql', 'data analysis', 'nlp', 'git', 'tensorflow', 'machine learning', 'pytorch', 'data science', 'deep learning', 'data visualization', 'natural language processing', 'python', 'pandas']",0,2.731964627445073
638,AVIATION,3.8924855471870488,[],[],"['numpy', 'scikit-learn', 'sql', 'data analysis', 'nlp', 'git', 'tensorflow', 'machine learning', 'pytorch', 'data science', 'deep learning', 'data visualization', 'natural language processing', 'python', 'pandas']",0,2.724739883030934
639,TEACHER,3.8812826804484795,[],[],"['numpy', 'scikit-learn', 'sql', 'data analysis', 'nlp', 'git', 'tensorflow', 'machine learning', 'pytorch', 'data science', 'deep learning', 'data visualization', 'natural language processing', 'python', 'pandas']",0,2.7168978763139355
640,SALES,1.022815387748441,['git'],['git'],"['numpy', 'scikit-learn', 'sql', 'data analysis', 'nlp', 'tensorflow', 'machine learning', 'pytorch', 'data science', 'deep learning', 'data visualization', 'natural language processing', 'python', 'pandas']",1,2.7159707714239087
641,HEALTHCARE,1.0176932957503269,['git'],['git'],"['numpy', 'scikit-learn', 'sql', 'data analysis', 'nlp', 'tensorflow', 'machine learning', 'pytorch', 'data science', 'deep learning', 'data visualization', 'natural language processing', 'python', 'pandas']",1,2.7123853070252286
642,AVIATION,1.0147215110145118,['git'],['git'],"['numpy', 'scikit-learn', 'sql', 'data analysis', 'nlp', 'tensorflow', 'machine learning', 'pytorch', 'data science', 'deep learning', 'data visualization', 'natural language processing', 'python', 'pandas']",1,2.7103050577101584
643,SALES,3.8672633633800206,[],[],"['numpy', 'scikit-learn', 'sql', 'data analysis', 'nlp', 'git', 'tensorflow', 'machine learning', 'pytorch', 'data science', 'deep learning', 'data visualization', 'natural language processing', 'python', 'pandas']",0,2.7070843543660144
644,ADVOCATE,3.865130588772197,[],[],"['numpy', 'scikit-learn', 'sql', 'data analysis', 'nlp', 'git', 'tensorflow', 'machine learning', 'pytorch', 'data science', 'deep learning', 'data visualization', 'natural language processing', 'python', 'pandas']",0,2.7055914121405378
645,ACCOUNTANT,1.005170182721188,['sql'],['sql'],"['numpy', 'scikit-learn', 'data analysis', 'nlp', 'git', 'tensorflow', 'machine learning', 'pytorch', 'data science', 'deep learning', 'data visualization', 'natural language processing', 'python', 'pandas']",1,2.7036191279048314
646,ARTS,3.858353021633306,[],[],"['numpy', 'scikit-learn', 'sql', 'data analysis', 'nlp', 'git', 'tensorflow', 'machine learning', 'pytorch', 'data science', 'deep learning', 'data visualization', 'natural language processing', 'python', 'pandas']",0,2.700847115143314
647,ARTS,3.846562260849157,[],[],"['numpy', 'scikit-learn', 'sql', 'data analysis', 'nlp', 'git', 'tensorflow', 'machine learning', 'pytorch', 'data science', 'deep learning', 'data visualization', 'natural language processing', 'python', 'pandas']",0,2.6925935825944096
648,BUSINESS-DEVELOPMENT,0.9861189759782327,['git'],['git'],"['numpy', 'scikit-learn', 'sql', 'data analysis', 'nlp', 'tensorflow', 'machine learning', 'pytorch', 'data science', 'deep learning', 'data visualization', 'natural language processing', 'python', 'pandas']",1,2.6902832831847627
649,AVIATION,0.9802086841404499,['git'],['git'],"['numpy', 'scikit-learn', 'sql', 'data analysis', 'nlp', 'tensorflow', 'machine learning', 'pytorch', 'data science', 'deep learning', 'data visualization', 'natural language processing', 'python', 'pandas']",1,2.686146078898315
650,BUSINESS-DEVELOPMENT,0.9775981373235109,['data analysis'],['data analysis'],"['numpy', 'scikit-learn', 'sql', 'nlp', 'git', 'tensorflow', 'machine learning', 'pytorch', 'data science', 'deep learning', 'data visualization', 'natural language processing', 'python', 'pandas']",1,2.6843186961264576
651,AVIATION,3.8304646068007613,[],[],"['numpy', 'scikit-learn', 'sql', 'data analysis', 'nlp', 'git', 'tensorflow', 'machine learning', 'pytorch', 'data science', 'deep learning', 'data visualization', 'natural language processing', 'python', 'pandas']",0,2.6813252247605326
652,SALES,3.827957601681807,[],[],"['numpy', 'scikit-learn', 'sql', 'data analysis', 'nlp', 'git', 'tensorflow', 'machine learning', 'pytorch', 'data science', 'deep learning', 'data visualization', 'natural language processing', 'python', 'pandas']",0,2.679570321177265
653,DIGITAL-MEDIA,0.963339032119121,['git'],['git'],"['numpy', 'scikit-learn', 'sql', 'data analysis', 'nlp', 'tensorflow', 'machine learning', 'pytorch', 'data science', 'deep learning', 'data visualization', 'natural language processing', 'python', 'pandas']",1,2.6743373224833844
654,CHEF,3.8188370064167607,[],[],"['numpy', 'scikit-learn', 'sql', 'data analysis', 'nlp', 'git', 'tensorflow', 'machine learning', 'pytorch', 'data science', 'deep learning', 'data visualization', 'natural language processing', 'python', 'pandas']",0,2.6731859044917323
655,INFORMATION-TECHNOLOGY,0.9607466466581172,['sql'],['sql'],"['numpy', 'scikit-learn', 'data analysis', 'nlp', 'git', 'tensorflow', 'machine learning', 'pytorch', 'data science', 'deep learning', 'data visualization', 'natural language processing', 'python', 'pandas']",1,2.672522652660682
656,AGRICULTURE,0.9603204667200725,['data analysis'],['data analysis'],"['numpy', 'scikit-learn', 'sql', 'nlp', 'git', 'tensorflow', 'machine learning', 'pytorch', 'data science', 'deep learning', 'data visualization', 'natural language processing', 'python', 'pandas']",1,2.672224326704051
657,FINANCE,0.953376286267014,['data analysis'],['data analysis'],"['numpy', 'scikit-learn', 'sql', 'nlp', 'git', 'tensorflow', 'machine learning', 'pytorch', 'data science', 'deep learning', 'data visualization', 'natural language processing', 'python', 'pandas']",1,2.6673634003869098
658,ARTS,3.796905922631783,[],[],"['numpy', 'scikit-learn', 'sql', 'data analysis', 'nlp', 'git', 'tensorflow', 'machine learning', 'pytorch', 'data science', 'deep learning', 'data visualization', 'natural language processing', 'python', 'pandas']",0,2.657834145842248
659,ENGINEERING,0.9359950321116839,['sql'],['sql'],"['numpy', 'scikit-learn', 'data analysis', 'nlp', 'git', 'tensorflow', 'machine learning', 'pytorch', 'data science', 'deep learning', 'data visualization', 'natural language processing', 'python', 'pandas']",1,2.6551965224781786
660,CONSTRUCTION,3.792707186427365,[],[],"['numpy', 'scikit-learn', 'sql', 'data analysis', 'nlp', 'git', 'tensorflow', 'machine learning', 'pytorch', 'data science', 'deep learning', 'data visualization', 'natural language processing', 'python', 'pandas']",0,2.6548950304991554
661,ACCOUNTANT,0.9303029242982621,['git'],['git'],"['numpy', 'scikit-learn', 'sql', 'data analysis', 'nlp', 'tensorflow', 'machine learning', 'pytorch', 'data science', 'deep learning', 'data visualization', 'natural language processing', 'python', 'pandas']",1,2.6512120470087837
662,DIGITAL-MEDIA,0.9252505038583966,['git'],['git'],"['numpy', 'scikit-learn', 'sql', 'data analysis', 'nlp', 'tensorflow', 'machine learning', 'pytorch', 'data science', 'deep learning', 'data visualization', 'natural language processing', 'python', 'pandas']",1,2.647675352700878
663,DIGITAL-MEDIA,0.9238892326856998,['git'],['git'],"['numpy', 'scikit-learn', 'sql', 'data analysis', 'nlp', 'tensorflow', 'machine learning', 'pytorch', 'data science', 'deep learning', 'data visualization', 'natural language processing', 'python', 'pandas']",1,2.64672246287999
664,TEACHER,3.7779997055854637,[],[],"['numpy', 'scikit-learn', 'sql', 'data analysis', 'nlp', 'git', 'tensorflow', 'machine learning', 'pytorch', 'data science', 'deep learning', 'data visualization', 'natural language processing', 'python', 'pandas']",0,2.6445997939098245
665,FINANCE,3.7750812149068245,[],[],"['numpy', 'scikit-learn', 'sql', 'data analysis', 'nlp', 'git', 'tensorflow', 'machine learning', 'pytorch', 'data science', 'deep learning', 'data visualization', 'natural language processing', 'python', 'pandas']",0,2.642556850434777
666,ACCOUNTANT,3.7707998325411807,[],[],"['numpy', 'scikit-learn', 'sql', 'data analysis', 'nlp', 'git', 'tensorflow', 'machine learning', 'pytorch', 'data science', 'deep learning', 'data visualization', 'natural language processing', 'python', 'pandas']",0,2.6395598827788262
667,HR,3.767772136341093,[],[],"['numpy', 'scikit-learn', 'sql', 'data analysis', 'nlp', 'git', 'tensorflow', 'machine learning', 'pytorch', 'data science', 'deep learning', 'data visualization', 'natural language processing', 'python', 'pandas']",0,2.637440495438765
668,PUBLIC-RELATIONS,3.76615161872393,[],[],"['numpy', 'scikit-learn', 'sql', 'data analysis', 'nlp', 'git', 'tensorflow', 'machine learning', 'pytorch', 'data science', 'deep learning', 'data visualization', 'natural language processing', 'python', 'pandas']",0,2.6363061331067508
669,HR,0.9037313672215675,['git'],['git'],"['numpy', 'scikit-learn', 'sql', 'data analysis', 'nlp', 'tensorflow', 'machine learning', 'pytorch', 'data science', 'deep learning', 'data visualization', 'natural language processing', 'python', 'pandas']",1,2.632611957055097
670,INFORMATION-TECHNOLOGY,3.7595039547951203,[],[],"['numpy', 'scikit-learn', 'sql', 'data analysis', 'nlp', 'git', 'tensorflow', 'machine learning', 'pytorch', 'data science', 'deep learning', 'data visualization', 'natural language processing', 'python', 'pandas']",0,2.631652768356584
671,FINANCE,3.757469898240906,[],[],"['numpy', 'scikit-learn', 'sql', 'data analysis', 'nlp', 'git', 'tensorflow', 'machine learning', 'pytorch', 'data science', 'deep learning', 'data visualization', 'natural language processing', 'python', 'pandas']",0,2.6302289287686342
672,ADVOCATE,3.7571726715132145,[],[],"['numpy', 'scikit-learn', 'sql', 'data analysis', 'nlp', 'git', 'tensorflow', 'machine learning', 'pytorch', 'data science', 'deep learning', 'data visualization', 'natural language processing', 'python', 'pandas']",0,2.63002087005925
673,PUBLIC-RELATIONS,0.8849276115334814,['git'],['git'],"['numpy', 'scikit-learn', 'sql', 'data analysis', 'nlp', 'tensorflow', 'machine learning', 'pytorch', 'data science', 'deep learning', 'data visualization', 'natural language processing', 'python', 'pandas']",1,2.619449328073437
674,ADVOCATE,3.7366398363594606,[],[],"['numpy', 'scikit-learn', 'sql', 'data analysis', 'nlp', 'git', 'tensorflow', 'machine learning', 'pytorch', 'data science', 'deep learning', 'data visualization', 'natural language processing', 'python', 'pandas']",0,2.6156478854516223
675,PUBLIC-RELATIONS,0.8748177233101581,['git'],['git'],"['numpy', 'scikit-learn', 'sql', 'data analysis', 'nlp', 'tensorflow', 'machine learning', 'pytorch', 'data science', 'deep learning', 'data visualization', 'natural language processing', 'python', 'pandas']",1,2.6123724063171108
676,PUBLIC-RELATIONS,0.8736420479826188,['git'],['git'],"['numpy', 'scikit-learn', 'sql', 'data analysis', 'nlp', 'tensorflow', 'machine learning', 'pytorch', 'data science', 'deep learning', 'data visualization', 'natural language processing', 'python', 'pandas']",1,2.6115494335878333
677,DIGITAL-MEDIA,0.8676894922327514,['git'],['git'],"['numpy', 'scikit-learn', 'sql', 'data analysis', 'nlp', 'tensorflow', 'machine learning', 'pytorch', 'data science', 'deep learning', 'data visualization', 'natural language processing', 'python', 'pandas']",1,2.607382644562926
678,SALES,3.7242199682923713,[],[],"['numpy', 'scikit-learn', 'sql', 'data analysis', 'nlp', 'git', 'tensorflow', 'machine learning', 'pytorch', 'data science', 'deep learning', 'data visualization', 'natural language processing', 'python', 'pandas']",0,2.6069539778046598
679,DIGITAL-MEDIA,0.8592592090373095,['git'],['git'],"['numpy', 'scikit-learn', 'sql', 'data analysis', 'nlp', 'tensorflow', 'machine learning', 'pytorch', 'data science', 'deep learning', 'data visualization', 'natural language processing', 'python', 'pandas']",1,2.6014814463261167
680,DIGITAL-MEDIA,0.8570080723865049,['git'],['git'],"['numpy', 'scikit-learn', 'sql', 'data analysis', 'nlp', 'tensorflow', 'machine learning', 'pytorch', 'data science', 'deep learning', 'data visualization', 'natural language processing', 'python', 'pandas']",1,2.5999056506705536
681,BANKING,3.7136998306225704,[],[],"['numpy', 'scikit-learn', 'sql', 'data analysis', 'nlp', 'git', 'tensorflow', 'machine learning', 'pytorch', 'data science', 'deep learning', 'data visualization', 'natural language processing', 'python', 'pandas']",0,2.599589881435799
682,PUBLIC-RELATIONS,0.8472273372198176,['git'],['git'],"['numpy', 'scikit-learn', 'sql', 'data analysis', 'nlp', 'tensorflow', 'machine learning', 'pytorch', 'data science', 'deep learning', 'data visualization', 'natural language processing', 'python', 'pandas']",1,2.5930591360538724
683,CONSTRUCTION,3.6945450312121464,[],[],"['numpy', 'scikit-learn', 'sql', 'data analysis', 'nlp', 'git', 'tensorflow', 'machine learning', 'pytorch', 'data science', 'deep learning', 'data visualization', 'natural language processing', 'python', 'pandas']",0,2.5861815218485025
684,BUSINESS-DEVELOPMENT,3.69011757977524,[],[],"['numpy', 'scikit-learn', 'sql', 'data analysis', 'nlp', 'git', 'tensorflow', 'machine learning', 'pytorch', 'data science', 'deep learning', 'data visualization', 'natural language processing', 'python', 'pandas']",0,2.5830823058426677
685,DESIGNER,0.8327559709160706,['git'],['git'],"['numpy', 'scikit-learn', 'sql', 'data analysis', 'nlp', 'tensorflow', 'machine learning', 'pytorch', 'data science', 'deep learning', 'data visualization', 'natural language processing', 'python', 'pandas']",1,2.5829291796412495
686,BUSINESS-DEVELOPMENT,0.8310230403643272,['git'],['git'],"['numpy', 'scikit-learn', 'sql', 'data analysis', 'nlp', 'tensorflow', 'machine learning', 'pytorch', 'data science', 'deep learning', 'data visualization', 'natural language processing', 'python', 'pandas']",1,2.581716128255029
687,DESIGNER,3.6867235323304945,[],[],"['numpy', 'scikit-learn', 'sql', 'data analysis', 'nlp', 'git', 'tensorflow', 'machine learning', 'pytorch', 'data science', 'deep learning', 'data visualization', 'natural language processing', 'python', 'pandas']",0,2.5807064726313462
688,DIGITAL-MEDIA,0.8204511173139019,['git'],['git'],"['numpy', 'scikit-learn', 'sql', 'data analysis', 'nlp', 'tensorflow', 'machine learning', 'pytorch', 'data science', 'deep learning', 'data visualization', 'natural language processing', 'python', 'pandas']",1,2.574315782119731
689,ACCOUNTANT,3.67610345289391,[],[],"['numpy', 'scikit-learn', 'sql', 'data analysis', 'nlp', 'git', 'tensorflow', 'machine learning', 'pytorch', 'data science', 'deep learning', 'data visualization', 'natural language processing', 'python', 'pandas']",0,2.573272417025737
690,ADVOCATE,0.8165694791568627,['git'],['git'],"['numpy', 'scikit-learn', 'sql', 'data analysis', 'nlp', 'tensorflow', 'machine learning', 'pytorch', 'data science', 'deep learning', 'data visualization', 'natural language processing', 'python', 'pandas']",1,2.5715986354098037
691,CONSULTANT,0.8160770064500725,['git'],['git'],"['numpy', 'scikit-learn', 'sql', 'data analysis', 'nlp', 'tensorflow', 'machine learning', 'pytorch', 'data science', 'deep learning', 'data visualization', 'natural language processing', 'python', 'pandas']",1,2.571253904515051
692,ADVOCATE,0.8160592746433172,['git'],['git'],"['numpy', 'scikit-learn', 'sql', 'data analysis', 'nlp', 'tensorflow', 'machine learning', 'pytorch', 'data science', 'deep learning', 'data visualization', 'natural language processing', 'python', 'pandas']",1,2.571241492250322
693,BUSINESS-DEVELOPMENT,0.8157244059171299,['git'],['git'],"['numpy', 'scikit-learn', 'sql', 'data analysis', 'nlp', 'tensorflow', 'machine learning', 'pytorch', 'data science', 'deep learning', 'data visualization', 'natural language processing', 'python', 'pandas']",1,2.571007084141991
694,SALES,3.672688199030457,[],[],"['numpy', 'scikit-learn', 'sql', 'data analysis', 'nlp', 'git', 'tensorflow', 'machine learning', 'pytorch', 'data science', 'deep learning', 'data visualization', 'natural language processing', 'python', 'pandas']",0,2.5708817393213197
695,BUSINESS-DEVELOPMENT,0.8116799944390802,['git'],['git'],"['numpy', 'scikit-learn', 'sql', 'data analysis', 'nlp', 'tensorflow', 'machine learning', 'pytorch', 'data science', 'deep learning', 'data visualization', 'natural language processing', 'python', 'pandas']",1,2.5681759961073563
696,DIGITAL-MEDIA,0.8058674471812074,['git'],['git'],"['numpy', 'scikit-learn', 'sql', 'data analysis', 'nlp', 'tensorflow', 'machine learning', 'pytorch', 'data science', 'deep learning', 'data visualization', 'natural language processing', 'python', 'pandas']",1,2.564107213026845
697,ADVOCATE,3.6627101551065895,[],[],"['numpy', 'scikit-learn', 'sql', 'data analysis', 'nlp', 'git', 'tensorflow', 'machine learning', 'pytorch', 'data science', 'deep learning', 'data visualization', 'natural language processing', 'python', 'pandas']",0,2.5638971085746123
698,BUSINESS-DEVELOPMENT,0.8027211447950723,['git'],['git'],"['numpy', 'scikit-learn', 'sql', 'data analysis', 'nlp', 'tensorflow', 'machine learning', 'pytorch', 'data science', 'deep learning', 'data visualization', 'natural language processing', 'python', 'pandas']",1,2.5619048013565506
699,DIGITAL-MEDIA,0.7991890493183735,['git'],['git'],"['numpy', 'scikit-learn', 'sql', 'data analysis', 'nlp', 'tensorflow', 'machine learning', 'pytorch', 'data science', 'deep learning', 'data visualization', 'natural language processing', 'python', 'pandas']",1,2.5594323345228616
700,DIGITAL-MEDIA,0.7986901380568814,['git'],['git'],"['numpy', 'scikit-learn', 'sql', 'data analysis', 'nlp', 'tensorflow', 'machine learning', 'pytorch', 'data science', 'deep learning', 'data visualization', 'natural language processing', 'python', 'pandas']",1,2.559083096639817
701,AVIATION,0.7980508127765064,['git'],['git'],"['numpy', 'scikit-learn', 'sql', 'data analysis', 'nlp', 'tensorflow', 'machine learning', 'pytorch', 'data science', 'deep learning', 'data visualization', 'natural language processing', 'python', 'pandas']",1,2.5586355689435543
702,FITNESS,0.7956130425101089,['git'],['git'],"['numpy', 'scikit-learn', 'sql', 'data analysis', 'nlp', 'tensorflow', 'machine learning', 'pytorch', 'data science', 'deep learning', 'data visualization', 'natural language processing', 'python', 'pandas']",1,2.5569291297570764
703,HR,3.651270732748298,[],[],"['numpy', 'scikit-learn', 'sql', 'data analysis', 'nlp', 'git', 'tensorflow', 'machine learning', 'pytorch', 'data science', 'deep learning', 'data visualization', 'natural language processing', 'python', 'pandas']",0,2.5558895129238084
704,DESIGNER,3.6501863267911356,[],[],"['numpy', 'scikit-learn', 'sql', 'data analysis', 'nlp', 'git', 'tensorflow', 'machine learning', 'pytorch', 'data science', 'deep learning', 'data visualization', 'natural language processing', 'python', 'pandas']",0,2.555130428753795
705,ACCOUNTANT,3.645703615278295,[],[],"['numpy', 'scikit-learn', 'sql', 'data analysis', 'nlp', 'git', 'tensorflow', 'machine learning', 'pytorch', 'data science', 'deep learning', 'data visualization', 'natural language processing', 'python', 'pandas']",0,2.5519925306948066
706,APPAREL,0.7872159702440071,['data analysis'],['data analysis'],"['numpy', 'scikit-learn', 'sql', 'nlp', 'git', 'tensorflow', 'machine learning', 'pytorch', 'data science', 'deep learning', 'data visualization', 'natural language processing', 'python', 'pandas']",1,2.551051179170805
707,FITNESS,3.6402796878163737,[],[],"['numpy', 'scikit-learn', 'sql', 'data analysis', 'nlp', 'git', 'tensorflow', 'machine learning', 'pytorch', 'data science', 'deep learning', 'data visualization', 'natural language processing', 'python', 'pandas']",0,2.5481957814714615
708,CHEF,0.7827918624553553,['git'],['git'],"['numpy', 'scikit-learn', 'sql', 'data analysis', 'nlp', 'tensorflow', 'machine learning', 'pytorch', 'data science', 'deep learning', 'data visualization', 'natural language processing', 'python', 'pandas']",1,2.5479543037187486
709,PUBLIC-RELATIONS,3.630420817701628,[],[],"['numpy', 'scikit-learn', 'sql', 'data analysis', 'nlp', 'git', 'tensorflow', 'machine learning', 'pytorch', 'data science', 'deep learning', 'data visualization', 'natural language processing', 'python', 'pandas']",0,2.5412945723911395
710,ADVOCATE,3.62752856749265,[],[],"['numpy', 'scikit-learn', 'sql', 'data analysis', 'nlp', 'git', 'tensorflow', 'machine learning', 'pytorch', 'data science', 'deep learning', 'data visualization', 'natural language processing', 'python', 'pandas']",0,2.5392699972448547
711,INFORMATION-TECHNOLOGY,0.7695109859525397,['git'],['git'],"['numpy', 'scikit-learn', 'sql', 'data analysis', 'nlp', 'tensorflow', 'machine learning', 'pytorch', 'data science', 'deep learning', 'data visualization', 'natural language processing', 'python', 'pandas']",1,2.5386576901667777
712,DESIGNER,0.7681042965983111,['git'],['git'],"['numpy', 'scikit-learn', 'sql', 'data analysis', 'nlp', 'tensorflow', 'machine learning', 'pytorch', 'data science', 'deep learning', 'data visualization', 'natural language processing', 'python', 'pandas']",1,2.537673007618818
713,PUBLIC-RELATIONS,0.7622032490845119,['git'],['git'],"['numpy', 'scikit-learn', 'sql', 'data analysis', 'nlp', 'tensorflow', 'machine learning', 'pytorch', 'data science', 'deep learning', 'data visualization', 'natural language processing', 'python', 'pandas']",1,2.5335422743591582
714,CONSTRUCTION,0.7606457949165825,['git'],['git'],"['numpy', 'scikit-learn', 'sql', 'data analysis', 'nlp', 'tensorflow', 'machine learning', 'pytorch', 'data science', 'deep learning', 'data visualization', 'natural language processing', 'python', 'pandas']",1,2.5324520564416075
715,FINANCE,3.6133041736189266,[],[],"['numpy', 'scikit-learn', 'sql', 'data analysis', 'nlp', 'git', 'tensorflow', 'machine learning', 'pytorch', 'data science', 'deep learning', 'data visualization', 'natural language processing', 'python', 'pandas']",0,2.5293129215332484
716,ENGINEERING,3.60956971719033,[],[],"['numpy', 'scikit-learn', 'sql', 'data analysis', 'nlp', 'git', 'tensorflow', 'machine learning', 'pytorch', 'data science', 'deep learning', 'data visualization', 'natural language processing', 'python', 'pandas']",0,2.5266988020332306
717,CHEF,3.6004900882914948,[],[],"['numpy', 'scikit-learn', 'sql', 'data analysis', 'nlp', 'git', 'tensorflow', 'machine learning', 'pytorch', 'data science', 'deep learning', 'data visualization', 'natural language processing', 'python', 'pandas']",0,2.5203430618040463
718,BUSINESS-DEVELOPMENT,3.596434584298499,[],[],"['numpy', 'scikit-learn', 'sql', 'data analysis', 'nlp', 'git', 'tensorflow', 'machine learning', 'pytorch', 'data science', 'deep learning', 'data visualization', 'natural language processing', 'python', 'pandas']",0,2.517504209008949
719,APPAREL,0.7367103824884914,['git'],['git'],"['numpy', 'scikit-learn', 'sql', 'data analysis', 'nlp', 'tensorflow', 'machine learning', 'pytorch', 'data science', 'deep learning', 'data visualization', 'natural language processing', 'python', 'pandas']",1,2.515697267741944
720,FITNESS,0.7285382018741358,['git'],['git'],"['numpy', 'scikit-learn', 'sql', 'data analysis', 'nlp', 'tensorflow', 'machine learning', 'pytorch', 'data science', 'deep learning', 'data visualization', 'natural language processing', 'python', 'pandas']",1,2.509976741311895
721,AGRICULTURE,3.5855361071197467,[],[],"['numpy', 'scikit-learn', 'sql', 'data analysis', 'nlp', 'git', 'tensorflow', 'machine learning', 'pytorch', 'data science', 'deep learning', 'data visualization', 'natural language processing', 'python', 'pandas']",0,2.5098752749838225
722,ENGINEERING,0.7251681139898248,['sql'],['sql'],"['numpy', 'scikit-learn', 'data analysis', 'nlp', 'git', 'tensorflow', 'machine learning', 'pytorch', 'data science', 'deep learning', 'data visualization', 'natural language processing', 'python', 'pandas']",1,2.5076176797928773
723,ADVOCATE,3.5782675987758044,[],[],"['numpy', 'scikit-learn', 'sql', 'data analysis', 'nlp', 'git', 'tensorflow', 'machine learning', 'pytorch', 'data science', 'deep learning', 'data visualization', 'natural language processing', 'python', 'pandas']",0,2.504787319143063
724,ENGINEERING,3.571177843734296,[],[],"['numpy', 'scikit-learn', 'sql', 'data analysis', 'nlp', 'git', 'tensorflow', 'machine learning', 'pytorch', 'data science', 'deep learning', 'data visualization', 'natural language processing', 'python', 'pandas']",0,2.499824490614007
725,DESIGNER,0.7108095900736039,['git'],['git'],"['numpy', 'scikit-learn', 'sql', 'data analysis', 'nlp', 'tensorflow', 'machine learning', 'pytorch', 'data science', 'deep learning', 'data visualization', 'natural language processing', 'python', 'pandas']",1,2.4975667130515227
726,TEACHER,3.5676962162595673,[],[],"['numpy', 'scikit-learn', 'sql', 'data analysis', 'nlp', 'git', 'tensorflow', 'machine learning', 'pytorch', 'data science', 'deep learning', 'data visualization', 'natural language processing', 'python', 'pandas']",0,2.497387351381697
727,HEALTHCARE,3.562732284335415,[],[],"['numpy', 'scikit-learn', 'sql', 'data analysis', 'nlp', 'git', 'tensorflow', 'machine learning', 'pytorch', 'data science', 'deep learning', 'data visualization', 'natural language processing', 'python', 'pandas']",0,2.49391259903479
728,DIGITAL-MEDIA,0.6991652115165148,['git'],['git'],"['numpy', 'scikit-learn', 'sql', 'data analysis', 'nlp', 'tensorflow', 'machine learning', 'pytorch', 'data science', 'deep learning', 'data visualization', 'natural language processing', 'python', 'pandas']",1,2.48941564806156
729,CONSULTANT,0.6989998638513613,['git'],['git'],"['numpy', 'scikit-learn', 'sql', 'data analysis', 'nlp', 'tensorflow', 'machine learning', 'pytorch', 'data science', 'deep learning', 'data visualization', 'natural language processing', 'python', 'pandas']",1,2.4892999046959527
730,CONSTRUCTION,3.5524471562900937,[],[],"['numpy', 'scikit-learn', 'sql', 'data analysis', 'nlp', 'git', 'tensorflow', 'machine learning', 'pytorch', 'data science', 'deep learning', 'data visualization', 'natural language processing', 'python', 'pandas']",0,2.4867130094030654
731,DIGITAL-MEDIA,0.6912276762983844,['git'],['git'],"['numpy', 'scikit-learn', 'sql', 'data analysis', 'nlp', 'tensorflow', 'machine learning', 'pytorch', 'data science', 'deep learning', 'data visualization', 'natural language processing', 'python', 'pandas']",1,2.483859373408869
732,INFORMATION-TECHNOLOGY,3.547039696692586,[],[],"['numpy', 'scikit-learn', 'sql', 'data analysis', 'nlp', 'git', 'tensorflow', 'machine learning', 'pytorch', 'data science', 'deep learning', 'data visualization', 'natural language processing', 'python', 'pandas']",0,2.48292778768481
733,DIGITAL-MEDIA,0.6889284846146161,['git'],['git'],"['numpy', 'scikit-learn', 'sql', 'data analysis', 'nlp', 'tensorflow', 'machine learning', 'pytorch', 'data science', 'deep learning', 'data visualization', 'natural language processing', 'python', 'pandas']",1,2.4822499392302313
734,FINANCE,0.6854590310952484,['git'],['git'],"['numpy', 'scikit-learn', 'sql', 'data analysis', 'nlp', 'tensorflow', 'machine learning', 'pytorch', 'data science', 'deep learning', 'data visualization', 'natural language processing', 'python', 'pandas']",1,2.479821321766674
735,TEACHER,3.536985178857812,[],[],"['numpy', 'scikit-learn', 'sql', 'data analysis', 'nlp', 'git', 'tensorflow', 'machine learning', 'pytorch', 'data science', 'deep learning', 'data visualization', 'natural language processing', 'python', 'pandas']",0,2.4758896252004683
736,INFORMATION-TECHNOLOGY,3.5360582804317384,[],[],"['numpy', 'scikit-learn', 'sql', 'data analysis', 'nlp', 'git', 'tensorflow', 'machine learning', 'pytorch', 'data science', 'deep learning', 'data visualization', 'natural language processing', 'python', 'pandas']",0,2.475240796302217
737,BANKING,0.6739758815543744,['git'],['git'],"['numpy', 'scikit-learn', 'sql', 'data analysis', 'nlp', 'tensorflow', 'machine learning', 'pytorch', 'data science', 'deep learning', 'data visualization', 'natural language processing', 'python', 'pandas']",1,2.471783117088062
738,DESIGNER,0.6735409259113572,['git'],['git'],"['numpy', 'scikit-learn', 'sql', 'data analysis', 'nlp', 'tensorflow', 'machine learning', 'pytorch', 'data science', 'deep learning', 'data visualization', 'natural language processing', 'python', 'pandas']",1,2.47147864813795
739,AVIATION,3.5297866005208336,[],[],"['numpy', 'scikit-learn', 'sql', 'data analysis', 'nlp', 'git', 'tensorflow', 'machine learning', 'pytorch', 'data science', 'deep learning', 'data visualization', 'natural language processing', 'python', 'pandas']",0,2.4708506203645832
740,DESIGNER,0.6661593924171295,['git'],['git'],"['numpy', 'scikit-learn', 'sql', 'data analysis', 'nlp', 'tensorflow', 'machine learning', 'pytorch', 'data science', 'deep learning', 'data visualization', 'natural language processing', 'python', 'pandas']",1,2.4663115746919906
741,DIGITAL-MEDIA,0.6578975279693388,['git'],['git'],"['numpy', 'scikit-learn', 'sql', 'data analysis', 'nlp', 'tensorflow', 'machine learning', 'pytorch', 'data science', 'deep learning', 'data visualization', 'natural language processing', 'python', 'pandas']",1,2.4605282695785373
742,ENGINEERING,0.657096299478114,['git'],['git'],"['numpy', 'scikit-learn', 'sql', 'data analysis', 'nlp', 'tensorflow', 'machine learning', 'pytorch', 'data science', 'deep learning', 'data visualization', 'natural language processing', 'python', 'pandas']",1,2.4599674096346797
743,FINANCE,3.5110532561464436,[],[],"['numpy', 'scikit-learn', 'sql', 'data analysis', 'nlp', 'git', 'tensorflow', 'machine learning', 'pytorch', 'data science', 'deep learning', 'data visualization', 'natural language processing', 'python', 'pandas']",0,2.4577372793025103
744,TEACHER,3.5071414880481155,[],[],"['numpy', 'scikit-learn', 'sql', 'data analysis', 'nlp', 'git', 'tensorflow', 'machine learning', 'pytorch', 'data science', 'deep learning', 'data visualization', 'natural language processing', 'python', 'pandas']",0,2.454999041633681
745,PUBLIC-RELATIONS,3.500896375091901,[],[],"['numpy', 'scikit-learn', 'sql', 'data analysis', 'nlp', 'git', 'tensorflow', 'machine learning', 'pytorch', 'data science', 'deep learning', 'data visualization', 'natural language processing', 'python', 'pandas']",0,2.4506274625643307
746,BUSINESS-DEVELOPMENT,3.4980793410312154,[],[],"['numpy', 'scikit-learn', 'sql', 'data analysis', 'nlp', 'git', 'tensorflow', 'machine learning', 'pytorch', 'data science', 'deep learning', 'data visualization', 'natural language processing', 'python', 'pandas']",0,2.4486555387218507
747,AVIATION,0.6359847881479441,['git'],['git'],"['numpy', 'scikit-learn', 'sql', 'data analysis', 'nlp', 'tensorflow', 'machine learning', 'pytorch', 'data science', 'deep learning', 'data visualization', 'natural language processing', 'python', 'pandas']",1,2.445189351703561
748,HR,3.4707124668337404,[],[],"['numpy', 'scikit-learn', 'sql', 'data analysis', 'nlp', 'git', 'tensorflow', 'machine learning', 'pytorch', 'data science', 'deep learning', 'data visualization', 'natural language processing', 'python', 'pandas']",0,2.429498726783618
749,TEACHER,3.466668483865175,[],[],"['numpy', 'scikit-learn', 'sql', 'data analysis', 'nlp', 'git', 'tensorflow', 'machine learning', 'pytorch', 'data science', 'deep learning', 'data visualization', 'natural language processing', 'python', 'pandas']",0,2.4266679387056223
750,ADVOCATE,0.5964128850500074,['git'],['git'],"['numpy', 'scikit-learn', 'sql', 'data analysis', 'nlp', 'tensorflow', 'machine learning', 'pytorch', 'data science', 'deep learning', 'data visualization', 'natural language processing', 'python', 'pandas']",1,2.4174890195350054
751,FITNESS,0.5957198730536619,['git'],['git'],"['numpy', 'scikit-learn', 'sql', 'data analysis', 'nlp', 'tensorflow', 'machine learning', 'pytorch', 'data science', 'deep learning', 'data visualization', 'natural language processing', 'python', 'pandas']",1,2.4170039111375634
752,BUSINESS-DEVELOPMENT,0.5872931276238379,['git'],['git'],"['numpy', 'scikit-learn', 'sql', 'data analysis', 'nlp', 'tensorflow', 'machine learning', 'pytorch', 'data science', 'deep learning', 'data visualization', 'natural language processing', 'python', 'pandas']",1,2.4111051893366864
753,AUTOMOBILE,0.5839711229687474,['git'],['git'],"['numpy', 'scikit-learn', 'sql', 'data analysis', 'nlp', 'tensorflow', 'machine learning', 'pytorch', 'data science', 'deep learning', 'data visualization', 'natural language processing', 'python', 'pandas']",1,2.408779786078123
754,HEALTHCARE,3.4392646742242823,[],[],"['numpy', 'scikit-learn', 'sql', 'data analysis', 'nlp', 'git', 'tensorflow', 'machine learning', 'pytorch', 'data science', 'deep learning', 'data visualization', 'natural language processing', 'python', 'pandas']",0,2.4074852719569972
755,FITNESS,3.4352219222726825,[],[],"['numpy', 'scikit-learn', 'sql', 'data analysis', 'nlp', 'git', 'tensorflow', 'machine learning', 'pytorch', 'data science', 'deep learning', 'data visualization', 'natural language processing', 'python', 'pandas']",0,2.4046553455908777
756,BUSINESS-DEVELOPMENT,0.5748213009375562,['git'],['git'],"['numpy', 'scikit-learn', 'sql', 'data analysis', 'nlp', 'tensorflow', 'machine learning', 'pytorch', 'data science', 'deep learning', 'data visualization', 'natural language processing', 'python', 'pandas']",1,2.4023749106562895
757,FINANCE,0.5662991081371516,['git'],['git'],"['numpy', 'scikit-learn', 'sql', 'data analysis', 'nlp', 'tensorflow', 'machine learning', 'pytorch', 'data science', 'deep learning', 'data visualization', 'natural language processing', 'python', 'pandas']",1,2.396409375696006
758,AVIATION,0.5584894432428237,['git'],['git'],"['numpy', 'scikit-learn', 'sql', 'data analysis', 'nlp', 'tensorflow', 'machine learning', 'pytorch', 'data science', 'deep learning', 'data visualization', 'natural language processing', 'python', 'pandas']",1,2.3909426102699767
759,AVIATION,3.4107062287882557,[],[],"['numpy', 'scikit-learn', 'sql', 'data analysis', 'nlp', 'git', 'tensorflow', 'machine learning', 'pytorch', 'data science', 'deep learning', 'data visualization', 'natural language processing', 'python', 'pandas']",0,2.387494360151779
760,AUTOMOBILE,0.5488900650634108,['data analysis'],['data analysis'],"['numpy', 'scikit-learn', 'sql', 'nlp', 'git', 'tensorflow', 'machine learning', 'pytorch', 'data science', 'deep learning', 'data visualization', 'natural language processing', 'python', 'pandas']",1,2.3842230455443874
761,AGRICULTURE,0.5474550798046391,['git'],['git'],"['numpy', 'scikit-learn', 'sql', 'data analysis', 'nlp', 'tensorflow', 'machine learning', 'pytorch', 'data science', 'deep learning', 'data visualization', 'natural language processing', 'python', 'pandas']",1,2.3832185558632473
762,PUBLIC-RELATIONS,0.5452677177252779,['git'],['git'],"['numpy', 'scikit-learn', 'sql', 'data analysis', 'nlp', 'tensorflow', 'machine learning', 'pytorch', 'data science', 'deep learning', 'data visualization', 'natural language processing', 'python', 'pandas']",1,2.3816874024076946
763,HR,3.4004475741593634,[],[],"['numpy', 'scikit-learn', 'sql', 'data analysis', 'nlp', 'git', 'tensorflow', 'machine learning', 'pytorch', 'data science', 'deep learning', 'data visualization', 'natural language processing', 'python', 'pandas']",0,2.380313301911554
764,ADVOCATE,3.3940799291056005,[],[],"['numpy', 'scikit-learn', 'sql', 'data analysis', 'nlp', 'git', 'tensorflow', 'machine learning', 'pytorch', 'data science', 'deep learning', 'data visualization', 'natural language processing', 'python', 'pandas']",0,2.37585595037392
765,ENGINEERING,0.5359436957669004,['git'],['git'],"['numpy', 'scikit-learn', 'sql', 'data analysis', 'nlp', 'tensorflow', 'machine learning', 'pytorch', 'data science', 'deep learning', 'data visualization', 'natural language processing', 'python', 'pandas']",1,2.3751605870368304
766,PUBLIC-RELATIONS,0.5307664322398181,['git'],['git'],"['numpy', 'scikit-learn', 'sql', 'data analysis', 'nlp', 'tensorflow', 'machine learning', 'pytorch', 'data science', 'deep learning', 'data visualization', 'natural language processing', 'python', 'pandas']",1,2.3715365025678725
767,SALES,3.3873534226753517,[],[],"['numpy', 'scikit-learn', 'sql', 'data analysis', 'nlp', 'git', 'tensorflow', 'machine learning', 'pytorch', 'data science', 'deep learning', 'data visualization', 'natural language processing', 'python', 'pandas']",0,2.371147395872746
768,PUBLIC-RELATIONS,0.5293307625952834,['git'],['git'],"['numpy', 'scikit-learn', 'sql', 'data analysis', 'nlp', 'tensorflow', 'machine learning', 'pytorch', 'data science', 'deep learning', 'data visualization', 'natural language processing', 'python', 'pandas']",1,2.3705315338166986
769,AGRICULTURE,3.381837570638344,[],[],"['numpy', 'scikit-learn', 'sql', 'data analysis', 'nlp', 'git', 'tensorflow', 'machine learning', 'pytorch', 'data science', 'deep learning', 'data visualization', 'natural language processing', 'python', 'pandas']",0,2.3672862994468407
770,CONSTRUCTION,3.370765516524083,[],[],"['numpy', 'scikit-learn', 'sql', 'data analysis', 'nlp', 'git', 'tensorflow', 'machine learning', 'pytorch', 'data science', 'deep learning', 'data visualization', 'natural language processing', 'python', 'pandas']",0,2.359535861566858
771,PUBLIC-RELATIONS,3.3663542603796572,[],[],"['numpy', 'scikit-learn', 'sql', 'data analysis', 'nlp', 'git', 'tensorflow', 'machine learning', 'pytorch', 'data science', 'deep learning', 'data visualization', 'natural language processing', 'python', 'pandas']",0,2.35644798226576
772,BUSINESS-DEVELOPMENT,0.508851295800328,['git'],['git'],"['numpy', 'scikit-learn', 'sql', 'data analysis', 'nlp', 'tensorflow', 'machine learning', 'pytorch', 'data science', 'deep learning', 'data visualization', 'natural language processing', 'python', 'pandas']",1,2.3561959070602296
773,FITNESS,3.365166895918708,[],[],"['numpy', 'scikit-learn', 'sql', 'data analysis', 'nlp', 'git', 'tensorflow', 'machine learning', 'pytorch', 'data science', 'deep learning', 'data visualization', 'natural language processing', 'python', 'pandas']",0,2.3556168271430953
774,DIGITAL-MEDIA,0.5079287090564154,['git'],['git'],"['numpy', 'scikit-learn', 'sql', 'data analysis', 'nlp', 'tensorflow', 'machine learning', 'pytorch', 'data science', 'deep learning', 'data visualization', 'natural language processing', 'python', 'pandas']",1,2.3555500963394906
775,DIGITAL-MEDIA,0.49919177818240085,['git'],['git'],"['numpy', 'scikit-learn', 'sql', 'data analysis', 'nlp', 'tensorflow', 'machine learning', 'pytorch', 'data science', 'deep learning', 'data visualization', 'natural language processing', 'python', 'pandas']",1,2.3494342447276804
776,CONSULTANT,0.4970522375328367,['git'],['git'],"['numpy', 'scikit-learn', 'sql', 'data analysis', 'nlp', 'tensorflow', 'machine learning', 'pytorch', 'data science', 'deep learning', 'data visualization', 'natural language processing', 'python', 'pandas']",1,2.3479365662729856
777,BUSINESS-DEVELOPMENT,0.4924720224958632,['git'],['git'],"['numpy', 'scikit-learn', 'sql', 'data analysis', 'nlp', 'tensorflow', 'machine learning', 'pytorch', 'data science', 'deep learning', 'data visualization', 'natural language processing', 'python', 'pandas']",1,2.344730415747104
778,APPAREL,3.3483663475983536,[],[],"['numpy', 'scikit-learn', 'sql', 'data analysis', 'nlp', 'git', 'tensorflow', 'machine learning', 'pytorch', 'data science', 'deep learning', 'data visualization', 'natural language processing', 'python', 'pandas']",0,2.3438564433188476
779,SALES,3.347271062000408,[],[],"['numpy', 'scikit-learn', 'sql', 'data analysis', 'nlp', 'git', 'tensorflow', 'machine learning', 'pytorch', 'data science', 'deep learning', 'data visualization', 'natural language processing', 'python', 'pandas']",0,2.3430897434002853
780,DIGITAL-MEDIA,0.48587151550867,['git'],['git'],"['numpy', 'scikit-learn', 'sql', 'data analysis', 'nlp', 'tensorflow', 'machine learning', 'pytorch', 'data science', 'deep learning', 'data visualization', 'natural language processing', 'python', 'pandas']",1,2.3401100608560688
781,SALES,3.341688984993424,[],[],"['numpy', 'scikit-learn', 'sql', 'data analysis', 'nlp', 'git', 'tensorflow', 'machine learning', 'pytorch', 'data science', 'deep learning', 'data visualization', 'natural language processing', 'python', 'pandas']",0,2.3391822894953966
782,DESIGNER,0.4837514658313886,['git'],['git'],"['numpy', 'scikit-learn', 'sql', 'data analysis', 'nlp', 'tensorflow', 'machine learning', 'pytorch', 'data science', 'deep learning', 'data visualization', 'natural language processing', 'python', 'pandas']",1,2.338626026081972
783,ADVOCATE,3.340536378429646,[],[],"['numpy', 'scikit-learn', 'sql', 'data analysis', 'nlp', 'git', 'tensorflow', 'machine learning', 'pytorch', 'data science', 'deep learning', 'data visualization', 'natural language processing', 'python', 'pandas']",0,2.338375464900752
784,BUSINESS-DEVELOPMENT,0.48325982903287373,['git'],['git'],"['numpy', 'scikit-learn', 'sql', 'data analysis', 'nlp', 'tensorflow', 'machine learning', 'pytorch', 'data science', 'deep learning', 'data visualization', 'natural language processing', 'python', 'pandas']",1,2.3382818803230117
785,ENGINEERING,3.332268030722221,[],[],"['numpy', 'scikit-learn', 'sql', 'data analysis', 'nlp', 'git', 'tensorflow', 'machine learning', 'pytorch', 'data science', 'deep learning', 'data visualization', 'natural language processing', 'python', 'pandas']",0,2.3325876215055548
786,ACCOUNTANT,3.331887675028302,[],[],"['numpy', 'scikit-learn', 'sql', 'data analysis', 'nlp', 'git', 'tensorflow', 'machine learning', 'pytorch', 'data science', 'deep learning', 'data visualization', 'natural language processing', 'python', 'pandas']",0,2.3323213725198113
787,PUBLIC-RELATIONS,0.4728606409129538,['git'],['git'],"['numpy', 'scikit-learn', 'sql', 'data analysis', 'nlp', 'tensorflow', 'machine learning', 'pytorch', 'data science', 'deep learning', 'data visualization', 'natural language processing', 'python', 'pandas']",1,2.3310024486390675
788,PUBLIC-RELATIONS,0.47135182024523,['git'],['git'],"['numpy', 'scikit-learn', 'sql', 'data analysis', 'nlp', 'tensorflow', 'machine learning', 'pytorch', 'data science', 'deep learning', 'data visualization', 'natural language processing', 'python', 'pandas']",1,2.329946274171661
789,APPAREL,3.3277525165032387,[],[],"['numpy', 'scikit-learn', 'sql', 'data analysis', 'nlp', 'git', 'tensorflow', 'machine learning', 'pytorch', 'data science', 'deep learning', 'data visualization', 'natural language processing', 'python', 'pandas']",0,2.329426761552267
790,PUBLIC-RELATIONS,0.46877853243117706,['git'],['git'],"['numpy', 'scikit-learn', 'sql', 'data analysis', 'nlp', 'tensorflow', 'machine learning', 'pytorch', 'data science', 'deep learning', 'data visualization', 'natural language processing', 'python', 'pandas']",1,2.328144972701824
791,PUBLIC-RELATIONS,0.46355667835155934,['git'],['git'],"['numpy', 'scikit-learn', 'sql', 'data analysis', 'nlp', 'tensorflow', 'machine learning', 'pytorch', 'data science', 'deep learning', 'data visualization', 'natural language processing', 'python', 'pandas']",1,2.3244896748460917
792,CHEF,3.320190654143114,[],[],"['numpy', 'scikit-learn', 'sql', 'data analysis', 'nlp', 'git', 'tensorflow', 'machine learning', 'pytorch', 'data science', 'deep learning', 'data visualization', 'natural language processing', 'python', 'pandas']",0,2.3241334579001798
793,AVIATION,3.3139853401311736,[],[],"['numpy', 'scikit-learn', 'sql', 'data analysis', 'nlp', 'git', 'tensorflow', 'machine learning', 'pytorch', 'data science', 'deep learning', 'data visualization', 'natural language processing', 'python', 'pandas']",0,2.3197897380918215
794,SALES,3.3124682234305953,[],[],"['numpy', 'scikit-learn', 'sql', 'data analysis', 'nlp', 'git', 'tensorflow', 'machine learning', 'pytorch', 'data science', 'deep learning', 'data visualization', 'natural language processing', 'python', 'pandas']",0,2.3187277564014166
795,BUSINESS-DEVELOPMENT,3.3095288233868363,[],[],"['numpy', 'scikit-learn', 'sql', 'data analysis', 'nlp', 'git', 'tensorflow', 'machine learning', 'pytorch', 'data science', 'deep learning', 'data visualization', 'natural language processing', 'python', 'pandas']",0,2.3166701763707853
796,FINANCE,3.307438538615344,[],[],"['numpy', 'scikit-learn', 'sql', 'data analysis', 'nlp', 'git', 'tensorflow', 'machine learning', 'pytorch', 'data science', 'deep learning', 'data visualization', 'natural language processing', 'python', 'pandas']",0,2.3152069770307406
797,ACCOUNTANT,3.305146320238749,[],[],"['numpy', 'scikit-learn', 'sql', 'data analysis', 'nlp', 'git', 'tensorflow', 'machine learning', 'pytorch', 'data science', 'deep learning', 'data visualization', 'natural language processing', 'python', 'pandas']",0,2.313602424167124
798,FITNESS,0.4468851981084627,['git'],['git'],"['numpy', 'scikit-learn', 'sql', 'data analysis', 'nlp', 'tensorflow', 'machine learning', 'pytorch', 'data science', 'deep learning', 'data visualization', 'natural language processing', 'python', 'pandas']",1,2.312819638675924
799,DIGITAL-MEDIA,0.4458769962991176,['git'],['git'],"['numpy', 'scikit-learn', 'sql', 'data analysis', 'nlp', 'tensorflow', 'machine learning', 'pytorch', 'data science', 'deep learning', 'data visualization', 'natural language processing', 'python', 'pandas']",1,2.3121138974093824
800,ADVOCATE,3.3021623851130784,[],[],"['numpy', 'scikit-learn', 'sql', 'data analysis', 'nlp', 'git', 'tensorflow', 'machine learning', 'pytorch', 'data science', 'deep learning', 'data visualization', 'natural language processing', 'python', 'pandas']",0,2.3115136695791545
801,PUBLIC-RELATIONS,0.438301735957077,['git'],['git'],"['numpy', 'scikit-learn', 'sql', 'data analysis', 'nlp', 'tensorflow', 'machine learning', 'pytorch', 'data science', 'deep learning', 'data visualization', 'natural language processing', 'python', 'pandas']",1,2.306811215169954
802,CONSULTANT,3.2832410283647078,[],[],"['numpy', 'scikit-learn', 'sql', 'data analysis', 'nlp', 'git', 'tensorflow', 'machine learning', 'pytorch', 'data science', 'deep learning', 'data visualization', 'natural language processing', 'python', 'pandas']",0,2.298268719855295
803,INFORMATION-TECHNOLOGY,3.280689303572329,[],[],"['numpy', 'scikit-learn', 'sql', 'data analysis', 'nlp', 'git', 'tensorflow', 'machine learning', 'pytorch', 'data science', 'deep learning', 'data visualization', 'natural language processing', 'python', 'pandas']",0,2.29648251250063
804,PUBLIC-RELATIONS,0.42173164811621694,['git'],['git'],"['numpy', 'scikit-learn', 'sql', 'data analysis', 'nlp', 'tensorflow', 'machine learning', 'pytorch', 'data science', 'deep learning', 'data visualization', 'natural language processing', 'python', 'pandas']",1,2.295212153681352
805,APPAREL,0.4194337547149244,['git'],['git'],"['numpy', 'scikit-learn', 'sql', 'data analysis', 'nlp', 'tensorflow', 'machine learning', 'pytorch', 'data science', 'deep learning', 'data visualization', 'natural language processing', 'python', 'pandas']",1,2.2936036283004473
806,CONSULTANT,0.4179874239868998,['git'],['git'],"['numpy', 'scikit-learn', 'sql', 'data analysis', 'nlp', 'tensorflow', 'machine learning', 'pytorch', 'data science', 'deep learning', 'data visualization', 'natural language processing', 'python', 'pandas']",1,2.2925911967908297
807,ACCOUNTANT,3.273308856147815,[],[],"['numpy', 'scikit-learn', 'sql', 'data analysis', 'nlp', 'git', 'tensorflow', 'machine learning', 'pytorch', 'data science', 'deep learning', 'data visualization', 'natural language processing', 'python', 'pandas']",0,2.2913161993034703
808,AVIATION,3.269392914803441,[],[],"['numpy', 'scikit-learn', 'sql', 'data analysis', 'nlp', 'git', 'tensorflow', 'machine learning', 'pytorch', 'data science', 'deep learning', 'data visualization', 'natural language processing', 'python', 'pandas']",0,2.2885750403624083
809,HR,0.4119766719505497,['git'],['git'],"['numpy', 'scikit-learn', 'sql', 'data analysis', 'nlp', 'tensorflow', 'machine learning', 'pytorch', 'data science', 'deep learning', 'data visualization', 'natural language processing', 'python', 'pandas']",1,2.2883836703653846
810,DIGITAL-MEDIA,0.40635909701352635,['git'],['git'],"['numpy', 'scikit-learn', 'sql', 'data analysis', 'nlp', 'tensorflow', 'machine learning', 'pytorch', 'data science', 'deep learning', 'data visualization', 'natural language processing', 'python', 'pandas']",1,2.2844513679094685
811,ENGINEERING,3.262534399925228,[],[],"['numpy', 'scikit-learn', 'sql', 'data analysis', 'nlp', 'git', 'tensorflow', 'machine learning', 'pytorch', 'data science', 'deep learning', 'data visualization', 'natural language processing', 'python', 'pandas']",0,2.2837740799476594
812,BPO,0.40529753430519083,['git'],['git'],"['numpy', 'scikit-learn', 'sql', 'data analysis', 'nlp', 'tensorflow', 'machine learning', 'pytorch', 'data science', 'deep learning', 'data visualization', 'natural language processing', 'python', 'pandas']",1,2.2837082740136334
813,FITNESS,3.260652207238586,[],[],"['numpy', 'scikit-learn', 'sql', 'data analysis', 'nlp', 'git', 'tensorflow', 'machine learning', 'pytorch', 'data science', 'deep learning', 'data visualization', 'natural language processing', 'python', 'pandas']",0,2.28245654506701
814,AGRICULTURE,3.2533262967060392,[],[],"['numpy', 'scikit-learn', 'sql', 'data analysis', 'nlp', 'git', 'tensorflow', 'machine learning', 'pytorch', 'data science', 'deep learning', 'data visualization', 'natural language processing', 'python', 'pandas']",0,2.2773284076942275
815,ARTS,0.39607848991845507,['git'],['git'],"['numpy', 'scikit-learn', 'sql', 'data analysis', 'nlp', 'tensorflow', 'machine learning', 'pytorch', 'data science', 'deep learning', 'data visualization', 'natural language processing', 'python', 'pandas']",1,2.2772549429429185
816,TEACHER,3.253092201965578,[],[],"['numpy', 'scikit-learn', 'sql', 'data analysis', 'nlp', 'git', 'tensorflow', 'machine learning', 'pytorch', 'data science', 'deep learning', 'data visualization', 'natural language processing', 'python', 'pandas']",0,2.2771645413759045
817,FITNESS,3.2486158434446617,[],[],"['numpy', 'scikit-learn', 'sql', 'data analysis', 'nlp', 'git', 'tensorflow', 'machine learning', 'pytorch', 'data science', 'deep learning', 'data visualization', 'natural language processing', 'python', 'pandas']",0,2.274031090411263
818,ADVOCATE,3.2469244561878274,[],[],"['numpy', 'scikit-learn', 'sql', 'data analysis', 'nlp', 'git', 'tensorflow', 'machine learning', 'pytorch', 'data science', 'deep learning', 'data visualization', 'natural language processing', 'python', 'pandas']",0,2.272847119331479
819,DIGITAL-MEDIA,3.2452529895675175,[],[],"['numpy', 'scikit-learn', 'sql', 'data analysis', 'nlp', 'git', 'tensorflow', 'machine learning', 'pytorch', 'data science', 'deep learning', 'data visualization', 'natural language processing', 'python', 'pandas']",0,2.2716770926972623
820,FINANCE,3.2443340222222785,[],[],"['numpy', 'scikit-learn', 'sql', 'data analysis', 'nlp', 'git', 'tensorflow', 'machine learning', 'pytorch', 'data science', 'deep learning', 'data visualization', 'natural language processing', 'python', 'pandas']",0,2.2710338155555947
821,DESIGNER,3.243805188465777,[],[],"['numpy', 'scikit-learn', 'sql', 'data analysis', 'nlp', 'git', 'tensorflow', 'machine learning', 'pytorch', 'data science', 'deep learning', 'data visualization', 'natural language processing', 'python', 'pandas']",0,2.270663631926044
822,DIGITAL-MEDIA,0.38633976039222173,['git'],['git'],"['numpy', 'scikit-learn', 'sql', 'data analysis', 'nlp', 'tensorflow', 'machine learning', 'pytorch', 'data science', 'deep learning', 'data visualization', 'natural language processing', 'python', 'pandas']",1,2.2704378322745553
823,SALES,3.234226368612315,[],[],"['numpy', 'scikit-learn', 'sql', 'data analysis', 'nlp', 'git', 'tensorflow', 'machine learning', 'pytorch', 'data science', 'deep learning', 'data visualization', 'natural language processing', 'python', 'pandas']",0,2.2639584580286205
824,INFORMATION-TECHNOLOGY,3.2311979682874115,[],[],"['numpy', 'scikit-learn', 'sql', 'data analysis', 'nlp', 'git', 'tensorflow', 'machine learning', 'pytorch', 'data science', 'deep learning', 'data visualization', 'natural language processing', 'python', 'pandas']",0,2.261838577801188
825,DIGITAL-MEDIA,0.37114576014125633,['git'],['git'],"['numpy', 'scikit-learn', 'sql', 'data analysis', 'nlp', 'tensorflow', 'machine learning', 'pytorch', 'data science', 'deep learning', 'data visualization', 'natural language processing', 'python', 'pandas']",1,2.2598020320988796
826,ENGINEERING,3.226843348099414,[],[],"['numpy', 'scikit-learn', 'sql', 'data analysis', 'nlp', 'git', 'tensorflow', 'machine learning', 'pytorch', 'data science', 'deep learning', 'data visualization', 'natural language processing', 'python', 'pandas']",0,2.2587903436695895
827,DESIGNER,0.36956873819569613,['git'],['git'],"['numpy', 'scikit-learn', 'sql', 'data analysis', 'nlp', 'tensorflow', 'machine learning', 'pytorch', 'data science', 'deep learning', 'data visualization', 'natural language processing', 'python', 'pandas']",1,2.258698116736987
828,BANKING,3.2161427459958882,[],[],"['numpy', 'scikit-learn', 'sql', 'data analysis', 'nlp', 'git', 'tensorflow', 'machine learning', 'pytorch', 'data science', 'deep learning', 'data visualization', 'natural language processing', 'python', 'pandas']",0,2.2512999221971217
829,SALES,0.35785631484851366,['git'],['git'],"['numpy', 'scikit-learn', 'sql', 'data analysis', 'nlp', 'tensorflow', 'machine learning', 'pytorch', 'data science', 'deep learning', 'data visualization', 'natural language processing', 'python', 'pandas']",1,2.2504994203939597
830,TEACHER,3.2135725962010566,[],[],"['numpy', 'scikit-learn', 'sql', 'data analysis', 'nlp', 'git', 'tensorflow', 'machine learning', 'pytorch', 'data science', 'deep learning', 'data visualization', 'natural language processing', 'python', 'pandas']",0,2.2495008173407394
831,ENGINEERING,3.2005985260041467,[],[],"['numpy', 'scikit-learn', 'sql', 'data analysis', 'nlp', 'git', 'tensorflow', 'machine learning', 'pytorch', 'data science', 'deep learning', 'data visualization', 'natural language processing', 'python', 'pandas']",0,2.2404189682029028
832,DESIGNER,0.33938238779144625,['git'],['git'],"['numpy', 'scikit-learn', 'sql', 'data analysis', 'nlp', 'tensorflow', 'machine learning', 'pytorch', 'data science', 'deep learning', 'data visualization', 'natural language processing', 'python', 'pandas']",1,2.2375676714540123
833,BANKING,3.187759302390445,[],[],"['numpy', 'scikit-learn', 'sql', 'data analysis', 'nlp', 'git', 'tensorflow', 'machine learning', 'pytorch', 'data science', 'deep learning', 'data visualization', 'natural language processing', 'python', 'pandas']",0,2.2314315116733114
834,ADVOCATE,3.18591974402974,[],[],"['numpy', 'scikit-learn', 'sql', 'data analysis', 'nlp', 'git', 'tensorflow', 'machine learning', 'pytorch', 'data science', 'deep learning', 'data visualization', 'natural language processing', 'python', 'pandas']",0,2.230143820820818
835,CONSTRUCTION,3.184532808259852,[],[],"['numpy', 'scikit-learn', 'sql', 'data analysis', 'nlp', 'git', 'tensorflow', 'machine learning', 'pytorch', 'data science', 'deep learning', 'data visualization', 'natural language processing', 'python', 'pandas']",0,2.229172965781896
836,DESIGNER,0.32575515248254844,['git'],['git'],"['numpy', 'scikit-learn', 'sql', 'data analysis', 'nlp', 'tensorflow', 'machine learning', 'pytorch', 'data science', 'deep learning', 'data visualization', 'natural language processing', 'python', 'pandas']",1,2.2280286067377837
837,HR,3.1811431572652484,[],[],"['numpy', 'scikit-learn', 'sql', 'data analysis', 'nlp', 'git', 'tensorflow', 'machine learning', 'pytorch', 'data science', 'deep learning', 'data visualization', 'natural language processing', 'python', 'pandas']",0,2.2268002100856736
838,DIGITAL-MEDIA,0.3226871889504929,['git'],['git'],"['numpy', 'scikit-learn', 'sql', 'data analysis', 'nlp', 'tensorflow', 'machine learning', 'pytorch', 'data science', 'deep learning', 'data visualization', 'natural language processing', 'python', 'pandas']",1,2.225881032265345
839,DIGITAL-MEDIA,0.31599066111540186,['git'],['git'],"['numpy', 'scikit-learn', 'sql', 'data analysis', 'nlp', 'tensorflow', 'machine learning', 'pytorch', 'data science', 'deep learning', 'data visualization', 'natural language processing', 'python', 'pandas']",1,2.2211934627807812
840,ARTS,0.3102537267724928,['git'],['git'],"['numpy', 'scikit-learn', 'sql', 'data analysis', 'nlp', 'tensorflow', 'machine learning', 'pytorch', 'data science', 'deep learning', 'data visualization', 'natural language processing', 'python', 'pandas']",1,2.217177608740745
841,PUBLIC-RELATIONS,0.30449573867831525,['git'],['git'],"['numpy', 'scikit-learn', 'sql', 'data analysis', 'nlp', 'tensorflow', 'machine learning', 'pytorch', 'data science', 'deep learning', 'data visualization', 'natural language processing', 'python', 'pandas']",1,2.213147017074821
842,BUSINESS-DEVELOPMENT,0.3005200769244187,['git'],['git'],"['numpy', 'scikit-learn', 'sql', 'data analysis', 'nlp', 'tensorflow', 'machine learning', 'pytorch', 'data science', 'deep learning', 'data visualization', 'natural language processing', 'python', 'pandas']",1,2.2103640538470932
843,AVIATION,3.1574807838513337,[],[],"['numpy', 'scikit-learn', 'sql', 'data analysis', 'nlp', 'git', 'tensorflow', 'machine learning', 'pytorch', 'data science', 'deep learning', 'data visualization', 'natural language processing', 'python', 'pandas']",0,2.2102365486959332
844,PUBLIC-RELATIONS,0.29823098215142985,['git'],['git'],"['numpy', 'scikit-learn', 'sql', 'data analysis', 'nlp', 'tensorflow', 'machine learning', 'pytorch', 'data science', 'deep learning', 'data visualization', 'natural language processing', 'python', 'pandas']",1,2.208761687506001
845,CONSULTANT,0.2944133982728609,['git'],['git'],"['numpy', 'scikit-learn', 'sql', 'data analysis', 'nlp', 'tensorflow', 'machine learning', 'pytorch', 'data science', 'deep learning', 'data visualization', 'natural language processing', 'python', 'pandas']",1,2.2060893787910025
846,PUBLIC-RELATIONS,0.28562910952592585,['git'],['git'],"['numpy', 'scikit-learn', 'sql', 'data analysis', 'nlp', 'tensorflow', 'machine learning', 'pytorch', 'data science', 'deep learning', 'data visualization', 'natural language processing', 'python', 'pandas']",1,2.199940376668148
847,BUSINESS-DEVELOPMENT,0.285372272473471,['git'],['git'],"['numpy', 'scikit-learn', 'sql', 'data analysis', 'nlp', 'tensorflow', 'machine learning', 'pytorch', 'data science', 'deep learning', 'data visualization', 'natural language processing', 'python', 'pandas']",1,2.1997605907314295
848,APPAREL,0.283733920283657,['git'],['git'],"['numpy', 'scikit-learn', 'sql', 'data analysis', 'nlp', 'tensorflow', 'machine learning', 'pytorch', 'data science', 'deep learning', 'data visualization', 'natural language processing', 'python', 'pandas']",1,2.19861374419856
849,ENGINEERING,3.1399712683199112,[],[],"['numpy', 'scikit-learn', 'sql', 'data analysis', 'nlp', 'git', 'tensorflow', 'machine learning', 'pytorch', 'data science', 'deep learning', 'data visualization', 'natural language processing', 'python', 'pandas']",0,2.1979798878239376
850,FITNESS,3.1368584052833897,[],[],"['numpy', 'scikit-learn', 'sql', 'data analysis', 'nlp', 'git', 'tensorflow', 'machine learning', 'pytorch', 'data science', 'deep learning', 'data visualization', 'natural language processing', 'python', 'pandas']",0,2.1958008836983725
851,DIGITAL-MEDIA,0.2765024159840877,['git'],['git'],"['numpy', 'scikit-learn', 'sql', 'data analysis', 'nlp', 'tensorflow', 'machine learning', 'pytorch', 'data science', 'deep learning', 'data visualization', 'natural language processing', 'python', 'pandas']",1,2.1935516911888615
852,INFORMATION-TECHNOLOGY,0.27495215431573955,['git'],['git'],"['numpy', 'scikit-learn', 'sql', 'data analysis', 'nlp', 'tensorflow', 'machine learning', 'pytorch', 'data science', 'deep learning', 'data visualization', 'natural language processing', 'python', 'pandas']",1,2.1924665080210177
853,CONSULTANT,3.130377170959813,[],[],"['numpy', 'scikit-learn', 'sql', 'data analysis', 'nlp', 'git', 'tensorflow', 'machine learning', 'pytorch', 'data science', 'deep learning', 'data visualization', 'natural language processing', 'python', 'pandas']",0,2.191264019671869
854,DESIGNER,0.2593809975949512,['git'],['git'],"['numpy', 'scikit-learn', 'sql', 'data analysis', 'nlp', 'tensorflow', 'machine learning', 'pytorch', 'data science', 'deep learning', 'data visualization', 'natural language processing', 'python', 'pandas']",1,2.1815666983164657
855,HEALTHCARE,3.1141040647020204,[],[],"['numpy', 'scikit-learn', 'sql', 'data analysis', 'nlp', 'git', 'tensorflow', 'machine learning', 'pytorch', 'data science', 'deep learning', 'data visualization', 'natural language processing', 'python', 'pandas']",0,2.1798728452914142
856,PUBLIC-RELATIONS,0.2510358066248029,['git'],['git'],"['numpy', 'scikit-learn', 'sql', 'data analysis', 'nlp', 'tensorflow', 'machine learning', 'pytorch', 'data science', 'deep learning', 'data visualization', 'natural language processing', 'python', 'pandas']",1,2.175725064637362
857,CHEF,3.101503662492725,[],[],"['numpy', 'scikit-learn', 'sql', 'data analysis', 'nlp', 'git', 'tensorflow', 'machine learning', 'pytorch', 'data science', 'deep learning', 'data visualization', 'natural language processing', 'python', 'pandas']",0,2.171052563744907
858,FITNESS,3.093522050508226,[],[],"['numpy', 'scikit-learn', 'sql', 'data analysis', 'nlp', 'git', 'tensorflow', 'machine learning', 'pytorch', 'data science', 'deep learning', 'data visualization', 'natural language processing', 'python', 'pandas']",0,2.1654654353557583
859,DIGITAL-MEDIA,0.23560537594703115,['git'],['git'],"['numpy', 'scikit-learn', 'sql', 'data analysis', 'nlp', 'tensorflow', 'machine learning', 'pytorch', 'data science', 'deep learning', 'data visualization', 'natural language processing', 'python', 'pandas']",1,2.1649237631629217
860,AVIATION,3.090259599101899,[],[],"['numpy', 'scikit-learn', 'sql', 'data analysis', 'nlp', 'git', 'tensorflow', 'machine learning', 'pytorch', 'data science', 'deep learning', 'data visualization', 'natural language processing', 'python', 'pandas']",0,2.163181719371329
861,PUBLIC-RELATIONS,0.23301905780199594,['git'],['git'],"['numpy', 'scikit-learn', 'sql', 'data analysis', 'nlp', 'tensorflow', 'machine learning', 'pytorch', 'data science', 'deep learning', 'data visualization', 'natural language processing', 'python', 'pandas']",1,2.163113340461397
862,FITNESS,3.0847170232275323,[],[],"['numpy', 'scikit-learn', 'sql', 'data analysis', 'nlp', 'git', 'tensorflow', 'machine learning', 'pytorch', 'data science', 'deep learning', 'data visualization', 'natural language processing', 'python', 'pandas']",0,2.1593019162592726
863,PUBLIC-RELATIONS,0.221413291389285,['git'],['git'],"['numpy', 'scikit-learn', 'sql', 'data analysis', 'nlp', 'tensorflow', 'machine learning', 'pytorch', 'data science', 'deep learning', 'data visualization', 'natural language processing', 'python', 'pandas']",1,2.1549893039724997
864,AVIATION,3.0763179603607185,[],[],"['numpy', 'scikit-learn', 'sql', 'data analysis', 'nlp', 'git', 'tensorflow', 'machine learning', 'pytorch', 'data science', 'deep learning', 'data visualization', 'natural language processing', 'python', 'pandas']",0,2.1534225722525027
865,BANKING,0.21228911373215245,['git'],['git'],"['numpy', 'scikit-learn', 'sql', 'data analysis', 'nlp', 'tensorflow', 'machine learning', 'pytorch', 'data science', 'deep learning', 'data visualization', 'natural language processing', 'python', 'pandas']",1,2.1486023796125067
866,ENGINEERING,3.068991231186488,[],[],"['numpy', 'scikit-learn', 'sql', 'data analysis', 'nlp', 'git', 'tensorflow', 'machine learning', 'pytorch', 'data science', 'deep learning', 'data visualization', 'natural language processing', 'python', 'pandas']",0,2.1482938618305414
867,TEACHER,3.0689437036552034,[],[],"['numpy', 'scikit-learn', 'sql', 'data analysis', 'nlp', 'git', 'tensorflow', 'machine learning', 'pytorch', 'data science', 'deep learning', 'data visualization', 'natural language processing', 'python', 'pandas']",0,2.148260592558642
868,SALES,0.20342693204614104,['git'],['git'],"['numpy', 'scikit-learn', 'sql', 'data analysis', 'nlp', 'tensorflow', 'machine learning', 'pytorch', 'data science', 'deep learning', 'data visualization', 'natural language processing', 'python', 'pandas']",1,2.1423988524322986
869,BANKING,3.060481875422955,[],[],"['numpy', 'scikit-learn', 'sql', 'data analysis', 'nlp', 'git', 'tensorflow', 'machine learning', 'pytorch', 'data science', 'deep learning', 'data visualization', 'natural language processing', 'python', 'pandas']",0,2.142337312796068
870,DIGITAL-MEDIA,0.19953507281722216,['git'],['git'],"['numpy', 'scikit-learn', 'sql', 'data analysis', 'nlp', 'tensorflow', 'machine learning', 'pytorch', 'data science', 'deep learning', 'data visualization', 'natural language processing', 'python', 'pandas']",1,2.1396745509720554
871,ENGINEERING,3.056034795396465,[],[],"['numpy', 'scikit-learn', 'sql', 'data analysis', 'nlp', 'git', 'tensorflow', 'machine learning', 'pytorch', 'data science', 'deep learning', 'data visualization', 'natural language processing', 'python', 'pandas']",0,2.1392243567775253
872,PUBLIC-RELATIONS,3.055999813316218,[],[],"['numpy', 'scikit-learn', 'sql', 'data analysis', 'nlp', 'git', 'tensorflow', 'machine learning', 'pytorch', 'data science', 'deep learning', 'data visualization', 'natural language processing', 'python', 'pandas']",0,2.1391998693213523
873,SALES,3.0530264713381645,[],[],"['numpy', 'scikit-learn', 'sql', 'data analysis', 'nlp', 'git', 'tensorflow', 'machine learning', 'pytorch', 'data science', 'deep learning', 'data visualization', 'natural language processing', 'python', 'pandas']",0,2.137118529936715
874,DIGITAL-MEDIA,0.19548262983669645,['git'],['git'],"['numpy', 'scikit-learn', 'sql', 'data analysis', 'nlp', 'tensorflow', 'machine learning', 'pytorch', 'data science', 'deep learning', 'data visualization', 'natural language processing', 'python', 'pandas']",1,2.1368378408856876
875,BUSINESS-DEVELOPMENT,0.18803714827034718,['git'],['git'],"['numpy', 'scikit-learn', 'sql', 'data analysis', 'nlp', 'tensorflow', 'machine learning', 'pytorch', 'data science', 'deep learning', 'data visualization', 'natural language processing', 'python', 'pandas']",1,2.131626003789243
876,CONSTRUCTION,3.0451029678126798,[],[],"['numpy', 'scikit-learn', 'sql', 'data analysis', 'nlp', 'git', 'tensorflow', 'machine learning', 'pytorch', 'data science', 'deep learning', 'data visualization', 'natural language processing', 'python', 'pandas']",0,2.1315720774688756
877,AVIATION,3.0399109106539846,[],[],"['numpy', 'scikit-learn', 'sql', 'data analysis', 'nlp', 'git', 'tensorflow', 'machine learning', 'pytorch', 'data science', 'deep learning', 'data visualization', 'natural language processing', 'python', 'pandas']",0,2.127937637457789
878,DIGITAL-MEDIA,0.1807218969270145,['git'],['git'],"['numpy', 'scikit-learn', 'sql', 'data analysis', 'nlp', 'tensorflow', 'machine learning', 'pytorch', 'data science', 'deep learning', 'data visualization', 'natural language processing', 'python', 'pandas']",1,2.12650532784891
879,CONSULTANT,0.17640114019959122,['git'],['git'],"['numpy', 'scikit-learn', 'sql', 'data analysis', 'nlp', 'tensorflow', 'machine learning', 'pytorch', 'data science', 'deep learning', 'data visualization', 'natural language processing', 'python', 'pandas']",1,2.1234807981397137
880,HEALTHCARE,3.026537640196221,[],[],"['numpy', 'scikit-learn', 'sql', 'data analysis', 'nlp', 'git', 'tensorflow', 'machine learning', 'pytorch', 'data science', 'deep learning', 'data visualization', 'natural language processing', 'python', 'pandas']",0,2.1185763481373545
881,DIGITAL-MEDIA,0.16343274499211205,['git'],['git'],"['numpy', 'scikit-learn', 'sql', 'data analysis', 'nlp', 'tensorflow', 'machine learning', 'pytorch', 'data science', 'deep learning', 'data visualization', 'natural language processing', 'python', 'pandas']",1,2.1144029214944786
882,HR,0.16240134143012272,['git'],['git'],"['numpy', 'scikit-learn', 'sql', 'data analysis', 'nlp', 'tensorflow', 'machine learning', 'pytorch', 'data science', 'deep learning', 'data visualization', 'natural language processing', 'python', 'pandas']",1,2.113680939001086
883,DESIGNER,0.15785356565901398,['git'],['git'],"['numpy', 'scikit-learn', 'sql', 'data analysis', 'nlp', 'tensorflow', 'machine learning', 'pytorch', 'data science', 'deep learning', 'data visualization', 'natural language processing', 'python', 'pandas']",1,2.11049749596131
884,AGRICULTURE,3.011039133924967,[],[],"['numpy', 'scikit-learn', 'sql', 'data analysis', 'nlp', 'git', 'tensorflow', 'machine learning', 'pytorch', 'data science', 'deep learning', 'data visualization', 'natural language processing', 'python', 'pandas']",0,2.1077273937474765
885,CHEF,3.0098074053394908,[],[],"['numpy', 'scikit-learn', 'sql', 'data analysis', 'nlp', 'git', 'tensorflow', 'machine learning', 'pytorch', 'data science', 'deep learning', 'data visualization', 'natural language processing', 'python', 'pandas']",0,2.1068651837376433
886,PUBLIC-RELATIONS,0.14892115389790525,['git'],['git'],"['numpy', 'scikit-learn', 'sql', 'data analysis', 'nlp', 'tensorflow', 'machine learning', 'pytorch', 'data science', 'deep learning', 'data visualization', 'natural language processing', 'python', 'pandas']",1,2.104244807728534
887,ENGINEERING,3.0052153274286493,[],[],"['numpy', 'scikit-learn', 'sql', 'data analysis', 'nlp', 'git', 'tensorflow', 'machine learning', 'pytorch', 'data science', 'deep learning', 'data visualization', 'natural language processing', 'python', 'pandas']",0,2.103650729200054
888,ARTS,3.004873512788585,[],[],"['numpy', 'scikit-learn', 'sql', 'data analysis', 'nlp', 'git', 'tensorflow', 'machine learning', 'pytorch', 'data science', 'deep learning', 'data visualization', 'natural language processing', 'python', 'pandas']",0,2.103411458952009
889,ADVOCATE,2.9944054817278247,[],[],"['numpy', 'scikit-learn', 'sql', 'data analysis', 'nlp', 'git', 'tensorflow', 'machine learning', 'pytorch', 'data science', 'deep learning', 'data visualization', 'natural language processing', 'python', 'pandas']",0,2.096083837209477
890,ADVOCATE,2.9861021811620776,[],[],"['numpy', 'scikit-learn', 'sql', 'data analysis', 'nlp', 'git', 'tensorflow', 'machine learning', 'pytorch', 'data science', 'deep learning', 'data visualization', 'natural language processing', 'python', 'pandas']",0,2.090271526813454
891,CONSTRUCTION,2.9844540856466497,[],[],"['numpy', 'scikit-learn', 'sql', 'data analysis', 'nlp', 'git', 'tensorflow', 'machine learning', 'pytorch', 'data science', 'deep learning', 'data visualization', 'natural language processing', 'python', 'pandas']",0,2.0891178599526548
892,PUBLIC-RELATIONS,2.977636239413327,[],[],"['numpy', 'scikit-learn', 'sql', 'data analysis', 'nlp', 'git', 'tensorflow', 'machine learning', 'pytorch', 'data science', 'deep learning', 'data visualization', 'natural language processing', 'python', 'pandas']",0,2.0843453675893286
893,PUBLIC-RELATIONS,0.12036909221145058,['git'],['git'],"['numpy', 'scikit-learn', 'sql', 'data analysis', 'nlp', 'tensorflow', 'machine learning', 'pytorch', 'data science', 'deep learning', 'data visualization', 'natural language processing', 'python', 'pandas']",1,2.0842583645480155
894,ARTS,0.11893144465159398,['git'],['git'],"['numpy', 'scikit-learn', 'sql', 'data analysis', 'nlp', 'tensorflow', 'machine learning', 'pytorch', 'data science', 'deep learning', 'data visualization', 'natural language processing', 'python', 'pandas']",1,2.083252011256116
895,ADVOCATE,2.973843919762095,[],[],"['numpy', 'scikit-learn', 'sql', 'data analysis', 'nlp', 'git', 'tensorflow', 'machine learning', 'pytorch', 'data science', 'deep learning', 'data visualization', 'natural language processing', 'python', 'pandas']",0,2.0816907438334664
896,ADVOCATE,2.9722893936925634,[],[],"['numpy', 'scikit-learn', 'sql', 'data analysis', 'nlp', 'git', 'tensorflow', 'machine learning', 'pytorch', 'data science', 'deep learning', 'data visualization', 'natural language processing', 'python', 'pandas']",0,2.0806025755847943
897,DIGITAL-MEDIA,0.11219433296637893,['git'],['git'],"['numpy', 'scikit-learn', 'sql', 'data analysis', 'nlp', 'tensorflow', 'machine learning', 'pytorch', 'data science', 'deep learning', 'data visualization', 'natural language processing', 'python', 'pandas']",1,2.0785360330764653
898,AGRICULTURE,2.9658374121838076,[],[],"['numpy', 'scikit-learn', 'sql', 'data analysis', 'nlp', 'git', 'tensorflow', 'machine learning', 'pytorch', 'data science', 'deep learning', 'data visualization', 'natural language processing', 'python', 'pandas']",0,2.076086188528665
899,CONSULTANT,0.10406090915606372,['git'],['git'],"['numpy', 'scikit-learn', 'sql', 'data analysis', 'nlp', 'tensorflow', 'machine learning', 'pytorch', 'data science', 'deep learning', 'data visualization', 'natural language processing', 'python', 'pandas']",1,2.0728426364092445
900,FITNESS,2.954658817191792,[],[],"['numpy', 'scikit-learn', 'sql', 'data analysis', 'nlp', 'git', 'tensorflow', 'machine learning', 'pytorch', 'data science', 'deep learning', 'data visualization', 'natural language processing', 'python', 'pandas']",0,2.068261172034254
901,CONSTRUCTION,2.9464880151017385,[],[],"['numpy', 'scikit-learn', 'sql', 'data analysis', 'nlp', 'git', 'tensorflow', 'machine learning', 'pytorch', 'data science', 'deep learning', 'data visualization', 'natural language processing', 'python', 'pandas']",0,2.0625416105712167
902,FINANCE,2.938345689490008,[],[],"['numpy', 'scikit-learn', 'sql', 'data analysis', 'nlp', 'git', 'tensorflow', 'machine learning', 'pytorch', 'data science', 'deep learning', 'data visualization', 'natural language processing', 'python', 'pandas']",0,2.0568419826430056
903,PUBLIC-RELATIONS,0.08106800538641007,['git'],['git'],"['numpy', 'scikit-learn', 'sql', 'data analysis', 'nlp', 'tensorflow', 'machine learning', 'pytorch', 'data science', 'deep learning', 'data visualization', 'natural language processing', 'python', 'pandas']",1,2.056747603770487
904,INFORMATION-TECHNOLOGY,2.9327167527593176,[],[],"['numpy', 'scikit-learn', 'sql', 'data analysis', 'nlp', 'git', 'tensorflow', 'machine learning', 'pytorch', 'data science', 'deep learning', 'data visualization', 'natural language processing', 'python', 'pandas']",0,2.0529017269315224
905,DIGITAL-MEDIA,0.07189605357784039,['git'],['git'],"['numpy', 'scikit-learn', 'sql', 'data analysis', 'nlp', 'tensorflow', 'machine learning', 'pytorch', 'data science', 'deep learning', 'data visualization', 'natural language processing', 'python', 'pandas']",1,2.0503272375044883
906,FINANCE,2.9285098033892147,[],[],"['numpy', 'scikit-learn', 'sql', 'data analysis', 'nlp', 'git', 'tensorflow', 'machine learning', 'pytorch', 'data science', 'deep learning', 'data visualization', 'natural language processing', 'python', 'pandas']",0,2.0499568623724502
907,AVIATION,2.9187052142415673,[],[],"['numpy', 'scikit-learn', 'sql', 'data analysis', 'nlp', 'git', 'tensorflow', 'machine learning', 'pytorch', 'data science', 'deep learning', 'data visualization', 'natural language processing', 'python', 'pandas']",0,2.043093649969097
908,ADVOCATE,2.915499968709699,[],[],"['numpy', 'scikit-learn', 'sql', 'data analysis', 'nlp', 'git', 'tensorflow', 'machine learning', 'pytorch', 'data science', 'deep learning', 'data visualization', 'natural language processing', 'python', 'pandas']",0,2.0408499780967895
909,ARTS,2.9141399426386174,[],[],"['numpy', 'scikit-learn', 'sql', 'data analysis', 'nlp', 'git', 'tensorflow', 'machine learning', 'pytorch', 'data science', 'deep learning', 'data visualization', 'natural language processing', 'python', 'pandas']",0,2.039897959847032
910,AGRICULTURE,2.9140245713435946,[],[],"['numpy', 'scikit-learn', 'sql', 'data analysis', 'nlp', 'git', 'tensorflow', 'machine learning', 'pytorch', 'data science', 'deep learning', 'data visualization', 'natural language processing', 'python', 'pandas']",0,2.039817199940516
911,PUBLIC-RELATIONS,2.9131724804688304,[],[],"['numpy', 'scikit-learn', 'sql', 'data analysis', 'nlp', 'git', 'tensorflow', 'machine learning', 'pytorch', 'data science', 'deep learning', 'data visualization', 'natural language processing', 'python', 'pandas']",0,2.0392207363281813
912,DESIGNER,0.05577710673897106,['git'],['git'],"['numpy', 'scikit-learn', 'sql', 'data analysis', 'nlp', 'tensorflow', 'machine learning', 'pytorch', 'data science', 'deep learning', 'data visualization', 'natural language processing', 'python', 'pandas']",1,2.0390439747172797
913,INFORMATION-TECHNOLOGY,2.9107933135740947,[],[],"['numpy', 'scikit-learn', 'sql', 'data analysis', 'nlp', 'git', 'tensorflow', 'machine learning', 'pytorch', 'data science', 'deep learning', 'data visualization', 'natural language processing', 'python', 'pandas']",0,2.037555319501866
914,CONSULTANT,2.910293141180658,[],[],"['numpy', 'scikit-learn', 'sql', 'data analysis', 'nlp', 'git', 'tensorflow', 'machine learning', 'pytorch', 'data science', 'deep learning', 'data visualization', 'natural language processing', 'python', 'pandas']",0,2.0372051988264603
915,PUBLIC-RELATIONS,0.049822300422784016,['git'],['git'],"['numpy', 'scikit-learn', 'sql', 'data analysis', 'nlp', 'tensorflow', 'machine learning', 'pytorch', 'data science', 'deep learning', 'data visualization', 'natural language processing', 'python', 'pandas']",1,2.034875610295949
916,DIGITAL-MEDIA,0.04913907914992935,['git'],['git'],"['numpy', 'scikit-learn', 'sql', 'data analysis', 'nlp', 'tensorflow', 'machine learning', 'pytorch', 'data science', 'deep learning', 'data visualization', 'natural language processing', 'python', 'pandas']",1,2.0343973554049506
917,PUBLIC-RELATIONS,0.04353126168184274,['git'],['git'],"['numpy', 'scikit-learn', 'sql', 'data analysis', 'nlp', 'tensorflow', 'machine learning', 'pytorch', 'data science', 'deep learning', 'data visualization', 'natural language processing', 'python', 'pandas']",1,2.03047188317729
918,ADVOCATE,2.8950986642099195,[],[],"['numpy', 'scikit-learn', 'sql', 'data analysis', 'nlp', 'git', 'tensorflow', 'machine learning', 'pytorch', 'data science', 'deep learning', 'data visualization', 'natural language processing', 'python', 'pandas']",0,2.0265690649469437
919,PUBLIC-RELATIONS,0.03716412679820277,['git'],['git'],"['numpy', 'scikit-learn', 'sql', 'data analysis', 'nlp', 'tensorflow', 'machine learning', 'pytorch', 'data science', 'deep learning', 'data visualization', 'natural language processing', 'python', 'pandas']",1,2.026014888758742
920,HEALTHCARE,2.89429780116762,[],[],"['numpy', 'scikit-learn', 'sql', 'data analysis', 'nlp', 'git', 'tensorflow', 'machine learning', 'pytorch', 'data science', 'deep learning', 'data visualization', 'natural language processing', 'python', 'pandas']",0,2.026008460817334
921,HR,2.893416043947424,[],[],"['numpy', 'scikit-learn', 'sql', 'data analysis', 'nlp', 'git', 'tensorflow', 'machine learning', 'pytorch', 'data science', 'deep learning', 'data visualization', 'natural language processing', 'python', 'pandas']",0,2.025391230763197
922,DESIGNER,0.031384518594999564,['git'],['git'],"['numpy', 'scikit-learn', 'sql', 'data analysis', 'nlp', 'tensorflow', 'machine learning', 'pytorch', 'data science', 'deep learning', 'data visualization', 'natural language processing', 'python', 'pandas']",1,2.0219691630164998
923,ACCOUNTANT,2.88493935769429,[],[],"['numpy', 'scikit-learn', 'sql', 'data analysis', 'nlp', 'git', 'tensorflow', 'machine learning', 'pytorch', 'data science', 'deep learning', 'data visualization', 'natural language processing', 'python', 'pandas']",0,2.0194575503860026
924,FITNESS,2.878835192868444,[],[],"['numpy', 'scikit-learn', 'sql', 'data analysis', 'nlp', 'git', 'tensorflow', 'machine learning', 'pytorch', 'data science', 'deep learning', 'data visualization', 'natural language processing', 'python', 'pandas']",0,2.015184635007911
925,ENGINEERING,2.8750541076558673,[],[],"['numpy', 'scikit-learn', 'sql', 'data analysis', 'nlp', 'git', 'tensorflow', 'machine learning', 'pytorch', 'data science', 'deep learning', 'data visualization', 'natural language processing', 'python', 'pandas']",0,2.012537875359107
926,BUSINESS-DEVELOPMENT,2.8704270034245387,[],[],"['numpy', 'scikit-learn', 'sql', 'data analysis', 'nlp', 'git', 'tensorflow', 'machine learning', 'pytorch', 'data science', 'deep learning', 'data visualization', 'natural language processing', 'python', 'pandas']",0,2.009298902397177
927,ENGINEERING,2.8695685991228994,[],[],"['numpy', 'scikit-learn', 'sql', 'data analysis', 'nlp', 'git', 'tensorflow', 'machine learning', 'pytorch', 'data science', 'deep learning', 'data visualization', 'natural language processing', 'python', 'pandas']",0,2.0086980193860295
928,APPAREL,2.8683271969314648,[],[],"['numpy', 'scikit-learn', 'sql', 'data analysis', 'nlp', 'git', 'tensorflow', 'machine learning', 'pytorch', 'data science', 'deep learning', 'data visualization', 'natural language processing', 'python', 'pandas']",0,2.007829037852025
929,FINANCE,2.8681932652279896,[],[],"['numpy', 'scikit-learn', 'sql', 'data analysis', 'nlp', 'git', 'tensorflow', 'machine learning', 'pytorch', 'data science', 'deep learning', 'data visualization', 'natural language processing', 'python', 'pandas']",0,2.0077352856595927
930,ADVOCATE,2.866543068138678,[],[],"['numpy', 'scikit-learn', 'sql', 'data analysis', 'nlp', 'git', 'tensorflow', 'machine learning', 'pytorch', 'data science', 'deep learning', 'data visualization', 'natural language processing', 'python', 'pandas']",0,2.0065801476970746
931,ENGINEERING,2.8646135518319493,[],[],"['numpy', 'scikit-learn', 'sql', 'data analysis', 'nlp', 'git', 'tensorflow', 'machine learning', 'pytorch', 'data science', 'deep learning', 'data visualization', 'natural language processing', 'python', 'pandas']",0,2.0052294862823645
932,ENGINEERING,2.8607465897121904,[],[],"['numpy', 'scikit-learn', 'sql', 'data analysis', 'nlp', 'git', 'tensorflow', 'machine learning', 'pytorch', 'data science', 'deep learning', 'data visualization', 'natural language processing', 'python', 'pandas']",0,2.002522612798533
933,ACCOUNTANT,2.8591352552501226,[],[],"['numpy', 'scikit-learn', 'sql', 'data analysis', 'nlp', 'git', 'tensorflow', 'machine learning', 'pytorch', 'data science', 'deep learning', 'data visualization', 'natural language processing', 'python', 'pandas']",0,2.001394678675086
934,CHEF,2.858479220089857,[],[],"['numpy', 'scikit-learn', 'sql', 'data analysis', 'nlp', 'git', 'tensorflow', 'machine learning', 'pytorch', 'data science', 'deep learning', 'data visualization', 'natural language processing', 'python', 'pandas']",0,2.0009354540629
935,ADVOCATE,2.8471406518356766,[],[],"['numpy', 'scikit-learn', 'sql', 'data analysis', 'nlp', 'git', 'tensorflow', 'machine learning', 'pytorch', 'data science', 'deep learning', 'data visualization', 'natural language processing', 'python', 'pandas']",0,1.9929984562849734
936,DESIGNER,2.8422953749795807,[],[],"['numpy', 'scikit-learn', 'sql', 'data analysis', 'nlp', 'git', 'tensorflow', 'machine learning', 'pytorch', 'data science', 'deep learning', 'data visualization', 'natural language processing', 'python', 'pandas']",0,1.9896067624857063
937,HEALTHCARE,2.8406746115913553,[],[],"['numpy', 'scikit-learn', 'sql', 'data analysis', 'nlp', 'git', 'tensorflow', 'machine learning', 'pytorch', 'data science', 'deep learning', 'data visualization', 'natural language processing', 'python', 'pandas']",0,1.9884722281139486
938,ADVOCATE,2.83961576201466,[],[],"['numpy', 'scikit-learn', 'sql', 'data analysis', 'nlp', 'git', 'tensorflow', 'machine learning', 'pytorch', 'data science', 'deep learning', 'data visualization', 'natural language processing', 'python', 'pandas']",0,1.9877310334102618
939,FINANCE,2.8329504184884917,[],[],"['numpy', 'scikit-learn', 'sql', 'data analysis', 'nlp', 'git', 'tensorflow', 'machine learning', 'pytorch', 'data science', 'deep learning', 'data visualization', 'natural language processing', 'python', 'pandas']",0,1.9830652929419441
940,CONSULTANT,2.8271934696557834,[],[],"['numpy', 'scikit-learn', 'sql', 'data analysis', 'nlp', 'git', 'tensorflow', 'machine learning', 'pytorch', 'data science', 'deep learning', 'data visualization', 'natural language processing', 'python', 'pandas']",0,1.9790354287590484
941,ARTS,2.8219080218802475,[],[],"['numpy', 'scikit-learn', 'sql', 'data analysis', 'nlp', 'git', 'tensorflow', 'machine learning', 'pytorch', 'data science', 'deep learning', 'data visualization', 'natural language processing', 'python', 'pandas']",0,1.9753356153161732
942,ENGINEERING,2.816810728229544,[],[],"['numpy', 'scikit-learn', 'sql', 'data analysis', 'nlp', 'git', 'tensorflow', 'machine learning', 'pytorch', 'data science', 'deep learning', 'data visualization', 'natural language processing', 'python', 'pandas']",0,1.9717675097606806
943,APPAREL,2.803953238724763,[],[],"['numpy', 'scikit-learn', 'sql', 'data analysis', 'nlp', 'git', 'tensorflow', 'machine learning', 'pytorch', 'data science', 'deep learning', 'data visualization', 'natural language processing', 'python', 'pandas']",0,1.962767267107334
944,ENGINEERING,2.8027907991464382,[],[],"['numpy', 'scikit-learn', 'sql', 'data analysis', 'nlp', 'git', 'tensorflow', 'machine learning', 'pytorch', 'data science', 'deep learning', 'data visualization', 'natural language processing', 'python', 'pandas']",0,1.9619535594025066
945,FINANCE,2.8026256050522176,[],[],"['numpy', 'scikit-learn', 'sql', 'data analysis', 'nlp', 'git', 'tensorflow', 'machine learning', 'pytorch', 'data science', 'deep learning', 'data visualization', 'natural language processing', 'python', 'pandas']",0,1.9618379235365522
946,FINANCE,2.799842179765365,[],[],"['numpy', 'scikit-learn', 'sql', 'data analysis', 'nlp', 'git', 'tensorflow', 'machine learning', 'pytorch', 'data science', 'deep learning', 'data visualization', 'natural language processing', 'python', 'pandas']",0,1.9598895258357556
947,HR,2.7984201656845777,[],[],"['numpy', 'scikit-learn', 'sql', 'data analysis', 'nlp', 'git', 'tensorflow', 'machine learning', 'pytorch', 'data science', 'deep learning', 'data visualization', 'natural language processing', 'python', 'pandas']",0,1.9588941159792044
948,ARTS,2.7956327854082916,[],[],"['numpy', 'scikit-learn', 'sql', 'data analysis', 'nlp', 'git', 'tensorflow', 'machine learning', 'pytorch', 'data science', 'deep learning', 'data visualization', 'natural language processing', 'python', 'pandas']",0,1.956942949785804
949,BANKING,2.79125388389832,[],[],"['numpy', 'scikit-learn', 'sql', 'data analysis', 'nlp', 'git', 'tensorflow', 'machine learning', 'pytorch', 'data science', 'deep learning', 'data visualization', 'natural language processing', 'python', 'pandas']",0,1.9538777187288239
950,ACCOUNTANT,2.7863414148065515,[],[],"['numpy', 'scikit-learn', 'sql', 'data analysis', 'nlp', 'git', 'tensorflow', 'machine learning', 'pytorch', 'data science', 'deep learning', 'data visualization', 'natural language processing', 'python', 'pandas']",0,1.950438990364586
951,FINANCE,2.7854618323620746,[],[],"['numpy', 'scikit-learn', 'sql', 'data analysis', 'nlp', 'git', 'tensorflow', 'machine learning', 'pytorch', 'data science', 'deep learning', 'data visualization', 'natural language processing', 'python', 'pandas']",0,1.949823282653452
952,HR,2.7824816572210196,[],[],"['numpy', 'scikit-learn', 'sql', 'data analysis', 'nlp', 'git', 'tensorflow', 'machine learning', 'pytorch', 'data science', 'deep learning', 'data visualization', 'natural language processing', 'python', 'pandas']",0,1.9477371600547135
953,SALES,2.7817110954003064,[],[],"['numpy', 'scikit-learn', 'sql', 'data analysis', 'nlp', 'git', 'tensorflow', 'machine learning', 'pytorch', 'data science', 'deep learning', 'data visualization', 'natural language processing', 'python', 'pandas']",0,1.9471977667802143
954,CONSULTANT,2.777337789495111,[],[],"['numpy', 'scikit-learn', 'sql', 'data analysis', 'nlp', 'git', 'tensorflow', 'machine learning', 'pytorch', 'data science', 'deep learning', 'data visualization', 'natural language processing', 'python', 'pandas']",0,1.9441364526465774
955,HEALTHCARE,2.772877449183484,[],[],"['numpy', 'scikit-learn', 'sql', 'data analysis', 'nlp', 'git', 'tensorflow', 'machine learning', 'pytorch', 'data science', 'deep learning', 'data visualization', 'natural language processing', 'python', 'pandas']",0,1.9410142144284386
956,TEACHER,2.771053470537904,[],[],"['numpy', 'scikit-learn', 'sql', 'data analysis', 'nlp', 'git', 'tensorflow', 'machine learning', 'pytorch', 'data science', 'deep learning', 'data visualization', 'natural language processing', 'python', 'pandas']",0,1.9397374293765326
957,CHEF,2.7671867375177883,[],[],"['numpy', 'scikit-learn', 'sql', 'data analysis', 'nlp', 'git', 'tensorflow', 'machine learning', 'pytorch', 'data science', 'deep learning', 'data visualization', 'natural language processing', 'python', 'pandas']",0,1.9370307162624516
958,ADVOCATE,2.7653636703923947,[],[],"['numpy', 'scikit-learn', 'sql', 'data analysis', 'nlp', 'git', 'tensorflow', 'machine learning', 'pytorch', 'data science', 'deep learning', 'data visualization', 'natural language processing', 'python', 'pandas']",0,1.9357545692746763
959,FITNESS,2.764649527614794,[],[],"['numpy', 'scikit-learn', 'sql', 'data analysis', 'nlp', 'git', 'tensorflow', 'machine learning', 'pytorch', 'data science', 'deep learning', 'data visualization', 'natural language processing', 'python', 'pandas']",0,1.9352546693303556
960,AGRICULTURE,2.7519594515689207,[],[],"['numpy', 'scikit-learn', 'sql', 'data analysis', 'nlp', 'git', 'tensorflow', 'machine learning', 'pytorch', 'data science', 'deep learning', 'data visualization', 'natural language processing', 'python', 'pandas']",0,1.9263716160982445
961,TEACHER,2.751361091175718,[],[],"['numpy', 'scikit-learn', 'sql', 'data analysis', 'nlp', 'git', 'tensorflow', 'machine learning', 'pytorch', 'data science', 'deep learning', 'data visualization', 'natural language processing', 'python', 'pandas']",0,1.9259527638230023
962,HEALTHCARE,2.750555405436996,[],[],"['numpy', 'scikit-learn', 'sql', 'data analysis', 'nlp', 'git', 'tensorflow', 'machine learning', 'pytorch', 'data science', 'deep learning', 'data visualization', 'natural language processing', 'python', 'pandas']",0,1.925388783805897
963,AVIATION,2.745280339537116,[],[],"['numpy', 'scikit-learn', 'sql', 'data analysis', 'nlp', 'git', 'tensorflow', 'machine learning', 'pytorch', 'data science', 'deep learning', 'data visualization', 'natural language processing', 'python', 'pandas']",0,1.921696237675981
964,HR,2.7424027160928275,[],[],"['numpy', 'scikit-learn', 'sql', 'data analysis', 'nlp', 'git', 'tensorflow', 'machine learning', 'pytorch', 'data science', 'deep learning', 'data visualization', 'natural language processing', 'python', 'pandas']",0,1.919681901264979
965,HEALTHCARE,2.7393082727029605,[],[],"['numpy', 'scikit-learn', 'sql', 'data analysis', 'nlp', 'git', 'tensorflow', 'machine learning', 'pytorch', 'data science', 'deep learning', 'data visualization', 'natural language processing', 'python', 'pandas']",0,1.9175157908920721
966,TEACHER,2.7373330309003845,[],[],"['numpy', 'scikit-learn', 'sql', 'data analysis', 'nlp', 'git', 'tensorflow', 'machine learning', 'pytorch', 'data science', 'deep learning', 'data visualization', 'natural language processing', 'python', 'pandas']",0,1.916133121630269
967,CONSULTANT,2.731550561779815,[],[],"['numpy', 'scikit-learn', 'sql', 'data analysis', 'nlp', 'git', 'tensorflow', 'machine learning', 'pytorch', 'data science', 'deep learning', 'data visualization', 'natural language processing', 'python', 'pandas']",0,1.9120853932458703
968,INFORMATION-TECHNOLOGY,2.731437280911401,[],[],"['numpy', 'scikit-learn', 'sql', 'data analysis', 'nlp', 'git', 'tensorflow', 'machine learning', 'pytorch', 'data science', 'deep learning', 'data visualization', 'natural language processing', 'python', 'pandas']",0,1.9120060966379806
969,AGRICULTURE,2.7288988639959184,[],[],"['numpy', 'scikit-learn', 'sql', 'data analysis', 'nlp', 'git', 'tensorflow', 'machine learning', 'pytorch', 'data science', 'deep learning', 'data visualization', 'natural language processing', 'python', 'pandas']",0,1.9102292047971428
970,ACCOUNTANT,2.728607702802209,[],[],"['numpy', 'scikit-learn', 'sql', 'data analysis', 'nlp', 'git', 'tensorflow', 'machine learning', 'pytorch', 'data science', 'deep learning', 'data visualization', 'natural language processing', 'python', 'pandas']",0,1.9100253919615462
971,HR,2.7231311937107825,[],[],"['numpy', 'scikit-learn', 'sql', 'data analysis', 'nlp', 'git', 'tensorflow', 'machine learning', 'pytorch', 'data science', 'deep learning', 'data visualization', 'natural language processing', 'python', 'pandas']",0,1.9061918355975476
972,APPAREL,2.719889001617833,[],[],"['numpy', 'scikit-learn', 'sql', 'data analysis', 'nlp', 'git', 'tensorflow', 'machine learning', 'pytorch', 'data science', 'deep learning', 'data visualization', 'natural language processing', 'python', 'pandas']",0,1.903922301132483
973,AGRICULTURE,2.7025413034918335,[],[],"['numpy', 'scikit-learn', 'sql', 'data analysis', 'nlp', 'git', 'tensorflow', 'machine learning', 'pytorch', 'data science', 'deep learning', 'data visualization', 'natural language processing', 'python', 'pandas']",0,1.8917789124442834
974,DIGITAL-MEDIA,2.7016512770662655,[],[],"['numpy', 'scikit-learn', 'sql', 'data analysis', 'nlp', 'git', 'tensorflow', 'machine learning', 'pytorch', 'data science', 'deep learning', 'data visualization', 'natural language processing', 'python', 'pandas']",0,1.8911558939463857
975,AVIATION,2.6972880333760223,[],[],"['numpy', 'scikit-learn', 'sql', 'data analysis', 'nlp', 'git', 'tensorflow', 'machine learning', 'pytorch', 'data science', 'deep learning', 'data visualization', 'natural language processing', 'python', 'pandas']",0,1.8881016233632155
976,ARTS,2.6912748975839325,[],[],"['numpy', 'scikit-learn', 'sql', 'data analysis', 'nlp', 'git', 'tensorflow', 'machine learning', 'pytorch', 'data science', 'deep learning', 'data visualization', 'natural language processing', 'python', 'pandas']",0,1.8838924283087526
977,ADVOCATE,2.690772881407792,[],[],"['numpy', 'scikit-learn', 'sql', 'data analysis', 'nlp', 'git', 'tensorflow', 'machine learning', 'pytorch', 'data science', 'deep learning', 'data visualization', 'natural language processing', 'python', 'pandas']",0,1.8835410169854543
978,CHEF,2.6899427624906846,[],[],"['numpy', 'scikit-learn', 'sql', 'data analysis', 'nlp', 'git', 'tensorflow', 'machine learning', 'pytorch', 'data science', 'deep learning', 'data visualization', 'natural language processing', 'python', 'pandas']",0,1.882959933743479
979,SALES,2.6894250656148944,[],[],"['numpy', 'scikit-learn', 'sql', 'data analysis', 'nlp', 'git', 'tensorflow', 'machine learning', 'pytorch', 'data science', 'deep learning', 'data visualization', 'natural language processing', 'python', 'pandas']",0,1.8825975459304258
980,FINANCE,2.6862113121527407,[],[],"['numpy', 'scikit-learn', 'sql', 'data analysis', 'nlp', 'git', 'tensorflow', 'machine learning', 'pytorch', 'data science', 'deep learning', 'data visualization', 'natural language processing', 'python', 'pandas']",0,1.8803479185069183
981,FINANCE,2.6737537173345456,[],[],"['numpy', 'scikit-learn', 'sql', 'data analysis', 'nlp', 'git', 'tensorflow', 'machine learning', 'pytorch', 'data science', 'deep learning', 'data visualization', 'natural language processing', 'python', 'pandas']",0,1.8716276021341818
982,FINANCE,2.670023264351013,[],[],"['numpy', 'scikit-learn', 'sql', 'data analysis', 'nlp', 'git', 'tensorflow', 'machine learning', 'pytorch', 'data science', 'deep learning', 'data visualization', 'natural language processing', 'python', 'pandas']",0,1.869016285045709
983,DIGITAL-MEDIA,2.667273803887582,[],[],"['numpy', 'scikit-learn', 'sql', 'data analysis', 'nlp', 'git', 'tensorflow', 'machine learning', 'pytorch', 'data science', 'deep learning', 'data visualization', 'natural language processing', 'python', 'pandas']",0,1.8670916627213072
984,CONSULTANT,2.6666846035237,[],[],"['numpy', 'scikit-learn', 'sql', 'data analysis', 'nlp', 'git', 'tensorflow', 'machine learning', 'pytorch', 'data science', 'deep learning', 'data visualization', 'natural language processing', 'python', 'pandas']",0,1.8666792224665898
985,CONSTRUCTION,2.659847404422687,[],[],"['numpy', 'scikit-learn', 'sql', 'data analysis', 'nlp', 'git', 'tensorflow', 'machine learning', 'pytorch', 'data science', 'deep learning', 'data visualization', 'natural language processing', 'python', 'pandas']",0,1.8618931830958807
986,DIGITAL-MEDIA,2.6581767027752314,[],[],"['numpy', 'scikit-learn', 'sql', 'data analysis', 'nlp', 'git', 'tensorflow', 'machine learning', 'pytorch', 'data science', 'deep learning', 'data visualization', 'natural language processing', 'python', 'pandas']",0,1.860723691942662
987,ADVOCATE,2.654059073419101,[],[],"['numpy', 'scikit-learn', 'sql', 'data analysis', 'nlp', 'git', 'tensorflow', 'machine learning', 'pytorch', 'data science', 'deep learning', 'data visualization', 'natural language processing', 'python', 'pandas']",0,1.8578413513933707
988,SALES,2.653863678308198,[],[],"['numpy', 'scikit-learn', 'sql', 'data analysis', 'nlp', 'git', 'tensorflow', 'machine learning', 'pytorch', 'data science', 'deep learning', 'data visualization', 'natural language processing', 'python', 'pandas']",0,1.8577045748157384
989,AGRICULTURE,2.647006369456861,[],[],"['numpy', 'scikit-learn', 'sql', 'data analysis', 'nlp', 'git', 'tensorflow', 'machine learning', 'pytorch', 'data science', 'deep learning', 'data visualization', 'natural language processing', 'python', 'pandas']",0,1.8529044586198025
990,INFORMATION-TECHNOLOGY,2.6395172032012493,[],[],"['numpy', 'scikit-learn', 'sql', 'data analysis', 'nlp', 'git', 'tensorflow', 'machine learning', 'pytorch', 'data science', 'deep learning', 'data visualization', 'natural language processing', 'python', 'pandas']",0,1.8476620422408743
991,INFORMATION-TECHNOLOGY,2.6392293415460224,[],[],"['numpy', 'scikit-learn', 'sql', 'data analysis', 'nlp', 'git', 'tensorflow', 'machine learning', 'pytorch', 'data science', 'deep learning', 'data visualization', 'natural language processing', 'python', 'pandas']",0,1.8474605390822156
992,ADVOCATE,2.6359439479473856,[],[],"['numpy', 'scikit-learn', 'sql', 'data analysis', 'nlp', 'git', 'tensorflow', 'machine learning', 'pytorch', 'data science', 'deep learning', 'data visualization', 'natural language processing', 'python', 'pandas']",0,1.8451607635631697
993,ARTS,2.6294509443526906,[],[],"['numpy', 'scikit-learn', 'sql', 'data analysis', 'nlp', 'git', 'tensorflow', 'machine learning', 'pytorch', 'data science', 'deep learning', 'data visualization', 'natural language processing', 'python', 'pandas']",0,1.8406156610468833
994,ARTS,2.626874885606433,[],[],"['numpy', 'scikit-learn', 'sql', 'data analysis', 'nlp', 'git', 'tensorflow', 'machine learning', 'pytorch', 'data science', 'deep learning', 'data visualization', 'natural language processing', 'python', 'pandas']",0,1.838812419924503
995,HR,2.6257214393147654,[],[],"['numpy', 'scikit-learn', 'sql', 'data analysis', 'nlp', 'git', 'tensorflow', 'machine learning', 'pytorch', 'data science', 'deep learning', 'data visualization', 'natural language processing', 'python', 'pandas']",0,1.8380050075203356
996,PUBLIC-RELATIONS,2.6161638917423375,[],[],"['numpy', 'scikit-learn', 'sql', 'data analysis', 'nlp', 'git', 'tensorflow', 'machine learning', 'pytorch', 'data science', 'deep learning', 'data visualization', 'natural language processing', 'python', 'pandas']",0,1.8313147242196361
997,BANKING,2.613239704656878,[],[],"['numpy', 'scikit-learn', 'sql', 'data analysis', 'nlp', 'git', 'tensorflow', 'machine learning', 'pytorch', 'data science', 'deep learning', 'data visualization', 'natural language processing', 'python', 'pandas']",0,1.8292677932598143
998,BUSINESS-DEVELOPMENT,2.603402085842067,[],[],"['numpy', 'scikit-learn', 'sql', 'data analysis', 'nlp', 'git', 'tensorflow', 'machine learning', 'pytorch', 'data science', 'deep learning', 'data visualization', 'natural language processing', 'python', 'pandas']",0,1.8223814600894466
999,AGRICULTURE,2.6016138178460135,[],[],"['numpy', 'scikit-learn', 'sql', 'data analysis', 'nlp', 'git', 'tensorflow', 'machine learning', 'pytorch', 'data science', 'deep learning', 'data visualization', 'natural language processing', 'python', 'pandas']",0,1.8211296724922093
1000,AGRICULTURE,2.598298625951605,[],[],"['numpy', 'scikit-learn', 'sql', 'data analysis', 'nlp', 'git', 'tensorflow', 'machine learning', 'pytorch', 'data science', 'deep learning', 'data visualization', 'natural language processing', 'python', 'pandas']",0,1.8188090381661233
1001,AVIATION,2.598222659776333,[],[],"['numpy', 'scikit-learn', 'sql', 'data analysis', 'nlp', 'git', 'tensorflow', 'machine learning', 'pytorch', 'data science', 'deep learning', 'data visualization', 'natural language processing', 'python', 'pandas']",0,1.818755861843433
1002,CONSULTANT,2.597698426798118,[],[],"['numpy', 'scikit-learn', 'sql', 'data analysis', 'nlp', 'git', 'tensorflow', 'machine learning', 'pytorch', 'data science', 'deep learning', 'data visualization', 'natural language processing', 'python', 'pandas']",0,1.8183888987586825
1003,FINANCE,2.597150035191757,[],[],"['numpy', 'scikit-learn', 'sql', 'data analysis', 'nlp', 'git', 'tensorflow', 'machine learning', 'pytorch', 'data science', 'deep learning', 'data visualization', 'natural language processing', 'python', 'pandas']",0,1.8180050246342299
1004,TEACHER,2.5940899384221625,[],[],"['numpy', 'scikit-learn', 'sql', 'data analysis', 'nlp', 'git', 'tensorflow', 'machine learning', 'pytorch', 'data science', 'deep learning', 'data visualization', 'natural language processing', 'python', 'pandas']",0,1.8158629568955136
1005,ADVOCATE,2.5914346873348806,[],[],"['numpy', 'scikit-learn', 'sql', 'data analysis', 'nlp', 'git', 'tensorflow', 'machine learning', 'pytorch', 'data science', 'deep learning', 'data visualization', 'natural language processing', 'python', 'pandas']",0,1.8140042811344164
1006,AVIATION,2.5827458514770933,[],[],"['numpy', 'scikit-learn', 'sql', 'data analysis', 'nlp', 'git', 'tensorflow', 'machine learning', 'pytorch', 'data science', 'deep learning', 'data visualization', 'natural language processing', 'python', 'pandas']",0,1.8079220960339653
1007,BUSINESS-DEVELOPMENT,2.569669762576635,[],[],"['numpy', 'scikit-learn', 'sql', 'data analysis', 'nlp', 'git', 'tensorflow', 'machine learning', 'pytorch', 'data science', 'deep learning', 'data visualization', 'natural language processing', 'python', 'pandas']",0,1.7987688338036443
1008,ADVOCATE,2.567935854184311,[],[],"['numpy', 'scikit-learn', 'sql', 'data analysis', 'nlp', 'git', 'tensorflow', 'machine learning', 'pytorch', 'data science', 'deep learning', 'data visualization', 'natural language processing', 'python', 'pandas']",0,1.7975550979290176
1009,ARTS,2.559813385548895,[],[],"['numpy', 'scikit-learn', 'sql', 'data analysis', 'nlp', 'git', 'tensorflow', 'machine learning', 'pytorch', 'data science', 'deep learning', 'data visualization', 'natural language processing', 'python', 'pandas']",0,1.7918693698842265
1010,BANKING,2.559698534173101,[],[],"['numpy', 'scikit-learn', 'sql', 'data analysis', 'nlp', 'git', 'tensorflow', 'machine learning', 'pytorch', 'data science', 'deep learning', 'data visualization', 'natural language processing', 'python', 'pandas']",0,1.7917889739211705
1011,BANKING,2.5557156645694046,[],[],"['numpy', 'scikit-learn', 'sql', 'data analysis', 'nlp', 'git', 'tensorflow', 'machine learning', 'pytorch', 'data science', 'deep learning', 'data visualization', 'natural language processing', 'python', 'pandas']",0,1.789000965198583
1012,BUSINESS-DEVELOPMENT,2.5491737363818094,[],[],"['numpy', 'scikit-learn', 'sql', 'data analysis', 'nlp', 'git', 'tensorflow', 'machine learning', 'pytorch', 'data science', 'deep learning', 'data visualization', 'natural language processing', 'python', 'pandas']",0,1.7844216154672665
1013,SALES,2.5474234927434707,[],[],"['numpy', 'scikit-learn', 'sql', 'data analysis', 'nlp', 'git', 'tensorflow', 'machine learning', 'pytorch', 'data science', 'deep learning', 'data visualization', 'natural language processing', 'python', 'pandas']",0,1.7831964449204294
1014,HR,2.5445585398231656,[],[],"['numpy', 'scikit-learn', 'sql', 'data analysis', 'nlp', 'git', 'tensorflow', 'machine learning', 'pytorch', 'data science', 'deep learning', 'data visualization', 'natural language processing', 'python', 'pandas']",0,1.7811909778762158
1015,HEALTHCARE,2.543948643545964,[],[],"['numpy', 'scikit-learn', 'sql', 'data analysis', 'nlp', 'git', 'tensorflow', 'machine learning', 'pytorch', 'data science', 'deep learning', 'data visualization', 'natural language processing', 'python', 'pandas']",0,1.7807640504821747
1016,ARTS,2.5347469378784684,[],[],"['numpy', 'scikit-learn', 'sql', 'data analysis', 'nlp', 'git', 'tensorflow', 'machine learning', 'pytorch', 'data science', 'deep learning', 'data visualization', 'natural language processing', 'python', 'pandas']",0,1.7743228565149278
1017,FINANCE,2.530741472871828,[],[],"['numpy', 'scikit-learn', 'sql', 'data analysis', 'nlp', 'git', 'tensorflow', 'machine learning', 'pytorch', 'data science', 'deep learning', 'data visualization', 'natural language processing', 'python', 'pandas']",0,1.7715190310102793
1018,TEACHER,2.5289484621743052,[],[],"['numpy', 'scikit-learn', 'sql', 'data analysis', 'nlp', 'git', 'tensorflow', 'machine learning', 'pytorch', 'data science', 'deep learning', 'data visualization', 'natural language processing', 'python', 'pandas']",0,1.7702639235220134
1019,AVIATION,2.5143762991914818,[],[],"['numpy', 'scikit-learn', 'sql', 'data analysis', 'nlp', 'git', 'tensorflow', 'machine learning', 'pytorch', 'data science', 'deep learning', 'data visualization', 'natural language processing', 'python', 'pandas']",0,1.760063409434037
1020,AVIATION,2.5124276374112013,[],[],"['numpy', 'scikit-learn', 'sql', 'data analysis', 'nlp', 'git', 'tensorflow', 'machine learning', 'pytorch', 'data science', 'deep learning', 'data visualization', 'natural language processing', 'python', 'pandas']",0,1.7586993461878409
1021,ENGINEERING,2.5119521301815784,[],[],"['numpy', 'scikit-learn', 'sql', 'data analysis', 'nlp', 'git', 'tensorflow', 'machine learning', 'pytorch', 'data science', 'deep learning', 'data visualization', 'natural language processing', 'python', 'pandas']",0,1.7583664911271046
1022,AVIATION,2.5109683728044385,[],[],"['numpy', 'scikit-learn', 'sql', 'data analysis', 'nlp', 'git', 'tensorflow', 'machine learning', 'pytorch', 'data science', 'deep learning', 'data visualization', 'natural language processing', 'python', 'pandas']",0,1.7576778609631067
1023,ADVOCATE,2.510546620796605,[],[],"['numpy', 'scikit-learn', 'sql', 'data analysis', 'nlp', 'git', 'tensorflow', 'machine learning', 'pytorch', 'data science', 'deep learning', 'data visualization', 'natural language processing', 'python', 'pandas']",0,1.7573826345576233
1024,HEALTHCARE,2.5081303411899363,[],[],"['numpy', 'scikit-learn', 'sql', 'data analysis', 'nlp', 'git', 'tensorflow', 'machine learning', 'pytorch', 'data science', 'deep learning', 'data visualization', 'natural language processing', 'python', 'pandas']",0,1.7556912388329553
1025,CONSULTANT,2.488962091500082,[],[],"['numpy', 'scikit-learn', 'sql', 'data analysis', 'nlp', 'git', 'tensorflow', 'machine learning', 'pytorch', 'data science', 'deep learning', 'data visualization', 'natural language processing', 'python', 'pandas']",0,1.7422734640500575
1026,INFORMATION-TECHNOLOGY,2.488854316757717,[],[],"['numpy', 'scikit-learn', 'sql', 'data analysis', 'nlp', 'git', 'tensorflow', 'machine learning', 'pytorch', 'data science', 'deep learning', 'data visualization', 'natural language processing', 'python', 'pandas']",0,1.7421980217304016
1027,BUSINESS-DEVELOPMENT,2.486268439653801,[],[],"['numpy', 'scikit-learn', 'sql', 'data analysis', 'nlp', 'git', 'tensorflow', 'machine learning', 'pytorch', 'data science', 'deep learning', 'data visualization', 'natural language processing', 'python', 'pandas']",0,1.7403879077576605
1028,CHEF,2.473204979197696,[],[],"['numpy', 'scikit-learn', 'sql', 'data analysis', 'nlp', 'git', 'tensorflow', 'machine learning', 'pytorch', 'data science', 'deep learning', 'data visualization', 'natural language processing', 'python', 'pandas']",0,1.7312434854383874
1029,DESIGNER,2.4706484946985294,[],[],"['numpy', 'scikit-learn', 'sql', 'data analysis', 'nlp', 'git', 'tensorflow', 'machine learning', 'pytorch', 'data science', 'deep learning', 'data visualization', 'natural language processing', 'python', 'pandas']",0,1.7294539462889704
1030,BPO,2.459929417533862,[],[],"['numpy', 'scikit-learn', 'sql', 'data analysis', 'nlp', 'git', 'tensorflow', 'machine learning', 'pytorch', 'data science', 'deep learning', 'data visualization', 'natural language processing', 'python', 'pandas']",0,1.7219505922737033
1031,HR,2.4529541013598632,[],[],"['numpy', 'scikit-learn', 'sql', 'data analysis', 'nlp', 'git', 'tensorflow', 'machine learning', 'pytorch', 'data science', 'deep learning', 'data visualization', 'natural language processing', 'python', 'pandas']",0,1.7170678709519043
1032,FITNESS,2.4498091645826037,[],[],"['numpy', 'scikit-learn', 'sql', 'data analysis', 'nlp', 'git', 'tensorflow', 'machine learning', 'pytorch', 'data science', 'deep learning', 'data visualization', 'natural language processing', 'python', 'pandas']",0,1.7148664152078226
1033,CHEF,2.446463096339666,[],[],"['numpy', 'scikit-learn', 'sql', 'data analysis', 'nlp', 'git', 'tensorflow', 'machine learning', 'pytorch', 'data science', 'deep learning', 'data visualization', 'natural language processing', 'python', 'pandas']",0,1.7125241674377663
1034,BUSINESS-DEVELOPMENT,2.439582615920896,[],[],"['numpy', 'scikit-learn', 'sql', 'data analysis', 'nlp', 'git', 'tensorflow', 'machine learning', 'pytorch', 'data science', 'deep learning', 'data visualization', 'natural language processing', 'python', 'pandas']",0,1.7077078311446272
1035,BANKING,2.4376994884355256,[],[],"['numpy', 'scikit-learn', 'sql', 'data analysis', 'nlp', 'git', 'tensorflow', 'machine learning', 'pytorch', 'data science', 'deep learning', 'data visualization', 'natural language processing', 'python', 'pandas']",0,1.7063896419048679
1036,HR,2.428831903196067,[],[],"['numpy', 'scikit-learn', 'sql', 'data analysis', 'nlp', 'git', 'tensorflow', 'machine learning', 'pytorch', 'data science', 'deep learning', 'data visualization', 'natural language processing', 'python', 'pandas']",0,1.700182332237247
1037,APPAREL,2.421219334046442,[],[],"['numpy', 'scikit-learn', 'sql', 'data analysis', 'nlp', 'git', 'tensorflow', 'machine learning', 'pytorch', 'data science', 'deep learning', 'data visualization', 'natural language processing', 'python', 'pandas']",0,1.6948535338325093
1038,BUSINESS-DEVELOPMENT,2.41981200947146,[],[],"['numpy', 'scikit-learn', 'sql', 'data analysis', 'nlp', 'git', 'tensorflow', 'machine learning', 'pytorch', 'data science', 'deep learning', 'data visualization', 'natural language processing', 'python', 'pandas']",0,1.6938684066300218
1039,ADVOCATE,2.418590509250477,[],[],"['numpy', 'scikit-learn', 'sql', 'data analysis', 'nlp', 'git', 'tensorflow', 'machine learning', 'pytorch', 'data science', 'deep learning', 'data visualization', 'natural language processing', 'python', 'pandas']",0,1.6930133564753338
1040,ACCOUNTANT,2.4173928502142465,[],[],"['numpy', 'scikit-learn', 'sql', 'data analysis', 'nlp', 'git', 'tensorflow', 'machine learning', 'pytorch', 'data science', 'deep learning', 'data visualization', 'natural language processing', 'python', 'pandas']",0,1.6921749951499725
1041,FINANCE,2.406912932175271,[],[],"['numpy', 'scikit-learn', 'sql', 'data analysis', 'nlp', 'git', 'tensorflow', 'machine learning', 'pytorch', 'data science', 'deep learning', 'data visualization', 'natural language processing', 'python', 'pandas']",0,1.6848390525226895
1042,FINANCE,2.404785398221897,[],[],"['numpy', 'scikit-learn', 'sql', 'data analysis', 'nlp', 'git', 'tensorflow', 'machine learning', 'pytorch', 'data science', 'deep learning', 'data visualization', 'natural language processing', 'python', 'pandas']",0,1.683349778755328
1043,AVIATION,2.4001052782127092,[],[],"['numpy', 'scikit-learn', 'sql', 'data analysis', 'nlp', 'git', 'tensorflow', 'machine learning', 'pytorch', 'data science', 'deep learning', 'data visualization', 'natural language processing', 'python', 'pandas']",0,1.6800736947488963
1044,HEALTHCARE,2.3984176921140907,[],[],"['numpy', 'scikit-learn', 'sql', 'data analysis', 'nlp', 'git', 'tensorflow', 'machine learning', 'pytorch', 'data science', 'deep learning', 'data visualization', 'natural language processing', 'python', 'pandas']",0,1.6788923844798633
1045,BANKING,2.397935894905042,[],[],"['numpy', 'scikit-learn', 'sql', 'data analysis', 'nlp', 'git', 'tensorflow', 'machine learning', 'pytorch', 'data science', 'deep learning', 'data visualization', 'natural language processing', 'python', 'pandas']",0,1.6785551264335292
1046,AVIATION,2.393394692653682,[],[],"['numpy', 'scikit-learn', 'sql', 'data analysis', 'nlp', 'git', 'tensorflow', 'machine learning', 'pytorch', 'data science', 'deep learning', 'data visualization', 'natural language processing', 'python', 'pandas']",0,1.6753762848575775
1047,CONSULTANT,2.392933829562164,[],[],"['numpy', 'scikit-learn', 'sql', 'data analysis', 'nlp', 'git', 'tensorflow', 'machine learning', 'pytorch', 'data science', 'deep learning', 'data visualization', 'natural language processing', 'python', 'pandas']",0,1.6750536806935148
1048,ACCOUNTANT,2.3902130621504667,[],[],"['numpy', 'scikit-learn', 'sql', 'data analysis', 'nlp', 'git', 'tensorflow', 'machine learning', 'pytorch', 'data science', 'deep learning', 'data visualization', 'natural language processing', 'python', 'pandas']",0,1.6731491435053265
1049,SALES,2.3901195934931474,[],[],"['numpy', 'scikit-learn', 'sql', 'data analysis', 'nlp', 'git', 'tensorflow', 'machine learning', 'pytorch', 'data science', 'deep learning', 'data visualization', 'natural language processing', 'python', 'pandas']",0,1.6730837154452032
1050,ADVOCATE,2.3872146752078556,[],[],"['numpy', 'scikit-learn', 'sql', 'data analysis', 'nlp', 'git', 'tensorflow', 'machine learning', 'pytorch', 'data science', 'deep learning', 'data visualization', 'natural language processing', 'python', 'pandas']",0,1.6710502726454988
1051,AVIATION,2.3848588229087495,[],[],"['numpy', 'scikit-learn', 'sql', 'data analysis', 'nlp', 'git', 'tensorflow', 'machine learning', 'pytorch', 'data science', 'deep learning', 'data visualization', 'natural language processing', 'python', 'pandas']",0,1.6694011760361245
1052,ACCOUNTANT,2.3848202809319528,[],[],"['numpy', 'scikit-learn', 'sql', 'data analysis', 'nlp', 'git', 'tensorflow', 'machine learning', 'pytorch', 'data science', 'deep learning', 'data visualization', 'natural language processing', 'python', 'pandas']",0,1.6693741966523667
1053,ENGINEERING,2.384712596769962,[],[],"['numpy', 'scikit-learn', 'sql', 'data analysis', 'nlp', 'git', 'tensorflow', 'machine learning', 'pytorch', 'data science', 'deep learning', 'data visualization', 'natural language processing', 'python', 'pandas']",0,1.6692988177389732
1054,INFORMATION-TECHNOLOGY,2.381679954021509,[],[],"['numpy', 'scikit-learn', 'sql', 'data analysis', 'nlp', 'git', 'tensorflow', 'machine learning', 'pytorch', 'data science', 'deep learning', 'data visualization', 'natural language processing', 'python', 'pandas']",0,1.6671759678150562
1055,ACCOUNTANT,2.3778838350747398,[],[],"['numpy', 'scikit-learn', 'sql', 'data analysis', 'nlp', 'git', 'tensorflow', 'machine learning', 'pytorch', 'data science', 'deep learning', 'data visualization', 'natural language processing', 'python', 'pandas']",0,1.6645186845523177
1056,APPAREL,2.377582693719334,[],[],"['numpy', 'scikit-learn', 'sql', 'data analysis', 'nlp', 'git', 'tensorflow', 'machine learning', 'pytorch', 'data science', 'deep learning', 'data visualization', 'natural language processing', 'python', 'pandas']",0,1.6643078856035336
1057,CONSULTANT,2.3736867291834187,[],[],"['numpy', 'scikit-learn', 'sql', 'data analysis', 'nlp', 'git', 'tensorflow', 'machine learning', 'pytorch', 'data science', 'deep learning', 'data visualization', 'natural language processing', 'python', 'pandas']",0,1.661580710428393
1058,BANKING,2.371818048184362,[],[],"['numpy', 'scikit-learn', 'sql', 'data analysis', 'nlp', 'git', 'tensorflow', 'machine learning', 'pytorch', 'data science', 'deep learning', 'data visualization', 'natural language processing', 'python', 'pandas']",0,1.6602726337290534
1059,ACCOUNTANT,2.3703634017829933,[],[],"['numpy', 'scikit-learn', 'sql', 'data analysis', 'nlp', 'git', 'tensorflow', 'machine learning', 'pytorch', 'data science', 'deep learning', 'data visualization', 'natural language processing', 'python', 'pandas']",0,1.6592543812480953
1060,ENGINEERING,2.369144914388167,[],[],"['numpy', 'scikit-learn', 'sql', 'data analysis', 'nlp', 'git', 'tensorflow', 'machine learning', 'pytorch', 'data science', 'deep learning', 'data visualization', 'natural language processing', 'python', 'pandas']",0,1.6584014400717166
1061,FITNESS,2.3673944195798944,[],[],"['numpy', 'scikit-learn', 'sql', 'data analysis', 'nlp', 'git', 'tensorflow', 'machine learning', 'pytorch', 'data science', 'deep learning', 'data visualization', 'natural language processing', 'python', 'pandas']",0,1.657176093705926
1062,HEALTHCARE,2.3672861101096654,[],[],"['numpy', 'scikit-learn', 'sql', 'data analysis', 'nlp', 'git', 'tensorflow', 'machine learning', 'pytorch', 'data science', 'deep learning', 'data visualization', 'natural language processing', 'python', 'pandas']",0,1.6571002770767658
1063,AGRICULTURE,2.362564575444712,[],[],"['numpy', 'scikit-learn', 'sql', 'data analysis', 'nlp', 'git', 'tensorflow', 'machine learning', 'pytorch', 'data science', 'deep learning', 'data visualization', 'natural language processing', 'python', 'pandas']",0,1.6537952028112985
1064,HR,2.360502356245358,[],[],"['numpy', 'scikit-learn', 'sql', 'data analysis', 'nlp', 'git', 'tensorflow', 'machine learning', 'pytorch', 'data science', 'deep learning', 'data visualization', 'natural language processing', 'python', 'pandas']",0,1.6523516493717505
1065,ENGINEERING,2.360303996607503,[],[],"['numpy', 'scikit-learn', 'sql', 'data analysis', 'nlp', 'git', 'tensorflow', 'machine learning', 'pytorch', 'data science', 'deep learning', 'data visualization', 'natural language processing', 'python', 'pandas']",0,1.6522127976252519
1066,SALES,2.353551813456357,[],[],"['numpy', 'scikit-learn', 'sql', 'data analysis', 'nlp', 'git', 'tensorflow', 'machine learning', 'pytorch', 'data science', 'deep learning', 'data visualization', 'natural language processing', 'python', 'pandas']",0,1.6474862694194496
1067,AVIATION,2.350855817147484,[],[],"['numpy', 'scikit-learn', 'sql', 'data analysis', 'nlp', 'git', 'tensorflow', 'machine learning', 'pytorch', 'data science', 'deep learning', 'data visualization', 'natural language processing', 'python', 'pandas']",0,1.6455990720032387
1068,AVIATION,2.3507295267939194,[],[],"['numpy', 'scikit-learn', 'sql', 'data analysis', 'nlp', 'git', 'tensorflow', 'machine learning', 'pytorch', 'data science', 'deep learning', 'data visualization', 'natural language processing', 'python', 'pandas']",0,1.6455106687557435
1069,BANKING,2.349017033595455,[],[],"['numpy', 'scikit-learn', 'sql', 'data analysis', 'nlp', 'git', 'tensorflow', 'machine learning', 'pytorch', 'data science', 'deep learning', 'data visualization', 'natural language processing', 'python', 'pandas']",0,1.6443119235168187
1070,FINANCE,2.345750235699269,[],[],"['numpy', 'scikit-learn', 'sql', 'data analysis', 'nlp', 'git', 'tensorflow', 'machine learning', 'pytorch', 'data science', 'deep learning', 'data visualization', 'natural language processing', 'python', 'pandas']",0,1.6420251649894884
1071,APPAREL,2.3416991443737842,[],[],"['numpy', 'scikit-learn', 'sql', 'data analysis', 'nlp', 'git', 'tensorflow', 'machine learning', 'pytorch', 'data science', 'deep learning', 'data visualization', 'natural language processing', 'python', 'pandas']",0,1.6391894010616488
1072,ACCOUNTANT,2.340481793188222,[],[],"['numpy', 'scikit-learn', 'sql', 'data analysis', 'nlp', 'git', 'tensorflow', 'machine learning', 'pytorch', 'data science', 'deep learning', 'data visualization', 'natural language processing', 'python', 'pandas']",0,1.6383372552317552
1073,CONSTRUCTION,2.3401812432245186,[],[],"['numpy', 'scikit-learn', 'sql', 'data analysis', 'nlp', 'git', 'tensorflow', 'machine learning', 'pytorch', 'data science', 'deep learning', 'data visualization', 'natural language processing', 'python', 'pandas']",0,1.638126870257163
1074,FINANCE,2.3380577927959556,[],[],"['numpy', 'scikit-learn', 'sql', 'data analysis', 'nlp', 'git', 'tensorflow', 'machine learning', 'pytorch', 'data science', 'deep learning', 'data visualization', 'natural language processing', 'python', 'pandas']",0,1.636640454957169
1075,DESIGNER,2.3377233889178304,[],[],"['numpy', 'scikit-learn', 'sql', 'data analysis', 'nlp', 'git', 'tensorflow', 'machine learning', 'pytorch', 'data science', 'deep learning', 'data visualization', 'natural language processing', 'python', 'pandas']",0,1.636406372242481
1076,ACCOUNTANT,2.336337135483764,[],[],"['numpy', 'scikit-learn', 'sql', 'data analysis', 'nlp', 'git', 'tensorflow', 'machine learning', 'pytorch', 'data science', 'deep learning', 'data visualization', 'natural language processing', 'python', 'pandas']",0,1.6354359948386348
1077,CONSTRUCTION,2.335365903862052,[],[],"['numpy', 'scikit-learn', 'sql', 'data analysis', 'nlp', 'git', 'tensorflow', 'machine learning', 'pytorch', 'data science', 'deep learning', 'data visualization', 'natural language processing', 'python', 'pandas']",0,1.6347561327034361
1078,ADVOCATE,2.3302208126686823,[],[],"['numpy', 'scikit-learn', 'sql', 'data analysis', 'nlp', 'git', 'tensorflow', 'machine learning', 'pytorch', 'data science', 'deep learning', 'data visualization', 'natural language processing', 'python', 'pandas']",0,1.6311545688680775
1079,HR,2.3291004157312627,[],[],"['numpy', 'scikit-learn', 'sql', 'data analysis', 'nlp', 'git', 'tensorflow', 'machine learning', 'pytorch', 'data science', 'deep learning', 'data visualization', 'natural language processing', 'python', 'pandas']",0,1.6303702910118838
1080,FINANCE,2.324329753767984,[],[],"['numpy', 'scikit-learn', 'sql', 'data analysis', 'nlp', 'git', 'tensorflow', 'machine learning', 'pytorch', 'data science', 'deep learning', 'data visualization', 'natural language processing', 'python', 'pandas']",0,1.6270308276375889
1081,AVIATION,2.3199686044586865,[],[],"['numpy', 'scikit-learn', 'sql', 'data analysis', 'nlp', 'git', 'tensorflow', 'machine learning', 'pytorch', 'data science', 'deep learning', 'data visualization', 'natural language processing', 'python', 'pandas']",0,1.6239780231210805
1082,ACCOUNTANT,2.317883829178856,[],[],"['numpy', 'scikit-learn', 'sql', 'data analysis', 'nlp', 'git', 'tensorflow', 'machine learning', 'pytorch', 'data science', 'deep learning', 'data visualization', 'natural language processing', 'python', 'pandas']",0,1.622518680425199
1083,CONSTRUCTION,2.3172328194610348,[],[],"['numpy', 'scikit-learn', 'sql', 'data analysis', 'nlp', 'git', 'tensorflow', 'machine learning', 'pytorch', 'data science', 'deep learning', 'data visualization', 'natural language processing', 'python', 'pandas']",0,1.6220629736227243
1084,ACCOUNTANT,2.3160087835075935,[],[],"['numpy', 'scikit-learn', 'sql', 'data analysis', 'nlp', 'git', 'tensorflow', 'machine learning', 'pytorch', 'data science', 'deep learning', 'data visualization', 'natural language processing', 'python', 'pandas']",0,1.6212061484553153
1085,ADVOCATE,2.3154979084580347,[],[],"['numpy', 'scikit-learn', 'sql', 'data analysis', 'nlp', 'git', 'tensorflow', 'machine learning', 'pytorch', 'data science', 'deep learning', 'data visualization', 'natural language processing', 'python', 'pandas']",0,1.6208485359206242
1086,INFORMATION-TECHNOLOGY,2.3099619480428837,[],[],"['numpy', 'scikit-learn', 'sql', 'data analysis', 'nlp', 'git', 'tensorflow', 'machine learning', 'pytorch', 'data science', 'deep learning', 'data visualization', 'natural language processing', 'python', 'pandas']",0,1.6169733636300185
1087,CONSTRUCTION,2.3097043490921667,[],[],"['numpy', 'scikit-learn', 'sql', 'data analysis', 'nlp', 'git', 'tensorflow', 'machine learning', 'pytorch', 'data science', 'deep learning', 'data visualization', 'natural language processing', 'python', 'pandas']",0,1.6167930443645167
1088,ADVOCATE,2.308802701091787,[],[],"['numpy', 'scikit-learn', 'sql', 'data analysis', 'nlp', 'git', 'tensorflow', 'machine learning', 'pytorch', 'data science', 'deep learning', 'data visualization', 'natural language processing', 'python', 'pandas']",0,1.6161618907642508
1089,HR,2.3087546136507813,[],[],"['numpy', 'scikit-learn', 'sql', 'data analysis', 'nlp', 'git', 'tensorflow', 'machine learning', 'pytorch', 'data science', 'deep learning', 'data visualization', 'natural language processing', 'python', 'pandas']",0,1.6161282295555468
1090,TEACHER,2.3009334550355307,[],[],"['numpy', 'scikit-learn', 'sql', 'data analysis', 'nlp', 'git', 'tensorflow', 'machine learning', 'pytorch', 'data science', 'deep learning', 'data visualization', 'natural language processing', 'python', 'pandas']",0,1.6106534185248713
1091,DIGITAL-MEDIA,2.296713122827177,[],[],"['numpy', 'scikit-learn', 'sql', 'data analysis', 'nlp', 'git', 'tensorflow', 'machine learning', 'pytorch', 'data science', 'deep learning', 'data visualization', 'natural language processing', 'python', 'pandas']",0,1.6076991859790237
1092,FINANCE,2.290668413428117,[],[],"['numpy', 'scikit-learn', 'sql', 'data analysis', 'nlp', 'git', 'tensorflow', 'machine learning', 'pytorch', 'data science', 'deep learning', 'data visualization', 'natural language processing', 'python', 'pandas']",0,1.6034678893996817
1093,AVIATION,2.2883140032374745,[],[],"['numpy', 'scikit-learn', 'sql', 'data analysis', 'nlp', 'git', 'tensorflow', 'machine learning', 'pytorch', 'data science', 'deep learning', 'data visualization', 'natural language processing', 'python', 'pandas']",0,1.601819802266232
1094,CONSULTANT,2.2867023960592117,[],[],"['numpy', 'scikit-learn', 'sql', 'data analysis', 'nlp', 'git', 'tensorflow', 'machine learning', 'pytorch', 'data science', 'deep learning', 'data visualization', 'natural language processing', 'python', 'pandas']",0,1.6006916772414481
1095,CONSTRUCTION,2.285961420538928,[],[],"['numpy', 'scikit-learn', 'sql', 'data analysis', 'nlp', 'git', 'tensorflow', 'machine learning', 'pytorch', 'data science', 'deep learning', 'data visualization', 'natural language processing', 'python', 'pandas']",0,1.6001729943772496
1096,ENGINEERING,2.275435498186684,[],[],"['numpy', 'scikit-learn', 'sql', 'data analysis', 'nlp', 'git', 'tensorflow', 'machine learning', 'pytorch', 'data science', 'deep learning', 'data visualization', 'natural language processing', 'python', 'pandas']",0,1.5928048487306785
1097,HEALTHCARE,2.272158718534722,[],[],"['numpy', 'scikit-learn', 'sql', 'data analysis', 'nlp', 'git', 'tensorflow', 'machine learning', 'pytorch', 'data science', 'deep learning', 'data visualization', 'natural language processing', 'python', 'pandas']",0,1.5905111029743053
1098,PUBLIC-RELATIONS,2.2691106443016884,[],[],"['numpy', 'scikit-learn', 'sql', 'data analysis', 'nlp', 'git', 'tensorflow', 'machine learning', 'pytorch', 'data science', 'deep learning', 'data visualization', 'natural language processing', 'python', 'pandas']",0,1.5883774510111819
1099,ADVOCATE,2.2680657923769996,[],[],"['numpy', 'scikit-learn', 'sql', 'data analysis', 'nlp', 'git', 'tensorflow', 'machine learning', 'pytorch', 'data science', 'deep learning', 'data visualization', 'natural language processing', 'python', 'pandas']",0,1.5876460546638995
1100,TEACHER,2.264732889551832,[],[],"['numpy', 'scikit-learn', 'sql', 'data analysis', 'nlp', 'git', 'tensorflow', 'machine learning', 'pytorch', 'data science', 'deep learning', 'data visualization', 'natural language processing', 'python', 'pandas']",0,1.5853130226862824
1101,TEACHER,2.263586809557475,[],[],"['numpy', 'scikit-learn', 'sql', 'data analysis', 'nlp', 'git', 'tensorflow', 'machine learning', 'pytorch', 'data science', 'deep learning', 'data visualization', 'natural language processing', 'python', 'pandas']",0,1.5845107666902323
1102,HEALTHCARE,2.262081017351621,[],[],"['numpy', 'scikit-learn', 'sql', 'data analysis', 'nlp', 'git', 'tensorflow', 'machine learning', 'pytorch', 'data science', 'deep learning', 'data visualization', 'natural language processing', 'python', 'pandas']",0,1.5834567121461345
1103,PUBLIC-RELATIONS,2.2612219590089926,[],[],"['numpy', 'scikit-learn', 'sql', 'data analysis', 'nlp', 'git', 'tensorflow', 'machine learning', 'pytorch', 'data science', 'deep learning', 'data visualization', 'natural language processing', 'python', 'pandas']",0,1.5828553713062947
1104,CONSTRUCTION,2.2607289790605614,[],[],"['numpy', 'scikit-learn', 'sql', 'data analysis', 'nlp', 'git', 'tensorflow', 'machine learning', 'pytorch', 'data science', 'deep learning', 'data visualization', 'natural language processing', 'python', 'pandas']",0,1.582510285342393
1105,FINANCE,2.260683164545256,[],[],"['numpy', 'scikit-learn', 'sql', 'data analysis', 'nlp', 'git', 'tensorflow', 'machine learning', 'pytorch', 'data science', 'deep learning', 'data visualization', 'natural language processing', 'python', 'pandas']",0,1.582478215181679
1106,AUTOMOBILE,2.25731252386412,[],[],"['numpy', 'scikit-learn', 'sql', 'data analysis', 'nlp', 'git', 'tensorflow', 'machine learning', 'pytorch', 'data science', 'deep learning', 'data visualization', 'natural language processing', 'python', 'pandas']",0,1.5801187667048837
1107,ACCOUNTANT,2.255169419597038,[],[],"['numpy', 'scikit-learn', 'sql', 'data analysis', 'nlp', 'git', 'tensorflow', 'machine learning', 'pytorch', 'data science', 'deep learning', 'data visualization', 'natural language processing', 'python', 'pandas']",0,1.5786185937179265
1108,CONSTRUCTION,2.2537857435045896,[],[],"['numpy', 'scikit-learn', 'sql', 'data analysis', 'nlp', 'git', 'tensorflow', 'machine learning', 'pytorch', 'data science', 'deep learning', 'data visualization', 'natural language processing', 'python', 'pandas']",0,1.5776500204532127
1109,AGRICULTURE,2.2526571119406875,[],[],"['numpy', 'scikit-learn', 'sql', 'data analysis', 'nlp', 'git', 'tensorflow', 'machine learning', 'pytorch', 'data science', 'deep learning', 'data visualization', 'natural language processing', 'python', 'pandas']",0,1.5768599783584811
1110,HR,2.249872355532819,[],[],"['numpy', 'scikit-learn', 'sql', 'data analysis', 'nlp', 'git', 'tensorflow', 'machine learning', 'pytorch', 'data science', 'deep learning', 'data visualization', 'natural language processing', 'python', 'pandas']",0,1.5749106488729732
1111,HEALTHCARE,2.2498579166128865,[],[],"['numpy', 'scikit-learn', 'sql', 'data analysis', 'nlp', 'git', 'tensorflow', 'machine learning', 'pytorch', 'data science', 'deep learning', 'data visualization', 'natural language processing', 'python', 'pandas']",0,1.5749005416290205
1112,SALES,2.247512907233615,[],[],"['numpy', 'scikit-learn', 'sql', 'data analysis', 'nlp', 'git', 'tensorflow', 'machine learning', 'pytorch', 'data science', 'deep learning', 'data visualization', 'natural language processing', 'python', 'pandas']",0,1.5732590350635303
1113,FINANCE,2.2390175035531277,[],[],"['numpy', 'scikit-learn', 'sql', 'data analysis', 'nlp', 'git', 'tensorflow', 'machine learning', 'pytorch', 'data science', 'deep learning', 'data visualization', 'natural language processing', 'python', 'pandas']",0,1.5673122524871892
1114,CONSULTANT,2.2342982253104,[],[],"['numpy', 'scikit-learn', 'sql', 'data analysis', 'nlp', 'git', 'tensorflow', 'machine learning', 'pytorch', 'data science', 'deep learning', 'data visualization', 'natural language processing', 'python', 'pandas']",0,1.5640087577172799
1115,SALES,2.2325841642734314,[],[],"['numpy', 'scikit-learn', 'sql', 'data analysis', 'nlp', 'git', 'tensorflow', 'machine learning', 'pytorch', 'data science', 'deep learning', 'data visualization', 'natural language processing', 'python', 'pandas']",0,1.562808914991402
1116,ACCOUNTANT,2.2275165127929446,[],[],"['numpy', 'scikit-learn', 'sql', 'data analysis', 'nlp', 'git', 'tensorflow', 'machine learning', 'pytorch', 'data science', 'deep learning', 'data visualization', 'natural language processing', 'python', 'pandas']",0,1.5592615589550611
1117,PUBLIC-RELATIONS,2.2246894407756637,[],[],"['numpy', 'scikit-learn', 'sql', 'data analysis', 'nlp', 'git', 'tensorflow', 'machine learning', 'pytorch', 'data science', 'deep learning', 'data visualization', 'natural language processing', 'python', 'pandas']",0,1.5572826085429645
1118,ADVOCATE,2.2225528288013106,[],[],"['numpy', 'scikit-learn', 'sql', 'data analysis', 'nlp', 'git', 'tensorflow', 'machine learning', 'pytorch', 'data science', 'deep learning', 'data visualization', 'natural language processing', 'python', 'pandas']",0,1.5557869801609172
1119,CHEF,2.2217248883857432,[],[],"['numpy', 'scikit-learn', 'sql', 'data analysis', 'nlp', 'git', 'tensorflow', 'machine learning', 'pytorch', 'data science', 'deep learning', 'data visualization', 'natural language processing', 'python', 'pandas']",0,1.5552074218700203
1120,CHEF,2.2216849608617593,[],[],"['numpy', 'scikit-learn', 'sql', 'data analysis', 'nlp', 'git', 'tensorflow', 'machine learning', 'pytorch', 'data science', 'deep learning', 'data visualization', 'natural language processing', 'python', 'pandas']",0,1.5551794726032313
1121,CHEF,2.2163091913854167,[],[],"['numpy', 'scikit-learn', 'sql', 'data analysis', 'nlp', 'git', 'tensorflow', 'machine learning', 'pytorch', 'data science', 'deep learning', 'data visualization', 'natural language processing', 'python', 'pandas']",0,1.5514164339697916
1122,BUSINESS-DEVELOPMENT,2.21628198281904,[],[],"['numpy', 'scikit-learn', 'sql', 'data analysis', 'nlp', 'git', 'tensorflow', 'machine learning', 'pytorch', 'data science', 'deep learning', 'data visualization', 'natural language processing', 'python', 'pandas']",0,1.5513973879733278
1123,CHEF,2.215862405527632,[],[],"['numpy', 'scikit-learn', 'sql', 'data analysis', 'nlp', 'git', 'tensorflow', 'machine learning', 'pytorch', 'data science', 'deep learning', 'data visualization', 'natural language processing', 'python', 'pandas']",0,1.5511036838693422
1124,CONSTRUCTION,2.2128231807989898,[],[],"['numpy', 'scikit-learn', 'sql', 'data analysis', 'nlp', 'git', 'tensorflow', 'machine learning', 'pytorch', 'data science', 'deep learning', 'data visualization', 'natural language processing', 'python', 'pandas']",0,1.5489762265592928
1125,INFORMATION-TECHNOLOGY,2.209136554446365,[],[],"['numpy', 'scikit-learn', 'sql', 'data analysis', 'nlp', 'git', 'tensorflow', 'machine learning', 'pytorch', 'data science', 'deep learning', 'data visualization', 'natural language processing', 'python', 'pandas']",0,1.5463955881124554
1126,CONSTRUCTION,2.2089849302640694,[],[],"['numpy', 'scikit-learn', 'sql', 'data analysis', 'nlp', 'git', 'tensorflow', 'machine learning', 'pytorch', 'data science', 'deep learning', 'data visualization', 'natural language processing', 'python', 'pandas']",0,1.5462894511848484
1127,BANKING,2.207822909227297,[],[],"['numpy', 'scikit-learn', 'sql', 'data analysis', 'nlp', 'git', 'tensorflow', 'machine learning', 'pytorch', 'data science', 'deep learning', 'data visualization', 'natural language processing', 'python', 'pandas']",0,1.545476036459108
1128,APPAREL,2.206906668648295,[],[],"['numpy', 'scikit-learn', 'sql', 'data analysis', 'nlp', 'git', 'tensorflow', 'machine learning', 'pytorch', 'data science', 'deep learning', 'data visualization', 'natural language processing', 'python', 'pandas']",0,1.5448346680538063
1129,HEALTHCARE,2.205887229193847,[],[],"['numpy', 'scikit-learn', 'sql', 'data analysis', 'nlp', 'git', 'tensorflow', 'machine learning', 'pytorch', 'data science', 'deep learning', 'data visualization', 'natural language processing', 'python', 'pandas']",0,1.544121060435693
1130,AGRICULTURE,2.2018274874381376,[],[],"['numpy', 'scikit-learn', 'sql', 'data analysis', 'nlp', 'git', 'tensorflow', 'machine learning', 'pytorch', 'data science', 'deep learning', 'data visualization', 'natural language processing', 'python', 'pandas']",0,1.5412792412066962
1131,CONSULTANT,2.2004042172627156,[],[],"['numpy', 'scikit-learn', 'sql', 'data analysis', 'nlp', 'git', 'tensorflow', 'machine learning', 'pytorch', 'data science', 'deep learning', 'data visualization', 'natural language processing', 'python', 'pandas']",0,1.5402829520839008
1132,HEALTHCARE,2.194109188857283,[],[],"['numpy', 'scikit-learn', 'sql', 'data analysis', 'nlp', 'git', 'tensorflow', 'machine learning', 'pytorch', 'data science', 'deep learning', 'data visualization', 'natural language processing', 'python', 'pandas']",0,1.535876432200098
1133,CONSULTANT,2.1933537754786303,[],[],"['numpy', 'scikit-learn', 'sql', 'data analysis', 'nlp', 'git', 'tensorflow', 'machine learning', 'pytorch', 'data science', 'deep learning', 'data visualization', 'natural language processing', 'python', 'pandas']",0,1.5353476428350412
1134,HR,2.19258894028772,[],[],"['numpy', 'scikit-learn', 'sql', 'data analysis', 'nlp', 'git', 'tensorflow', 'machine learning', 'pytorch', 'data science', 'deep learning', 'data visualization', 'natural language processing', 'python', 'pandas']",0,1.5348122582014039
1135,CHEF,2.18366462600659,[],[],"['numpy', 'scikit-learn', 'sql', 'data analysis', 'nlp', 'git', 'tensorflow', 'machine learning', 'pytorch', 'data science', 'deep learning', 'data visualization', 'natural language processing', 'python', 'pandas']",0,1.5285652382046129
1136,TEACHER,2.180555660400035,[],[],"['numpy', 'scikit-learn', 'sql', 'data analysis', 'nlp', 'git', 'tensorflow', 'machine learning', 'pytorch', 'data science', 'deep learning', 'data visualization', 'natural language processing', 'python', 'pandas']",0,1.5263889622800244
1137,DESIGNER,2.1799079377068433,[],[],"['numpy', 'scikit-learn', 'sql', 'data analysis', 'nlp', 'git', 'tensorflow', 'machine learning', 'pytorch', 'data science', 'deep learning', 'data visualization', 'natural language processing', 'python', 'pandas']",0,1.5259355563947903
1138,FINANCE,2.1788277156274085,[],[],"['numpy', 'scikit-learn', 'sql', 'data analysis', 'nlp', 'git', 'tensorflow', 'machine learning', 'pytorch', 'data science', 'deep learning', 'data visualization', 'natural language processing', 'python', 'pandas']",0,1.525179400939186
1139,AVIATION,2.169097819677647,[],[],"['numpy', 'scikit-learn', 'sql', 'data analysis', 'nlp', 'git', 'tensorflow', 'machine learning', 'pytorch', 'data science', 'deep learning', 'data visualization', 'natural language processing', 'python', 'pandas']",0,1.5183684737743528
1140,HEALTHCARE,2.1676227497263376,[],[],"['numpy', 'scikit-learn', 'sql', 'data analysis', 'nlp', 'git', 'tensorflow', 'machine learning', 'pytorch', 'data science', 'deep learning', 'data visualization', 'natural language processing', 'python', 'pandas']",0,1.5173359248084362
1141,AGRICULTURE,2.165563774395208,[],[],"['numpy', 'scikit-learn', 'sql', 'data analysis', 'nlp', 'git', 'tensorflow', 'machine learning', 'pytorch', 'data science', 'deep learning', 'data visualization', 'natural language processing', 'python', 'pandas']",0,1.5158946420766455
1142,TEACHER,2.164609860610811,[],[],"['numpy', 'scikit-learn', 'sql', 'data analysis', 'nlp', 'git', 'tensorflow', 'machine learning', 'pytorch', 'data science', 'deep learning', 'data visualization', 'natural language processing', 'python', 'pandas']",0,1.5152269024275677
1143,DESIGNER,2.1612924370738114,[],[],"['numpy', 'scikit-learn', 'sql', 'data analysis', 'nlp', 'git', 'tensorflow', 'machine learning', 'pytorch', 'data science', 'deep learning', 'data visualization', 'natural language processing', 'python', 'pandas']",0,1.5129047059516678
1144,BPO,2.1595606836514283,[],[],"['numpy', 'scikit-learn', 'sql', 'data analysis', 'nlp', 'git', 'tensorflow', 'machine learning', 'pytorch', 'data science', 'deep learning', 'data visualization', 'natural language processing', 'python', 'pandas']",0,1.5116924785559998
1145,FITNESS,2.157781774657088,[],[],"['numpy', 'scikit-learn', 'sql', 'data analysis', 'nlp', 'git', 'tensorflow', 'machine learning', 'pytorch', 'data science', 'deep learning', 'data visualization', 'natural language processing', 'python', 'pandas']",0,1.5104472422599617
1146,ENGINEERING,2.1552149949267685,[],[],"['numpy', 'scikit-learn', 'sql', 'data analysis', 'nlp', 'git', 'tensorflow', 'machine learning', 'pytorch', 'data science', 'deep learning', 'data visualization', 'natural language processing', 'python', 'pandas']",0,1.508650496448738
1147,FITNESS,2.154333284644825,[],[],"['numpy', 'scikit-learn', 'sql', 'data analysis', 'nlp', 'git', 'tensorflow', 'machine learning', 'pytorch', 'data science', 'deep learning', 'data visualization', 'natural language processing', 'python', 'pandas']",0,1.5080332992513774
1148,CHEF,2.151790291515002,[],[],"['numpy', 'scikit-learn', 'sql', 'data analysis', 'nlp', 'git', 'tensorflow', 'machine learning', 'pytorch', 'data science', 'deep learning', 'data visualization', 'natural language processing', 'python', 'pandas']",0,1.5062532040605012
1149,ENGINEERING,2.1506183056958985,[],[],"['numpy', 'scikit-learn', 'sql', 'data analysis', 'nlp', 'git', 'tensorflow', 'machine learning', 'pytorch', 'data science', 'deep learning', 'data visualization', 'natural language processing', 'python', 'pandas']",0,1.505432813987129
1150,FINANCE,2.148638117351586,[],[],"['numpy', 'scikit-learn', 'sql', 'data analysis', 'nlp', 'git', 'tensorflow', 'machine learning', 'pytorch', 'data science', 'deep learning', 'data visualization', 'natural language processing', 'python', 'pandas']",0,1.50404668214611
1151,FINANCE,2.146918573078055,[],[],"['numpy', 'scikit-learn', 'sql', 'data analysis', 'nlp', 'git', 'tensorflow', 'machine learning', 'pytorch', 'data science', 'deep learning', 'data visualization', 'natural language processing', 'python', 'pandas']",0,1.5028430011546385
1152,CONSTRUCTION,2.1457962059166813,[],[],"['numpy', 'scikit-learn', 'sql', 'data analysis', 'nlp', 'git', 'tensorflow', 'machine learning', 'pytorch', 'data science', 'deep learning', 'data visualization', 'natural language processing', 'python', 'pandas']",0,1.502057344141677
1153,TEACHER,2.1451181751128425,[],[],"['numpy', 'scikit-learn', 'sql', 'data analysis', 'nlp', 'git', 'tensorflow', 'machine learning', 'pytorch', 'data science', 'deep learning', 'data visualization', 'natural language processing', 'python', 'pandas']",0,1.5015827225789897
1154,FINANCE,2.1435728026380154,[],[],"['numpy', 'scikit-learn', 'sql', 'data analysis', 'nlp', 'git', 'tensorflow', 'machine learning', 'pytorch', 'data science', 'deep learning', 'data visualization', 'natural language processing', 'python', 'pandas']",0,1.5005009618466107
1155,APPAREL,2.1412336364233555,[],[],"['numpy', 'scikit-learn', 'sql', 'data analysis', 'nlp', 'git', 'tensorflow', 'machine learning', 'pytorch', 'data science', 'deep learning', 'data visualization', 'natural language processing', 'python', 'pandas']",0,1.4988635454963488
1156,TEACHER,2.1401710452051854,[],[],"['numpy', 'scikit-learn', 'sql', 'data analysis', 'nlp', 'git', 'tensorflow', 'machine learning', 'pytorch', 'data science', 'deep learning', 'data visualization', 'natural language processing', 'python', 'pandas']",0,1.4981197316436297
1157,PUBLIC-RELATIONS,2.1357358411391623,[],[],"['numpy', 'scikit-learn', 'sql', 'data analysis', 'nlp', 'git', 'tensorflow', 'machine learning', 'pytorch', 'data science', 'deep learning', 'data visualization', 'natural language processing', 'python', 'pandas']",0,1.4950150887974134
1158,ARTS,2.1316200684531523,[],[],"['numpy', 'scikit-learn', 'sql', 'data analysis', 'nlp', 'git', 'tensorflow', 'machine learning', 'pytorch', 'data science', 'deep learning', 'data visualization', 'natural language processing', 'python', 'pandas']",0,1.4921340479172065
1159,ACCOUNTANT,2.1311884750146524,[],[],"['numpy', 'scikit-learn', 'sql', 'data analysis', 'nlp', 'git', 'tensorflow', 'machine learning', 'pytorch', 'data science', 'deep learning', 'data visualization', 'natural language processing', 'python', 'pandas']",0,1.4918319325102565
1160,CONSULTANT,2.1293752982729526,[],[],"['numpy', 'scikit-learn', 'sql', 'data analysis', 'nlp', 'git', 'tensorflow', 'machine learning', 'pytorch', 'data science', 'deep learning', 'data visualization', 'natural language processing', 'python', 'pandas']",0,1.4905627087910667
1161,ACCOUNTANT,2.1287824072020225,[],[],"['numpy', 'scikit-learn', 'sql', 'data analysis', 'nlp', 'git', 'tensorflow', 'machine learning', 'pytorch', 'data science', 'deep learning', 'data visualization', 'natural language processing', 'python', 'pandas']",0,1.4901476850414157
1162,AVIATION,2.127937736763527,[],[],"['numpy', 'scikit-learn', 'sql', 'data analysis', 'nlp', 'git', 'tensorflow', 'machine learning', 'pytorch', 'data science', 'deep learning', 'data visualization', 'natural language processing', 'python', 'pandas']",0,1.4895564157344687
1163,ACCOUNTANT,2.122604817206173,[],[],"['numpy', 'scikit-learn', 'sql', 'data analysis', 'nlp', 'git', 'tensorflow', 'machine learning', 'pytorch', 'data science', 'deep learning', 'data visualization', 'natural language processing', 'python', 'pandas']",0,1.485823372044321
1164,HR,2.118139314015571,[],[],"['numpy', 'scikit-learn', 'sql', 'data analysis', 'nlp', 'git', 'tensorflow', 'machine learning', 'pytorch', 'data science', 'deep learning', 'data visualization', 'natural language processing', 'python', 'pandas']",0,1.4826975198108996
1165,ARTS,2.1174464537867252,[],[],"['numpy', 'scikit-learn', 'sql', 'data analysis', 'nlp', 'git', 'tensorflow', 'machine learning', 'pytorch', 'data science', 'deep learning', 'data visualization', 'natural language processing', 'python', 'pandas']",0,1.4822125176507075
1166,BUSINESS-DEVELOPMENT,2.116204200722617,[],[],"['numpy', 'scikit-learn', 'sql', 'data analysis', 'nlp', 'git', 'tensorflow', 'machine learning', 'pytorch', 'data science', 'deep learning', 'data visualization', 'natural language processing', 'python', 'pandas']",0,1.4813429405058318
1167,DESIGNER,2.1161723180939553,[],[],"['numpy', 'scikit-learn', 'sql', 'data analysis', 'nlp', 'git', 'tensorflow', 'machine learning', 'pytorch', 'data science', 'deep learning', 'data visualization', 'natural language processing', 'python', 'pandas']",0,1.4813206226657687
1168,ADVOCATE,2.1161554079129674,[],[],"['numpy', 'scikit-learn', 'sql', 'data analysis', 'nlp', 'git', 'tensorflow', 'machine learning', 'pytorch', 'data science', 'deep learning', 'data visualization', 'natural language processing', 'python', 'pandas']",0,1.4813087855390772
1169,ADVOCATE,2.113386960858304,[],[],"['numpy', 'scikit-learn', 'sql', 'data analysis', 'nlp', 'git', 'tensorflow', 'machine learning', 'pytorch', 'data science', 'deep learning', 'data visualization', 'natural language processing', 'python', 'pandas']",0,1.4793708726008126
1170,HEALTHCARE,2.113284719577947,[],[],"['numpy', 'scikit-learn', 'sql', 'data analysis', 'nlp', 'git', 'tensorflow', 'machine learning', 'pytorch', 'data science', 'deep learning', 'data visualization', 'natural language processing', 'python', 'pandas']",0,1.479299303704563
1171,ACCOUNTANT,2.104504418706752,[],[],"['numpy', 'scikit-learn', 'sql', 'data analysis', 'nlp', 'git', 'tensorflow', 'machine learning', 'pytorch', 'data science', 'deep learning', 'data visualization', 'natural language processing', 'python', 'pandas']",0,1.4731530930947263
1172,ACCOUNTANT,2.09911117494543,[],[],"['numpy', 'scikit-learn', 'sql', 'data analysis', 'nlp', 'git', 'tensorflow', 'machine learning', 'pytorch', 'data science', 'deep learning', 'data visualization', 'natural language processing', 'python', 'pandas']",0,1.4693778224618008
1173,ACCOUNTANT,2.0987256549816995,[],[],"['numpy', 'scikit-learn', 'sql', 'data analysis', 'nlp', 'git', 'tensorflow', 'machine learning', 'pytorch', 'data science', 'deep learning', 'data visualization', 'natural language processing', 'python', 'pandas']",0,1.4691079584871896
1174,ACCOUNTANT,2.0964515206164833,[],[],"['numpy', 'scikit-learn', 'sql', 'data analysis', 'nlp', 'git', 'tensorflow', 'machine learning', 'pytorch', 'data science', 'deep learning', 'data visualization', 'natural language processing', 'python', 'pandas']",0,1.4675160644315381
1175,SALES,2.0943164187079737,[],[],"['numpy', 'scikit-learn', 'sql', 'data analysis', 'nlp', 'git', 'tensorflow', 'machine learning', 'pytorch', 'data science', 'deep learning', 'data visualization', 'natural language processing', 'python', 'pandas']",0,1.4660214930955815
1176,CONSTRUCTION,2.0939131603975016,[],[],"['numpy', 'scikit-learn', 'sql', 'data analysis', 'nlp', 'git', 'tensorflow', 'machine learning', 'pytorch', 'data science', 'deep learning', 'data visualization', 'natural language processing', 'python', 'pandas']",0,1.465739212278251
1177,FINANCE,2.0937364384908443,[],[],"['numpy', 'scikit-learn', 'sql', 'data analysis', 'nlp', 'git', 'tensorflow', 'machine learning', 'pytorch', 'data science', 'deep learning', 'data visualization', 'natural language processing', 'python', 'pandas']",0,1.465615506943591
1178,CONSTRUCTION,2.0914019568920716,[],[],"['numpy', 'scikit-learn', 'sql', 'data analysis', 'nlp', 'git', 'tensorflow', 'machine learning', 'pytorch', 'data science', 'deep learning', 'data visualization', 'natural language processing', 'python', 'pandas']",0,1.4639813698244502
1179,HR,2.087949596223186,[],[],"['numpy', 'scikit-learn', 'sql', 'data analysis', 'nlp', 'git', 'tensorflow', 'machine learning', 'pytorch', 'data science', 'deep learning', 'data visualization', 'natural language processing', 'python', 'pandas']",0,1.46156471735623
1180,INFORMATION-TECHNOLOGY,2.0843769901738805,[],[],"['numpy', 'scikit-learn', 'sql', 'data analysis', 'nlp', 'git', 'tensorflow', 'machine learning', 'pytorch', 'data science', 'deep learning', 'data visualization', 'natural language processing', 'python', 'pandas']",0,1.4590638931217161
1181,BUSINESS-DEVELOPMENT,2.0808333906081584,[],[],"['numpy', 'scikit-learn', 'sql', 'data analysis', 'nlp', 'git', 'tensorflow', 'machine learning', 'pytorch', 'data science', 'deep learning', 'data visualization', 'natural language processing', 'python', 'pandas']",0,1.4565833734257108
1182,APPAREL,2.0781304267472356,[],[],"['numpy', 'scikit-learn', 'sql', 'data analysis', 'nlp', 'git', 'tensorflow', 'machine learning', 'pytorch', 'data science', 'deep learning', 'data visualization', 'natural language processing', 'python', 'pandas']",0,1.454691298723065
1183,ENGINEERING,2.078075976192862,[],[],"['numpy', 'scikit-learn', 'sql', 'data analysis', 'nlp', 'git', 'tensorflow', 'machine learning', 'pytorch', 'data science', 'deep learning', 'data visualization', 'natural language processing', 'python', 'pandas']",0,1.4546531833350034
1184,CHEF,2.0779998578510517,[],[],"['numpy', 'scikit-learn', 'sql', 'data analysis', 'nlp', 'git', 'tensorflow', 'machine learning', 'pytorch', 'data science', 'deep learning', 'data visualization', 'natural language processing', 'python', 'pandas']",0,1.4545999004957362
1185,HEALTHCARE,2.077730098086027,[],[],"['numpy', 'scikit-learn', 'sql', 'data analysis', 'nlp', 'git', 'tensorflow', 'machine learning', 'pytorch', 'data science', 'deep learning', 'data visualization', 'natural language processing', 'python', 'pandas']",0,1.454411068660219
1186,ADVOCATE,2.0729998518972925,[],[],"['numpy', 'scikit-learn', 'sql', 'data analysis', 'nlp', 'git', 'tensorflow', 'machine learning', 'pytorch', 'data science', 'deep learning', 'data visualization', 'natural language processing', 'python', 'pandas']",0,1.4510998963281048
1187,INFORMATION-TECHNOLOGY,2.0701450750671495,[],[],"['numpy', 'scikit-learn', 'sql', 'data analysis', 'nlp', 'git', 'tensorflow', 'machine learning', 'pytorch', 'data science', 'deep learning', 'data visualization', 'natural language processing', 'python', 'pandas']",0,1.4491015525470046
1188,BUSINESS-DEVELOPMENT,2.068766691337111,[],[],"['numpy', 'scikit-learn', 'sql', 'data analysis', 'nlp', 'git', 'tensorflow', 'machine learning', 'pytorch', 'data science', 'deep learning', 'data visualization', 'natural language processing', 'python', 'pandas']",0,1.4481366839359777
1189,HR,2.0670411295359803,[],[],"['numpy', 'scikit-learn', 'sql', 'data analysis', 'nlp', 'git', 'tensorflow', 'machine learning', 'pytorch', 'data science', 'deep learning', 'data visualization', 'natural language processing', 'python', 'pandas']",0,1.4469287906751862
1190,ADVOCATE,2.0602445078495695,[],[],"['numpy', 'scikit-learn', 'sql', 'data analysis', 'nlp', 'git', 'tensorflow', 'machine learning', 'pytorch', 'data science', 'deep learning', 'data visualization', 'natural language processing', 'python', 'pandas']",0,1.4421711554946985
1191,FITNESS,2.0529546675407837,[],[],"['numpy', 'scikit-learn', 'sql', 'data analysis', 'nlp', 'git', 'tensorflow', 'machine learning', 'pytorch', 'data science', 'deep learning', 'data visualization', 'natural language processing', 'python', 'pandas']",0,1.4370682672785484
1192,SALES,2.0528856494923136,[],[],"['numpy', 'scikit-learn', 'sql', 'data analysis', 'nlp', 'git', 'tensorflow', 'machine learning', 'pytorch', 'data science', 'deep learning', 'data visualization', 'natural language processing', 'python', 'pandas']",0,1.4370199546446194
1193,BUSINESS-DEVELOPMENT,2.050392824029701,[],[],"['numpy', 'scikit-learn', 'sql', 'data analysis', 'nlp', 'git', 'tensorflow', 'machine learning', 'pytorch', 'data science', 'deep learning', 'data visualization', 'natural language processing', 'python', 'pandas']",0,1.4352749768207906
1194,AVIATION,2.046927032344982,[],[],"['numpy', 'scikit-learn', 'sql', 'data analysis', 'nlp', 'git', 'tensorflow', 'machine learning', 'pytorch', 'data science', 'deep learning', 'data visualization', 'natural language processing', 'python', 'pandas']",0,1.4328489226414873
1195,FINANCE,2.0429252598913843,[],[],"['numpy', 'scikit-learn', 'sql', 'data analysis', 'nlp', 'git', 'tensorflow', 'machine learning', 'pytorch', 'data science', 'deep learning', 'data visualization', 'natural language processing', 'python', 'pandas']",0,1.430047681923969
1196,ACCOUNTANT,2.039706356001826,[],[],"['numpy', 'scikit-learn', 'sql', 'data analysis', 'nlp', 'git', 'tensorflow', 'machine learning', 'pytorch', 'data science', 'deep learning', 'data visualization', 'natural language processing', 'python', 'pandas']",0,1.4277944492012782
1197,INFORMATION-TECHNOLOGY,2.0389555855852173,[],[],"['numpy', 'scikit-learn', 'sql', 'data analysis', 'nlp', 'git', 'tensorflow', 'machine learning', 'pytorch', 'data science', 'deep learning', 'data visualization', 'natural language processing', 'python', 'pandas']",0,1.427268909909652
1198,HEALTHCARE,2.03894340905726,[],[],"['numpy', 'scikit-learn', 'sql', 'data analysis', 'nlp', 'git', 'tensorflow', 'machine learning', 'pytorch', 'data science', 'deep learning', 'data visualization', 'natural language processing', 'python', 'pandas']",0,1.4272603863400817
1199,SALES,2.03363751968539,[],[],"['numpy', 'scikit-learn', 'sql', 'data analysis', 'nlp', 'git', 'tensorflow', 'machine learning', 'pytorch', 'data science', 'deep learning', 'data visualization', 'natural language processing', 'python', 'pandas']",0,1.423546263779773
1200,ACCOUNTANT,2.030039073118369,[],[],"['numpy', 'scikit-learn', 'sql', 'data analysis', 'nlp', 'git', 'tensorflow', 'machine learning', 'pytorch', 'data science', 'deep learning', 'data visualization', 'natural language processing', 'python', 'pandas']",0,1.4210273511828582
1201,CHEF,2.027846171130122,[],[],"['numpy', 'scikit-learn', 'sql', 'data analysis', 'nlp', 'git', 'tensorflow', 'machine learning', 'pytorch', 'data science', 'deep learning', 'data visualization', 'natural language processing', 'python', 'pandas']",0,1.4194923197910851
1202,AGRICULTURE,2.026348299862165,[],[],"['numpy', 'scikit-learn', 'sql', 'data analysis', 'nlp', 'git', 'tensorflow', 'machine learning', 'pytorch', 'data science', 'deep learning', 'data visualization', 'natural language processing', 'python', 'pandas']",0,1.4184438099035153
1203,ENGINEERING,2.0255440261234985,[],[],"['numpy', 'scikit-learn', 'sql', 'data analysis', 'nlp', 'git', 'tensorflow', 'machine learning', 'pytorch', 'data science', 'deep learning', 'data visualization', 'natural language processing', 'python', 'pandas']",0,1.4178808182864489
1204,FITNESS,2.0252377101960164,[],[],"['numpy', 'scikit-learn', 'sql', 'data analysis', 'nlp', 'git', 'tensorflow', 'machine learning', 'pytorch', 'data science', 'deep learning', 'data visualization', 'natural language processing', 'python', 'pandas']",0,1.4176663971372114
1205,CONSULTANT,2.0203598324404175,[],[],"['numpy', 'scikit-learn', 'sql', 'data analysis', 'nlp', 'git', 'tensorflow', 'machine learning', 'pytorch', 'data science', 'deep learning', 'data visualization', 'natural language processing', 'python', 'pandas']",0,1.4142518827082922
1206,CONSULTANT,2.0200237815877893,[],[],"['numpy', 'scikit-learn', 'sql', 'data analysis', 'nlp', 'git', 'tensorflow', 'machine learning', 'pytorch', 'data science', 'deep learning', 'data visualization', 'natural language processing', 'python', 'pandas']",0,1.4140166471114524
1207,ADVOCATE,2.0166176361978407,[],[],"['numpy', 'scikit-learn', 'sql', 'data analysis', 'nlp', 'git', 'tensorflow', 'machine learning', 'pytorch', 'data science', 'deep learning', 'data visualization', 'natural language processing', 'python', 'pandas']",0,1.4116323453384885
1208,ENGINEERING,2.0087657157264993,[],[],"['numpy', 'scikit-learn', 'sql', 'data analysis', 'nlp', 'git', 'tensorflow', 'machine learning', 'pytorch', 'data science', 'deep learning', 'data visualization', 'natural language processing', 'python', 'pandas']",0,1.4061360010085495
1209,FINANCE,2.008463169206772,[],[],"['numpy', 'scikit-learn', 'sql', 'data analysis', 'nlp', 'git', 'tensorflow', 'machine learning', 'pytorch', 'data science', 'deep learning', 'data visualization', 'natural language processing', 'python', 'pandas']",0,1.4059242184447402
1210,FITNESS,2.0064116561280785,[],[],"['numpy', 'scikit-learn', 'sql', 'data analysis', 'nlp', 'git', 'tensorflow', 'machine learning', 'pytorch', 'data science', 'deep learning', 'data visualization', 'natural language processing', 'python', 'pandas']",0,1.4044881592896548
1211,BUSINESS-DEVELOPMENT,1.9946444826261485,[],[],"['numpy', 'scikit-learn', 'sql', 'data analysis', 'nlp', 'git', 'tensorflow', 'machine learning', 'pytorch', 'data science', 'deep learning', 'data visualization', 'natural language processing', 'python', 'pandas']",0,1.3962511378383038
1212,ACCOUNTANT,1.9938144745084083,[],[],"['numpy', 'scikit-learn', 'sql', 'data analysis', 'nlp', 'git', 'tensorflow', 'machine learning', 'pytorch', 'data science', 'deep learning', 'data visualization', 'natural language processing', 'python', 'pandas']",0,1.3956701321558858
1213,ARTS,1.993086755008803,[],[],"['numpy', 'scikit-learn', 'sql', 'data analysis', 'nlp', 'git', 'tensorflow', 'machine learning', 'pytorch', 'data science', 'deep learning', 'data visualization', 'natural language processing', 'python', 'pandas']",0,1.395160728506162
1214,HR,1.9930397166234841,[],[],"['numpy', 'scikit-learn', 'sql', 'data analysis', 'nlp', 'git', 'tensorflow', 'machine learning', 'pytorch', 'data science', 'deep learning', 'data visualization', 'natural language processing', 'python', 'pandas']",0,1.3951278016364388
1215,TEACHER,1.992589342496284,[],[],"['numpy', 'scikit-learn', 'sql', 'data analysis', 'nlp', 'git', 'tensorflow', 'machine learning', 'pytorch', 'data science', 'deep learning', 'data visualization', 'natural language processing', 'python', 'pandas']",0,1.3948125397473987
1216,CHEF,1.9912920614114178,[],[],"['numpy', 'scikit-learn', 'sql', 'data analysis', 'nlp', 'git', 'tensorflow', 'machine learning', 'pytorch', 'data science', 'deep learning', 'data visualization', 'natural language processing', 'python', 'pandas']",0,1.3939044429879923
1217,ARTS,1.98669081780513,[],[],"['numpy', 'scikit-learn', 'sql', 'data analysis', 'nlp', 'git', 'tensorflow', 'machine learning', 'pytorch', 'data science', 'deep learning', 'data visualization', 'natural language processing', 'python', 'pandas']",0,1.3906835724635909
1218,CONSTRUCTION,1.9865126559136943,[],[],"['numpy', 'scikit-learn', 'sql', 'data analysis', 'nlp', 'git', 'tensorflow', 'machine learning', 'pytorch', 'data science', 'deep learning', 'data visualization', 'natural language processing', 'python', 'pandas']",0,1.3905588591395859
1219,SALES,1.9841136273050557,[],[],"['numpy', 'scikit-learn', 'sql', 'data analysis', 'nlp', 'git', 'tensorflow', 'machine learning', 'pytorch', 'data science', 'deep learning', 'data visualization', 'natural language processing', 'python', 'pandas']",0,1.388879539113539
1220,HR,1.979063033422178,[],[],"['numpy', 'scikit-learn', 'sql', 'data analysis', 'nlp', 'git', 'tensorflow', 'machine learning', 'pytorch', 'data science', 'deep learning', 'data visualization', 'natural language processing', 'python', 'pandas']",0,1.3853441233955244
1221,HR,1.977265255720468,[],[],"['numpy', 'scikit-learn', 'sql', 'data analysis', 'nlp', 'git', 'tensorflow', 'machine learning', 'pytorch', 'data science', 'deep learning', 'data visualization', 'natural language processing', 'python', 'pandas']",0,1.3840856790043274
1222,DIGITAL-MEDIA,1.9761567727786664,[],[],"['numpy', 'scikit-learn', 'sql', 'data analysis', 'nlp', 'git', 'tensorflow', 'machine learning', 'pytorch', 'data science', 'deep learning', 'data visualization', 'natural language processing', 'python', 'pandas']",0,1.3833097409450663
1223,ARTS,1.9755323245266,[],[],"['numpy', 'scikit-learn', 'sql', 'data analysis', 'nlp', 'git', 'tensorflow', 'machine learning', 'pytorch', 'data science', 'deep learning', 'data visualization', 'natural language processing', 'python', 'pandas']",0,1.38287262716862
1224,SALES,1.9740739254282054,[],[],"['numpy', 'scikit-learn', 'sql', 'data analysis', 'nlp', 'git', 'tensorflow', 'machine learning', 'pytorch', 'data science', 'deep learning', 'data visualization', 'natural language processing', 'python', 'pandas']",0,1.3818517477997436
1225,ARTS,1.9709657017314828,[],[],"['numpy', 'scikit-learn', 'sql', 'data analysis', 'nlp', 'git', 'tensorflow', 'machine learning', 'pytorch', 'data science', 'deep learning', 'data visualization', 'natural language processing', 'python', 'pandas']",0,1.3796759912120378
1226,ENGINEERING,1.968122415210612,[],[],"['numpy', 'scikit-learn', 'sql', 'data analysis', 'nlp', 'git', 'tensorflow', 'machine learning', 'pytorch', 'data science', 'deep learning', 'data visualization', 'natural language processing', 'python', 'pandas']",0,1.3776856906474284
1227,ACCOUNTANT,1.9677336891265749,[],[],"['numpy', 'scikit-learn', 'sql', 'data analysis', 'nlp', 'git', 'tensorflow', 'machine learning', 'pytorch', 'data science', 'deep learning', 'data visualization', 'natural language processing', 'python', 'pandas']",0,1.3774135823886022
1228,DESIGNER,1.9612518387121514,[],[],"['numpy', 'scikit-learn', 'sql', 'data analysis', 'nlp', 'git', 'tensorflow', 'machine learning', 'pytorch', 'data science', 'deep learning', 'data visualization', 'natural language processing', 'python', 'pandas']",0,1.3728762870985058
1229,ENGINEERING,1.960073273997814,[],[],"['numpy', 'scikit-learn', 'sql', 'data analysis', 'nlp', 'git', 'tensorflow', 'machine learning', 'pytorch', 'data science', 'deep learning', 'data visualization', 'natural language processing', 'python', 'pandas']",0,1.3720512917984697
1230,ARTS,1.9568776793018636,[],[],"['numpy', 'scikit-learn', 'sql', 'data analysis', 'nlp', 'git', 'tensorflow', 'machine learning', 'pytorch', 'data science', 'deep learning', 'data visualization', 'natural language processing', 'python', 'pandas']",0,1.3698143755113044
1231,APPAREL,1.955656307922074,[],[],"['numpy', 'scikit-learn', 'sql', 'data analysis', 'nlp', 'git', 'tensorflow', 'machine learning', 'pytorch', 'data science', 'deep learning', 'data visualization', 'natural language processing', 'python', 'pandas']",0,1.3689594155454516
1232,HR,1.9554903651418507,[],[],"['numpy', 'scikit-learn', 'sql', 'data analysis', 'nlp', 'git', 'tensorflow', 'machine learning', 'pytorch', 'data science', 'deep learning', 'data visualization', 'natural language processing', 'python', 'pandas']",0,1.3688432555992953
1233,HR,1.9551132971112477,[],[],"['numpy', 'scikit-learn', 'sql', 'data analysis', 'nlp', 'git', 'tensorflow', 'machine learning', 'pytorch', 'data science', 'deep learning', 'data visualization', 'natural language processing', 'python', 'pandas']",0,1.3685793079778734
1234,ACCOUNTANT,1.9550586574240292,[],[],"['numpy', 'scikit-learn', 'sql', 'data analysis', 'nlp', 'git', 'tensorflow', 'machine learning', 'pytorch', 'data science', 'deep learning', 'data visualization', 'natural language processing', 'python', 'pandas']",0,1.3685410601968204
1235,DESIGNER,1.954481808184426,[],[],"['numpy', 'scikit-learn', 'sql', 'data analysis', 'nlp', 'git', 'tensorflow', 'machine learning', 'pytorch', 'data science', 'deep learning', 'data visualization', 'natural language processing', 'python', 'pandas']",0,1.368137265729098
1236,ACCOUNTANT,1.9517965494199336,[],[],"['numpy', 'scikit-learn', 'sql', 'data analysis', 'nlp', 'git', 'tensorflow', 'machine learning', 'pytorch', 'data science', 'deep learning', 'data visualization', 'natural language processing', 'python', 'pandas']",0,1.3662575845939535
1237,DESIGNER,1.9512918700046629,[],[],"['numpy', 'scikit-learn', 'sql', 'data analysis', 'nlp', 'git', 'tensorflow', 'machine learning', 'pytorch', 'data science', 'deep learning', 'data visualization', 'natural language processing', 'python', 'pandas']",0,1.3659043090032639
1238,AVIATION,1.9502861324440137,[],[],"['numpy', 'scikit-learn', 'sql', 'data analysis', 'nlp', 'git', 'tensorflow', 'machine learning', 'pytorch', 'data science', 'deep learning', 'data visualization', 'natural language processing', 'python', 'pandas']",0,1.3652002927108096
1239,BANKING,1.9458513593343427,[],[],"['numpy', 'scikit-learn', 'sql', 'data analysis', 'nlp', 'git', 'tensorflow', 'machine learning', 'pytorch', 'data science', 'deep learning', 'data visualization', 'natural language processing', 'python', 'pandas']",0,1.3620959515340398
1240,ARTS,1.9435084246725438,[],[],"['numpy', 'scikit-learn', 'sql', 'data analysis', 'nlp', 'git', 'tensorflow', 'machine learning', 'pytorch', 'data science', 'deep learning', 'data visualization', 'natural language processing', 'python', 'pandas']",0,1.3604558972707805
1241,ARTS,1.943500978728915,[],[],"['numpy', 'scikit-learn', 'sql', 'data analysis', 'nlp', 'git', 'tensorflow', 'machine learning', 'pytorch', 'data science', 'deep learning', 'data visualization', 'natural language processing', 'python', 'pandas']",0,1.3604506851102405
1242,ENGINEERING,1.941493182859407,[],[],"['numpy', 'scikit-learn', 'sql', 'data analysis', 'nlp', 'git', 'tensorflow', 'machine learning', 'pytorch', 'data science', 'deep learning', 'data visualization', 'natural language processing', 'python', 'pandas']",0,1.3590452280015848
1243,HR,1.9364819266743112,[],[],"['numpy', 'scikit-learn', 'sql', 'data analysis', 'nlp', 'git', 'tensorflow', 'machine learning', 'pytorch', 'data science', 'deep learning', 'data visualization', 'natural language processing', 'python', 'pandas']",0,1.3555373486720177
1244,CONSULTANT,1.935300091563514,[],[],"['numpy', 'scikit-learn', 'sql', 'data analysis', 'nlp', 'git', 'tensorflow', 'machine learning', 'pytorch', 'data science', 'deep learning', 'data visualization', 'natural language processing', 'python', 'pandas']",0,1.3547100640944596
1245,FINANCE,1.9306906848034717,[],[],"['numpy', 'scikit-learn', 'sql', 'data analysis', 'nlp', 'git', 'tensorflow', 'machine learning', 'pytorch', 'data science', 'deep learning', 'data visualization', 'natural language processing', 'python', 'pandas']",0,1.3514834793624302
1246,BANKING,1.9294814173338892,[],[],"['numpy', 'scikit-learn', 'sql', 'data analysis', 'nlp', 'git', 'tensorflow', 'machine learning', 'pytorch', 'data science', 'deep learning', 'data visualization', 'natural language processing', 'python', 'pandas']",0,1.3506369921337225
1247,CONSULTANT,1.925921696223973,[],[],"['numpy', 'scikit-learn', 'sql', 'data analysis', 'nlp', 'git', 'tensorflow', 'machine learning', 'pytorch', 'data science', 'deep learning', 'data visualization', 'natural language processing', 'python', 'pandas']",0,1.348145187356781
1248,AVIATION,1.9250916447205442,[],[],"['numpy', 'scikit-learn', 'sql', 'data analysis', 'nlp', 'git', 'tensorflow', 'machine learning', 'pytorch', 'data science', 'deep learning', 'data visualization', 'natural language processing', 'python', 'pandas']",0,1.3475641513043808
1249,ENGINEERING,1.9229763605963783,[],[],"['numpy', 'scikit-learn', 'sql', 'data analysis', 'nlp', 'git', 'tensorflow', 'machine learning', 'pytorch', 'data science', 'deep learning', 'data visualization', 'natural language processing', 'python', 'pandas']",0,1.3460834524174647
1250,ENGINEERING,1.91726989343974,[],[],"['numpy', 'scikit-learn', 'sql', 'data analysis', 'nlp', 'git', 'tensorflow', 'machine learning', 'pytorch', 'data science', 'deep learning', 'data visualization', 'natural language processing', 'python', 'pandas']",0,1.3420889254078179
1251,CHEF,1.916995173982393,[],[],"['numpy', 'scikit-learn', 'sql', 'data analysis', 'nlp', 'git', 'tensorflow', 'machine learning', 'pytorch', 'data science', 'deep learning', 'data visualization', 'natural language processing', 'python', 'pandas']",0,1.3418966217876749
1252,BUSINESS-DEVELOPMENT,1.9146732790028371,[],[],"['numpy', 'scikit-learn', 'sql', 'data analysis', 'nlp', 'git', 'tensorflow', 'machine learning', 'pytorch', 'data science', 'deep learning', 'data visualization', 'natural language processing', 'python', 'pandas']",0,1.340271295301986
1253,CONSTRUCTION,1.9090552565620325,[],[],"['numpy', 'scikit-learn', 'sql', 'data analysis', 'nlp', 'git', 'tensorflow', 'machine learning', 'pytorch', 'data science', 'deep learning', 'data visualization', 'natural language processing', 'python', 'pandas']",0,1.3363386795934227
1254,TEACHER,1.9084895354359686,[],[],"['numpy', 'scikit-learn', 'sql', 'data analysis', 'nlp', 'git', 'tensorflow', 'machine learning', 'pytorch', 'data science', 'deep learning', 'data visualization', 'natural language processing', 'python', 'pandas']",0,1.335942674805178
1255,ACCOUNTANT,1.9055885738001628,[],[],"['numpy', 'scikit-learn', 'sql', 'data analysis', 'nlp', 'git', 'tensorflow', 'machine learning', 'pytorch', 'data science', 'deep learning', 'data visualization', 'natural language processing', 'python', 'pandas']",0,1.3339120016601138
1256,ADVOCATE,1.9053276746848726,[],[],"['numpy', 'scikit-learn', 'sql', 'data analysis', 'nlp', 'git', 'tensorflow', 'machine learning', 'pytorch', 'data science', 'deep learning', 'data visualization', 'natural language processing', 'python', 'pandas']",0,1.3337293722794108
1257,AVIATION,1.9040403927722056,[],[],"['numpy', 'scikit-learn', 'sql', 'data analysis', 'nlp', 'git', 'tensorflow', 'machine learning', 'pytorch', 'data science', 'deep learning', 'data visualization', 'natural language processing', 'python', 'pandas']",0,1.3328282749405438
1258,AGRICULTURE,1.900929915561103,[],[],"['numpy', 'scikit-learn', 'sql', 'data analysis', 'nlp', 'git', 'tensorflow', 'machine learning', 'pytorch', 'data science', 'deep learning', 'data visualization', 'natural language processing', 'python', 'pandas']",0,1.330650940892772
1259,FINANCE,1.8964274191647295,[],[],"['numpy', 'scikit-learn', 'sql', 'data analysis', 'nlp', 'git', 'tensorflow', 'machine learning', 'pytorch', 'data science', 'deep learning', 'data visualization', 'natural language processing', 'python', 'pandas']",0,1.3274991934153106
1260,CHEF,1.8838049940647428,[],[],"['numpy', 'scikit-learn', 'sql', 'data analysis', 'nlp', 'git', 'tensorflow', 'machine learning', 'pytorch', 'data science', 'deep learning', 'data visualization', 'natural language processing', 'python', 'pandas']",0,1.3186634958453198
1261,BUSINESS-DEVELOPMENT,1.8776629545602304,[],[],"['numpy', 'scikit-learn', 'sql', 'data analysis', 'nlp', 'git', 'tensorflow', 'machine learning', 'pytorch', 'data science', 'deep learning', 'data visualization', 'natural language processing', 'python', 'pandas']",0,1.3143640681921611
1262,ACCOUNTANT,1.872036102290268,[],[],"['numpy', 'scikit-learn', 'sql', 'data analysis', 'nlp', 'git', 'tensorflow', 'machine learning', 'pytorch', 'data science', 'deep learning', 'data visualization', 'natural language processing', 'python', 'pandas']",0,1.3104252716031877
1263,HEALTHCARE,1.8664689035750037,[],[],"['numpy', 'scikit-learn', 'sql', 'data analysis', 'nlp', 'git', 'tensorflow', 'machine learning', 'pytorch', 'data science', 'deep learning', 'data visualization', 'natural language processing', 'python', 'pandas']",0,1.3065282325025025
1264,AGRICULTURE,1.8638290973461666,[],[],"['numpy', 'scikit-learn', 'sql', 'data analysis', 'nlp', 'git', 'tensorflow', 'machine learning', 'pytorch', 'data science', 'deep learning', 'data visualization', 'natural language processing', 'python', 'pandas']",0,1.3046803681423165
1265,INFORMATION-TECHNOLOGY,1.8631183380853251,[],[],"['numpy', 'scikit-learn', 'sql', 'data analysis', 'nlp', 'git', 'tensorflow', 'machine learning', 'pytorch', 'data science', 'deep learning', 'data visualization', 'natural language processing', 'python', 'pandas']",0,1.3041828366597275
1266,ADVOCATE,1.8622110935229832,[],[],"['numpy', 'scikit-learn', 'sql', 'data analysis', 'nlp', 'git', 'tensorflow', 'machine learning', 'pytorch', 'data science', 'deep learning', 'data visualization', 'natural language processing', 'python', 'pandas']",0,1.303547765466088
1267,FITNESS,1.8584789085656725,[],[],"['numpy', 'scikit-learn', 'sql', 'data analysis', 'nlp', 'git', 'tensorflow', 'machine learning', 'pytorch', 'data science', 'deep learning', 'data visualization', 'natural language processing', 'python', 'pandas']",0,1.3009352359959707
1268,SALES,1.858136214942746,[],[],"['numpy', 'scikit-learn', 'sql', 'data analysis', 'nlp', 'git', 'tensorflow', 'machine learning', 'pytorch', 'data science', 'deep learning', 'data visualization', 'natural language processing', 'python', 'pandas']",0,1.3006953504599221
1269,FITNESS,1.8545300509292575,[],[],"['numpy', 'scikit-learn', 'sql', 'data analysis', 'nlp', 'git', 'tensorflow', 'machine learning', 'pytorch', 'data science', 'deep learning', 'data visualization', 'natural language processing', 'python', 'pandas']",0,1.29817103565048
1270,AVIATION,1.8537636806270505,[],[],"['numpy', 'scikit-learn', 'sql', 'data analysis', 'nlp', 'git', 'tensorflow', 'machine learning', 'pytorch', 'data science', 'deep learning', 'data visualization', 'natural language processing', 'python', 'pandas']",0,1.2976345764389352
1271,SALES,1.8537554353333243,[],[],"['numpy', 'scikit-learn', 'sql', 'data analysis', 'nlp', 'git', 'tensorflow', 'machine learning', 'pytorch', 'data science', 'deep learning', 'data visualization', 'natural language processing', 'python', 'pandas']",0,1.2976288047333269
1272,ENGINEERING,1.852613373618706,[],[],"['numpy', 'scikit-learn', 'sql', 'data analysis', 'nlp', 'git', 'tensorflow', 'machine learning', 'pytorch', 'data science', 'deep learning', 'data visualization', 'natural language processing', 'python', 'pandas']",0,1.2968293615330941
1273,HR,1.8514378864762566,[],[],"['numpy', 'scikit-learn', 'sql', 'data analysis', 'nlp', 'git', 'tensorflow', 'machine learning', 'pytorch', 'data science', 'deep learning', 'data visualization', 'natural language processing', 'python', 'pandas']",0,1.2960065205333795
1274,APPAREL,1.8485823684532035,[],[],"['numpy', 'scikit-learn', 'sql', 'data analysis', 'nlp', 'git', 'tensorflow', 'machine learning', 'pytorch', 'data science', 'deep learning', 'data visualization', 'natural language processing', 'python', 'pandas']",0,1.2940076579172424
1275,SALES,1.8471982680376315,[],[],"['numpy', 'scikit-learn', 'sql', 'data analysis', 'nlp', 'git', 'tensorflow', 'machine learning', 'pytorch', 'data science', 'deep learning', 'data visualization', 'natural language processing', 'python', 'pandas']",0,1.293038787626342
1276,AVIATION,1.8436057044370204,[],[],"['numpy', 'scikit-learn', 'sql', 'data analysis', 'nlp', 'git', 'tensorflow', 'machine learning', 'pytorch', 'data science', 'deep learning', 'data visualization', 'natural language processing', 'python', 'pandas']",0,1.2905239931059143
1277,BANKING,1.8429675710292155,[],[],"['numpy', 'scikit-learn', 'sql', 'data analysis', 'nlp', 'git', 'tensorflow', 'machine learning', 'pytorch', 'data science', 'deep learning', 'data visualization', 'natural language processing', 'python', 'pandas']",0,1.2900772997204508
1278,BPO,1.8413592619181345,[],[],"['numpy', 'scikit-learn', 'sql', 'data analysis', 'nlp', 'git', 'tensorflow', 'machine learning', 'pytorch', 'data science', 'deep learning', 'data visualization', 'natural language processing', 'python', 'pandas']",0,1.288951483342694
1279,CHEF,1.8363083659597976,[],[],"['numpy', 'scikit-learn', 'sql', 'data analysis', 'nlp', 'git', 'tensorflow', 'machine learning', 'pytorch', 'data science', 'deep learning', 'data visualization', 'natural language processing', 'python', 'pandas']",0,1.2854158561718583
1280,AGRICULTURE,1.8335462748487095,[],[],"['numpy', 'scikit-learn', 'sql', 'data analysis', 'nlp', 'git', 'tensorflow', 'machine learning', 'pytorch', 'data science', 'deep learning', 'data visualization', 'natural language processing', 'python', 'pandas']",0,1.2834823923940966
1281,HEALTHCARE,1.8321520641002336,[],[],"['numpy', 'scikit-learn', 'sql', 'data analysis', 'nlp', 'git', 'tensorflow', 'machine learning', 'pytorch', 'data science', 'deep learning', 'data visualization', 'natural language processing', 'python', 'pandas']",0,1.2825064448701635
1282,SALES,1.8288089202772684,[],[],"['numpy', 'scikit-learn', 'sql', 'data analysis', 'nlp', 'git', 'tensorflow', 'machine learning', 'pytorch', 'data science', 'deep learning', 'data visualization', 'natural language processing', 'python', 'pandas']",0,1.2801662441940878
1283,BUSINESS-DEVELOPMENT,1.8264955764524842,[],[],"['numpy', 'scikit-learn', 'sql', 'data analysis', 'nlp', 'git', 'tensorflow', 'machine learning', 'pytorch', 'data science', 'deep learning', 'data visualization', 'natural language processing', 'python', 'pandas']",0,1.278546903516739
1284,ADVOCATE,1.825912259236394,[],[],"['numpy', 'scikit-learn', 'sql', 'data analysis', 'nlp', 'git', 'tensorflow', 'machine learning', 'pytorch', 'data science', 'deep learning', 'data visualization', 'natural language processing', 'python', 'pandas']",0,1.2781385814654758
1285,ENGINEERING,1.8245083390911867,[],[],"['numpy', 'scikit-learn', 'sql', 'data analysis', 'nlp', 'git', 'tensorflow', 'machine learning', 'pytorch', 'data science', 'deep learning', 'data visualization', 'natural language processing', 'python', 'pandas']",0,1.2771558373638305
1286,ADVOCATE,1.8224065811882337,[],[],"['numpy', 'scikit-learn', 'sql', 'data analysis', 'nlp', 'git', 'tensorflow', 'machine learning', 'pytorch', 'data science', 'deep learning', 'data visualization', 'natural language processing', 'python', 'pandas']",0,1.2756846068317635
1287,ACCOUNTANT,1.8193060407350212,[],[],"['numpy', 'scikit-learn', 'sql', 'data analysis', 'nlp', 'git', 'tensorflow', 'machine learning', 'pytorch', 'data science', 'deep learning', 'data visualization', 'natural language processing', 'python', 'pandas']",0,1.2735142285145147
1288,INFORMATION-TECHNOLOGY,1.8190669901225598,[],[],"['numpy', 'scikit-learn', 'sql', 'data analysis', 'nlp', 'git', 'tensorflow', 'machine learning', 'pytorch', 'data science', 'deep learning', 'data visualization', 'natural language processing', 'python', 'pandas']",0,1.2733468930857919
1289,HR,1.8176323794036244,[],[],"['numpy', 'scikit-learn', 'sql', 'data analysis', 'nlp', 'git', 'tensorflow', 'machine learning', 'pytorch', 'data science', 'deep learning', 'data visualization', 'natural language processing', 'python', 'pandas']",0,1.272342665582537
1290,ACCOUNTANT,1.8160003267875258,[],[],"['numpy', 'scikit-learn', 'sql', 'data analysis', 'nlp', 'git', 'tensorflow', 'machine learning', 'pytorch', 'data science', 'deep learning', 'data visualization', 'natural language processing', 'python', 'pandas']",0,1.271200228751268
1291,CHEF,1.8156366600911578,[],[],"['numpy', 'scikit-learn', 'sql', 'data analysis', 'nlp', 'git', 'tensorflow', 'machine learning', 'pytorch', 'data science', 'deep learning', 'data visualization', 'natural language processing', 'python', 'pandas']",0,1.2709456620638104
1292,FINANCE,1.8153441649120206,[],[],"['numpy', 'scikit-learn', 'sql', 'data analysis', 'nlp', 'git', 'tensorflow', 'machine learning', 'pytorch', 'data science', 'deep learning', 'data visualization', 'natural language processing', 'python', 'pandas']",0,1.2707409154384144
1293,FINANCE,1.8133473164178806,[],[],"['numpy', 'scikit-learn', 'sql', 'data analysis', 'nlp', 'git', 'tensorflow', 'machine learning', 'pytorch', 'data science', 'deep learning', 'data visualization', 'natural language processing', 'python', 'pandas']",0,1.2693431214925164
1294,DESIGNER,1.8100426980450013,[],[],"['numpy', 'scikit-learn', 'sql', 'data analysis', 'nlp', 'git', 'tensorflow', 'machine learning', 'pytorch', 'data science', 'deep learning', 'data visualization', 'natural language processing', 'python', 'pandas']",0,1.2670298886315008
1295,FITNESS,1.8059242809903766,[],[],"['numpy', 'scikit-learn', 'sql', 'data analysis', 'nlp', 'git', 'tensorflow', 'machine learning', 'pytorch', 'data science', 'deep learning', 'data visualization', 'natural language processing', 'python', 'pandas']",0,1.2641469966932635
1296,CHEF,1.8044386709144968,[],[],"['numpy', 'scikit-learn', 'sql', 'data analysis', 'nlp', 'git', 'tensorflow', 'machine learning', 'pytorch', 'data science', 'deep learning', 'data visualization', 'natural language processing', 'python', 'pandas']",0,1.2631070696401476
1297,HEALTHCARE,1.803591876446648,[],[],"['numpy', 'scikit-learn', 'sql', 'data analysis', 'nlp', 'git', 'tensorflow', 'machine learning', 'pytorch', 'data science', 'deep learning', 'data visualization', 'natural language processing', 'python', 'pandas']",0,1.2625143135126535
1298,CONSTRUCTION,1.800494621817212,[],[],"['numpy', 'scikit-learn', 'sql', 'data analysis', 'nlp', 'git', 'tensorflow', 'machine learning', 'pytorch', 'data science', 'deep learning', 'data visualization', 'natural language processing', 'python', 'pandas']",0,1.2603462352720483
1299,HEALTHCARE,1.7988886688626127,[],[],"['numpy', 'scikit-learn', 'sql', 'data analysis', 'nlp', 'git', 'tensorflow', 'machine learning', 'pytorch', 'data science', 'deep learning', 'data visualization', 'natural language processing', 'python', 'pandas']",0,1.2592220682038289
1300,BPO,1.7981741716780106,[],[],"['numpy', 'scikit-learn', 'sql', 'data analysis', 'nlp', 'git', 'tensorflow', 'machine learning', 'pytorch', 'data science', 'deep learning', 'data visualization', 'natural language processing', 'python', 'pandas']",0,1.2587219201746074
1301,HR,1.7981516034848974,[],[],"['numpy', 'scikit-learn', 'sql', 'data analysis', 'nlp', 'git', 'tensorflow', 'machine learning', 'pytorch', 'data science', 'deep learning', 'data visualization', 'natural language processing', 'python', 'pandas']",0,1.258706122439428
1302,BANKING,1.7958268023894899,[],[],"['numpy', 'scikit-learn', 'sql', 'data analysis', 'nlp', 'git', 'tensorflow', 'machine learning', 'pytorch', 'data science', 'deep learning', 'data visualization', 'natural language processing', 'python', 'pandas']",0,1.2570787616726429
1303,SALES,1.795588876985341,[],[],"['numpy', 'scikit-learn', 'sql', 'data analysis', 'nlp', 'git', 'tensorflow', 'machine learning', 'pytorch', 'data science', 'deep learning', 'data visualization', 'natural language processing', 'python', 'pandas']",0,1.2569122138897386
1304,ENGINEERING,1.7954625532063995,[],[],"['numpy', 'scikit-learn', 'sql', 'data analysis', 'nlp', 'git', 'tensorflow', 'machine learning', 'pytorch', 'data science', 'deep learning', 'data visualization', 'natural language processing', 'python', 'pandas']",0,1.2568237872444796
1305,ACCOUNTANT,1.7938204998666079,[],[],"['numpy', 'scikit-learn', 'sql', 'data analysis', 'nlp', 'git', 'tensorflow', 'machine learning', 'pytorch', 'data science', 'deep learning', 'data visualization', 'natural language processing', 'python', 'pandas']",0,1.2556743499066254
1306,BANKING,1.7936798812534613,[],[],"['numpy', 'scikit-learn', 'sql', 'data analysis', 'nlp', 'git', 'tensorflow', 'machine learning', 'pytorch', 'data science', 'deep learning', 'data visualization', 'natural language processing', 'python', 'pandas']",0,1.2555759168774228
1307,PUBLIC-RELATIONS,1.7914532933801333,[],[],"['numpy', 'scikit-learn', 'sql', 'data analysis', 'nlp', 'git', 'tensorflow', 'machine learning', 'pytorch', 'data science', 'deep learning', 'data visualization', 'natural language processing', 'python', 'pandas']",0,1.2540173053660932
1308,DESIGNER,1.7871443134168872,[],[],"['numpy', 'scikit-learn', 'sql', 'data analysis', 'nlp', 'git', 'tensorflow', 'machine learning', 'pytorch', 'data science', 'deep learning', 'data visualization', 'natural language processing', 'python', 'pandas']",0,1.2510010193918208
1309,APPAREL,1.7868925459247886,[],[],"['numpy', 'scikit-learn', 'sql', 'data analysis', 'nlp', 'git', 'tensorflow', 'machine learning', 'pytorch', 'data science', 'deep learning', 'data visualization', 'natural language processing', 'python', 'pandas']",0,1.250824782147352
1310,DESIGNER,1.7797678060528521,[],[],"['numpy', 'scikit-learn', 'sql', 'data analysis', 'nlp', 'git', 'tensorflow', 'machine learning', 'pytorch', 'data science', 'deep learning', 'data visualization', 'natural language processing', 'python', 'pandas']",0,1.2458374642369965
1311,CONSULTANT,1.775441172449382,[],[],"['numpy', 'scikit-learn', 'sql', 'data analysis', 'nlp', 'git', 'tensorflow', 'machine learning', 'pytorch', 'data science', 'deep learning', 'data visualization', 'natural language processing', 'python', 'pandas']",0,1.2428088207145673
1312,APPAREL,1.7733518695540507,[],[],"['numpy', 'scikit-learn', 'sql', 'data analysis', 'nlp', 'git', 'tensorflow', 'machine learning', 'pytorch', 'data science', 'deep learning', 'data visualization', 'natural language processing', 'python', 'pandas']",0,1.2413463086878354
1313,ARTS,1.7719503759752488,[],[],"['numpy', 'scikit-learn', 'sql', 'data analysis', 'nlp', 'git', 'tensorflow', 'machine learning', 'pytorch', 'data science', 'deep learning', 'data visualization', 'natural language processing', 'python', 'pandas']",0,1.240365263182674
1314,APPAREL,1.7705919270748154,[],[],"['numpy', 'scikit-learn', 'sql', 'data analysis', 'nlp', 'git', 'tensorflow', 'machine learning', 'pytorch', 'data science', 'deep learning', 'data visualization', 'natural language processing', 'python', 'pandas']",0,1.2394143489523708
1315,AVIATION,1.7676519185539636,[],[],"['numpy', 'scikit-learn', 'sql', 'data analysis', 'nlp', 'git', 'tensorflow', 'machine learning', 'pytorch', 'data science', 'deep learning', 'data visualization', 'natural language processing', 'python', 'pandas']",0,1.2373563429877745
1316,ADVOCATE,1.7661861144725188,[],[],"['numpy', 'scikit-learn', 'sql', 'data analysis', 'nlp', 'git', 'tensorflow', 'machine learning', 'pytorch', 'data science', 'deep learning', 'data visualization', 'natural language processing', 'python', 'pandas']",0,1.2363302801307632
1317,CONSTRUCTION,1.7642805964123192,[],[],"['numpy', 'scikit-learn', 'sql', 'data analysis', 'nlp', 'git', 'tensorflow', 'machine learning', 'pytorch', 'data science', 'deep learning', 'data visualization', 'natural language processing', 'python', 'pandas']",0,1.2349964174886234
1318,FITNESS,1.7627297244610503,[],[],"['numpy', 'scikit-learn', 'sql', 'data analysis', 'nlp', 'git', 'tensorflow', 'machine learning', 'pytorch', 'data science', 'deep learning', 'data visualization', 'natural language processing', 'python', 'pandas']",0,1.2339108071227352
1319,APPAREL,1.7609951318656218,[],[],"['numpy', 'scikit-learn', 'sql', 'data analysis', 'nlp', 'git', 'tensorflow', 'machine learning', 'pytorch', 'data science', 'deep learning', 'data visualization', 'natural language processing', 'python', 'pandas']",0,1.2326965923059352
1320,CHEF,1.7590192651324883,[],[],"['numpy', 'scikit-learn', 'sql', 'data analysis', 'nlp', 'git', 'tensorflow', 'machine learning', 'pytorch', 'data science', 'deep learning', 'data visualization', 'natural language processing', 'python', 'pandas']",0,1.2313134855927417
1321,FINANCE,1.7565723303632808,[],[],"['numpy', 'scikit-learn', 'sql', 'data analysis', 'nlp', 'git', 'tensorflow', 'machine learning', 'pytorch', 'data science', 'deep learning', 'data visualization', 'natural language processing', 'python', 'pandas']",0,1.2296006312542964
1322,CONSULTANT,1.7550037077558847,[],[],"['numpy', 'scikit-learn', 'sql', 'data analysis', 'nlp', 'git', 'tensorflow', 'machine learning', 'pytorch', 'data science', 'deep learning', 'data visualization', 'natural language processing', 'python', 'pandas']",0,1.228502595429119
1323,AUTOMOBILE,1.7540619368609764,[],[],"['numpy', 'scikit-learn', 'sql', 'data analysis', 'nlp', 'git', 'tensorflow', 'machine learning', 'pytorch', 'data science', 'deep learning', 'data visualization', 'natural language processing', 'python', 'pandas']",0,1.2278433558026833
1324,AVIATION,1.7528128994746126,[],[],"['numpy', 'scikit-learn', 'sql', 'data analysis', 'nlp', 'git', 'tensorflow', 'machine learning', 'pytorch', 'data science', 'deep learning', 'data visualization', 'natural language processing', 'python', 'pandas']",0,1.2269690296322286
1325,AVIATION,1.7507810577421807,[],[],"['numpy', 'scikit-learn', 'sql', 'data analysis', 'nlp', 'git', 'tensorflow', 'machine learning', 'pytorch', 'data science', 'deep learning', 'data visualization', 'natural language processing', 'python', 'pandas']",0,1.2255467404195264
1326,CONSTRUCTION,1.7499476971363583,[],[],"['numpy', 'scikit-learn', 'sql', 'data analysis', 'nlp', 'git', 'tensorflow', 'machine learning', 'pytorch', 'data science', 'deep learning', 'data visualization', 'natural language processing', 'python', 'pandas']",0,1.2249633879954507
1327,ADVOCATE,1.746937994081537,[],[],"['numpy', 'scikit-learn', 'sql', 'data analysis', 'nlp', 'git', 'tensorflow', 'machine learning', 'pytorch', 'data science', 'deep learning', 'data visualization', 'natural language processing', 'python', 'pandas']",0,1.2228565958570758
1328,AGRICULTURE,1.741238335084097,[],[],"['numpy', 'scikit-learn', 'sql', 'data analysis', 'nlp', 'git', 'tensorflow', 'machine learning', 'pytorch', 'data science', 'deep learning', 'data visualization', 'natural language processing', 'python', 'pandas']",0,1.2188668345588678
1329,TEACHER,1.7404534729903327,[],[],"['numpy', 'scikit-learn', 'sql', 'data analysis', 'nlp', 'git', 'tensorflow', 'machine learning', 'pytorch', 'data science', 'deep learning', 'data visualization', 'natural language processing', 'python', 'pandas']",0,1.2183174310932328
1330,ACCOUNTANT,1.7397900722556783,[],[],"['numpy', 'scikit-learn', 'sql', 'data analysis', 'nlp', 'git', 'tensorflow', 'machine learning', 'pytorch', 'data science', 'deep learning', 'data visualization', 'natural language processing', 'python', 'pandas']",0,1.2178530505789746
1331,CONSULTANT,1.7397880542116724,[],[],"['numpy', 'scikit-learn', 'sql', 'data analysis', 'nlp', 'git', 'tensorflow', 'machine learning', 'pytorch', 'data science', 'deep learning', 'data visualization', 'natural language processing', 'python', 'pandas']",0,1.2178516379481705
1332,ADVOCATE,1.736750011693527,[],[],"['numpy', 'scikit-learn', 'sql', 'data analysis', 'nlp', 'git', 'tensorflow', 'machine learning', 'pytorch', 'data science', 'deep learning', 'data visualization', 'natural language processing', 'python', 'pandas']",0,1.215725008185469
1333,AUTOMOBILE,1.7361419445266233,[],[],"['numpy', 'scikit-learn', 'sql', 'data analysis', 'nlp', 'git', 'tensorflow', 'machine learning', 'pytorch', 'data science', 'deep learning', 'data visualization', 'natural language processing', 'python', 'pandas']",0,1.2152993611686362
1334,BUSINESS-DEVELOPMENT,1.7356205084715848,[],[],"['numpy', 'scikit-learn', 'sql', 'data analysis', 'nlp', 'git', 'tensorflow', 'machine learning', 'pytorch', 'data science', 'deep learning', 'data visualization', 'natural language processing', 'python', 'pandas']",0,1.2149343559301093
1335,BUSINESS-DEVELOPMENT,1.733083883184166,[],[],"['numpy', 'scikit-learn', 'sql', 'data analysis', 'nlp', 'git', 'tensorflow', 'machine learning', 'pytorch', 'data science', 'deep learning', 'data visualization', 'natural language processing', 'python', 'pandas']",0,1.213158718228916
1336,ADVOCATE,1.7329073844607579,[],[],"['numpy', 'scikit-learn', 'sql', 'data analysis', 'nlp', 'git', 'tensorflow', 'machine learning', 'pytorch', 'data science', 'deep learning', 'data visualization', 'natural language processing', 'python', 'pandas']",0,1.2130351691225305
1337,HR,1.7309525188989454,[],[],"['numpy', 'scikit-learn', 'sql', 'data analysis', 'nlp', 'git', 'tensorflow', 'machine learning', 'pytorch', 'data science', 'deep learning', 'data visualization', 'natural language processing', 'python', 'pandas']",0,1.2116667632292617
1338,FINANCE,1.730890167151896,[],[],"['numpy', 'scikit-learn', 'sql', 'data analysis', 'nlp', 'git', 'tensorflow', 'machine learning', 'pytorch', 'data science', 'deep learning', 'data visualization', 'natural language processing', 'python', 'pandas']",0,1.211623117006327
1339,PUBLIC-RELATIONS,1.7292882717206521,[],[],"['numpy', 'scikit-learn', 'sql', 'data analysis', 'nlp', 'git', 'tensorflow', 'machine learning', 'pytorch', 'data science', 'deep learning', 'data visualization', 'natural language processing', 'python', 'pandas']",0,1.2105017902044564
1340,SALES,1.7289681964265808,[],[],"['numpy', 'scikit-learn', 'sql', 'data analysis', 'nlp', 'git', 'tensorflow', 'machine learning', 'pytorch', 'data science', 'deep learning', 'data visualization', 'natural language processing', 'python', 'pandas']",0,1.2102777374986065
1341,ENGINEERING,1.7277811757724348,[],[],"['numpy', 'scikit-learn', 'sql', 'data analysis', 'nlp', 'git', 'tensorflow', 'machine learning', 'pytorch', 'data science', 'deep learning', 'data visualization', 'natural language processing', 'python', 'pandas']",0,1.2094468230407043
1342,ENGINEERING,1.7246991347441498,[],[],"['numpy', 'scikit-learn', 'sql', 'data analysis', 'nlp', 'git', 'tensorflow', 'machine learning', 'pytorch', 'data science', 'deep learning', 'data visualization', 'natural language processing', 'python', 'pandas']",0,1.2072893943209049
1343,CONSULTANT,1.7201630151264116,[],[],"['numpy', 'scikit-learn', 'sql', 'data analysis', 'nlp', 'git', 'tensorflow', 'machine learning', 'pytorch', 'data science', 'deep learning', 'data visualization', 'natural language processing', 'python', 'pandas']",0,1.204114110588488
1344,FINANCE,1.718195865729432,[],[],"['numpy', 'scikit-learn', 'sql', 'data analysis', 'nlp', 'git', 'tensorflow', 'machine learning', 'pytorch', 'data science', 'deep learning', 'data visualization', 'natural language processing', 'python', 'pandas']",0,1.2027371060106025
1345,FITNESS,1.7172364946074035,[],[],"['numpy', 'scikit-learn', 'sql', 'data analysis', 'nlp', 'git', 'tensorflow', 'machine learning', 'pytorch', 'data science', 'deep learning', 'data visualization', 'natural language processing', 'python', 'pandas']",0,1.2020655462251824
1346,INFORMATION-TECHNOLOGY,1.7151685190375825,[],[],"['numpy', 'scikit-learn', 'sql', 'data analysis', 'nlp', 'git', 'tensorflow', 'machine learning', 'pytorch', 'data science', 'deep learning', 'data visualization', 'natural language processing', 'python', 'pandas']",0,1.2006179633263077
1347,FINANCE,1.7146721031278926,[],[],"['numpy', 'scikit-learn', 'sql', 'data analysis', 'nlp', 'git', 'tensorflow', 'machine learning', 'pytorch', 'data science', 'deep learning', 'data visualization', 'natural language processing', 'python', 'pandas']",0,1.2002704721895248
1348,AGRICULTURE,1.7141857232506823,[],[],"['numpy', 'scikit-learn', 'sql', 'data analysis', 'nlp', 'git', 'tensorflow', 'machine learning', 'pytorch', 'data science', 'deep learning', 'data visualization', 'natural language processing', 'python', 'pandas']",0,1.1999300062754776
1349,AGRICULTURE,1.713429059127599,[],[],"['numpy', 'scikit-learn', 'sql', 'data analysis', 'nlp', 'git', 'tensorflow', 'machine learning', 'pytorch', 'data science', 'deep learning', 'data visualization', 'natural language processing', 'python', 'pandas']",0,1.199400341389319
1350,CONSTRUCTION,1.7094205267713478,[],[],"['numpy', 'scikit-learn', 'sql', 'data analysis', 'nlp', 'git', 'tensorflow', 'machine learning', 'pytorch', 'data science', 'deep learning', 'data visualization', 'natural language processing', 'python', 'pandas']",0,1.1965943687399434
1351,AUTOMOBILE,1.708395788151139,[],[],"['numpy', 'scikit-learn', 'sql', 'data analysis', 'nlp', 'git', 'tensorflow', 'machine learning', 'pytorch', 'data science', 'deep learning', 'data visualization', 'natural language processing', 'python', 'pandas']",0,1.195877051705797
1352,FINANCE,1.7062696770704755,[],[],"['numpy', 'scikit-learn', 'sql', 'data analysis', 'nlp', 'git', 'tensorflow', 'machine learning', 'pytorch', 'data science', 'deep learning', 'data visualization', 'natural language processing', 'python', 'pandas']",0,1.1943887739493328
1353,AUTOMOBILE,1.705150716668355,[],[],"['numpy', 'scikit-learn', 'sql', 'data analysis', 'nlp', 'git', 'tensorflow', 'machine learning', 'pytorch', 'data science', 'deep learning', 'data visualization', 'natural language processing', 'python', 'pandas']",0,1.1936055016678484
1354,TEACHER,1.7049886630985267,[],[],"['numpy', 'scikit-learn', 'sql', 'data analysis', 'nlp', 'git', 'tensorflow', 'machine learning', 'pytorch', 'data science', 'deep learning', 'data visualization', 'natural language processing', 'python', 'pandas']",0,1.1934920641689686
1355,CONSTRUCTION,1.7044557111339884,[],[],"['numpy', 'scikit-learn', 'sql', 'data analysis', 'nlp', 'git', 'tensorflow', 'machine learning', 'pytorch', 'data science', 'deep learning', 'data visualization', 'natural language processing', 'python', 'pandas']",0,1.1931189977937917
1356,CHEF,1.7037151094706569,[],[],"['numpy', 'scikit-learn', 'sql', 'data analysis', 'nlp', 'git', 'tensorflow', 'machine learning', 'pytorch', 'data science', 'deep learning', 'data visualization', 'natural language processing', 'python', 'pandas']",0,1.1926005766294596
1357,ENGINEERING,1.7013922247034658,[],[],"['numpy', 'scikit-learn', 'sql', 'data analysis', 'nlp', 'git', 'tensorflow', 'machine learning', 'pytorch', 'data science', 'deep learning', 'data visualization', 'natural language processing', 'python', 'pandas']",0,1.190974557292426
1358,BANKING,1.7004386853338709,[],[],"['numpy', 'scikit-learn', 'sql', 'data analysis', 'nlp', 'git', 'tensorflow', 'machine learning', 'pytorch', 'data science', 'deep learning', 'data visualization', 'natural language processing', 'python', 'pandas']",0,1.1903070797337096
1359,ACCOUNTANT,1.6999542139776274,[],[],"['numpy', 'scikit-learn', 'sql', 'data analysis', 'nlp', 'git', 'tensorflow', 'machine learning', 'pytorch', 'data science', 'deep learning', 'data visualization', 'natural language processing', 'python', 'pandas']",0,1.1899679497843392
1360,FINANCE,1.6997365044807269,[],[],"['numpy', 'scikit-learn', 'sql', 'data analysis', 'nlp', 'git', 'tensorflow', 'machine learning', 'pytorch', 'data science', 'deep learning', 'data visualization', 'natural language processing', 'python', 'pandas']",0,1.1898155531365087
1361,DESIGNER,1.6995156748011622,[],[],"['numpy', 'scikit-learn', 'sql', 'data analysis', 'nlp', 'git', 'tensorflow', 'machine learning', 'pytorch', 'data science', 'deep learning', 'data visualization', 'natural language processing', 'python', 'pandas']",0,1.1896609723608134
1362,DESIGNER,1.6990104561310406,[],[],"['numpy', 'scikit-learn', 'sql', 'data analysis', 'nlp', 'git', 'tensorflow', 'machine learning', 'pytorch', 'data science', 'deep learning', 'data visualization', 'natural language processing', 'python', 'pandas']",0,1.1893073192917283
1363,PUBLIC-RELATIONS,1.6976369095324022,[],[],"['numpy', 'scikit-learn', 'sql', 'data analysis', 'nlp', 'git', 'tensorflow', 'machine learning', 'pytorch', 'data science', 'deep learning', 'data visualization', 'natural language processing', 'python', 'pandas']",0,1.1883458366726816
1364,ENGINEERING,1.6929943056279224,[],[],"['numpy', 'scikit-learn', 'sql', 'data analysis', 'nlp', 'git', 'tensorflow', 'machine learning', 'pytorch', 'data science', 'deep learning', 'data visualization', 'natural language processing', 'python', 'pandas']",0,1.1850960139395457
1365,HR,1.6868035623199944,[],[],"['numpy', 'scikit-learn', 'sql', 'data analysis', 'nlp', 'git', 'tensorflow', 'machine learning', 'pytorch', 'data science', 'deep learning', 'data visualization', 'natural language processing', 'python', 'pandas']",0,1.180762493623996
1366,CONSTRUCTION,1.684331838526555,[],[],"['numpy', 'scikit-learn', 'sql', 'data analysis', 'nlp', 'git', 'tensorflow', 'machine learning', 'pytorch', 'data science', 'deep learning', 'data visualization', 'natural language processing', 'python', 'pandas']",0,1.1790322869685885
1367,AVIATION,1.6841047196422896,[],[],"['numpy', 'scikit-learn', 'sql', 'data analysis', 'nlp', 'git', 'tensorflow', 'machine learning', 'pytorch', 'data science', 'deep learning', 'data visualization', 'natural language processing', 'python', 'pandas']",0,1.1788733037496026
1368,AVIATION,1.6841047196422896,[],[],"['numpy', 'scikit-learn', 'sql', 'data analysis', 'nlp', 'git', 'tensorflow', 'machine learning', 'pytorch', 'data science', 'deep learning', 'data visualization', 'natural language processing', 'python', 'pandas']",0,1.1788733037496026
1369,SALES,1.683315267989195,[],[],"['numpy', 'scikit-learn', 'sql', 'data analysis', 'nlp', 'git', 'tensorflow', 'machine learning', 'pytorch', 'data science', 'deep learning', 'data visualization', 'natural language processing', 'python', 'pandas']",0,1.1783206875924364
1370,CONSTRUCTION,1.6818035283459445,[],[],"['numpy', 'scikit-learn', 'sql', 'data analysis', 'nlp', 'git', 'tensorflow', 'machine learning', 'pytorch', 'data science', 'deep learning', 'data visualization', 'natural language processing', 'python', 'pandas']",0,1.177262469842161
1371,CONSTRUCTION,1.675430367936084,[],[],"['numpy', 'scikit-learn', 'sql', 'data analysis', 'nlp', 'git', 'tensorflow', 'machine learning', 'pytorch', 'data science', 'deep learning', 'data visualization', 'natural language processing', 'python', 'pandas']",0,1.1728012575552587
1372,ACCOUNTANT,1.6711667683743352,[],[],"['numpy', 'scikit-learn', 'sql', 'data analysis', 'nlp', 'git', 'tensorflow', 'machine learning', 'pytorch', 'data science', 'deep learning', 'data visualization', 'natural language processing', 'python', 'pandas']",0,1.1698167378620346
1373,ACCOUNTANT,1.6700955429777946,[],[],"['numpy', 'scikit-learn', 'sql', 'data analysis', 'nlp', 'git', 'tensorflow', 'machine learning', 'pytorch', 'data science', 'deep learning', 'data visualization', 'natural language processing', 'python', 'pandas']",0,1.1690668800844561
1374,ENGINEERING,1.6668963307706532,[],[],"['numpy', 'scikit-learn', 'sql', 'data analysis', 'nlp', 'git', 'tensorflow', 'machine learning', 'pytorch', 'data science', 'deep learning', 'data visualization', 'natural language processing', 'python', 'pandas']",0,1.1668274315394571
1375,HR,1.666894790625358,[],[],"['numpy', 'scikit-learn', 'sql', 'data analysis', 'nlp', 'git', 'tensorflow', 'machine learning', 'pytorch', 'data science', 'deep learning', 'data visualization', 'natural language processing', 'python', 'pandas']",0,1.1668263534377505
1376,SALES,1.6658355871422836,[],[],"['numpy', 'scikit-learn', 'sql', 'data analysis', 'nlp', 'git', 'tensorflow', 'machine learning', 'pytorch', 'data science', 'deep learning', 'data visualization', 'natural language processing', 'python', 'pandas']",0,1.1660849109995985
1377,ARTS,1.6657582262019794,[],[],"['numpy', 'scikit-learn', 'sql', 'data analysis', 'nlp', 'git', 'tensorflow', 'machine learning', 'pytorch', 'data science', 'deep learning', 'data visualization', 'natural language processing', 'python', 'pandas']",0,1.1660307583413856
1378,ADVOCATE,1.6655780994175946,[],[],"['numpy', 'scikit-learn', 'sql', 'data analysis', 'nlp', 'git', 'tensorflow', 'machine learning', 'pytorch', 'data science', 'deep learning', 'data visualization', 'natural language processing', 'python', 'pandas']",0,1.165904669592316
1379,BANKING,1.665282635648656,[],[],"['numpy', 'scikit-learn', 'sql', 'data analysis', 'nlp', 'git', 'tensorflow', 'machine learning', 'pytorch', 'data science', 'deep learning', 'data visualization', 'natural language processing', 'python', 'pandas']",0,1.1656978449540591
1380,AVIATION,1.6648835716078871,[],[],"['numpy', 'scikit-learn', 'sql', 'data analysis', 'nlp', 'git', 'tensorflow', 'machine learning', 'pytorch', 'data science', 'deep learning', 'data visualization', 'natural language processing', 'python', 'pandas']",0,1.1654185001255208
1381,FITNESS,1.6645084268025154,[],[],"['numpy', 'scikit-learn', 'sql', 'data analysis', 'nlp', 'git', 'tensorflow', 'machine learning', 'pytorch', 'data science', 'deep learning', 'data visualization', 'natural language processing', 'python', 'pandas']",0,1.1651558987617607
1382,ACCOUNTANT,1.663525436762962,[],[],"['numpy', 'scikit-learn', 'sql', 'data analysis', 'nlp', 'git', 'tensorflow', 'machine learning', 'pytorch', 'data science', 'deep learning', 'data visualization', 'natural language processing', 'python', 'pandas']",0,1.1644678057340734
1383,ARTS,1.66344191353512,[],[],"['numpy', 'scikit-learn', 'sql', 'data analysis', 'nlp', 'git', 'tensorflow', 'machine learning', 'pytorch', 'data science', 'deep learning', 'data visualization', 'natural language processing', 'python', 'pandas']",0,1.1644093394745838
1384,ACCOUNTANT,1.6600017925251578,[],[],"['numpy', 'scikit-learn', 'sql', 'data analysis', 'nlp', 'git', 'tensorflow', 'machine learning', 'pytorch', 'data science', 'deep learning', 'data visualization', 'natural language processing', 'python', 'pandas']",0,1.1620012547676104
1385,BUSINESS-DEVELOPMENT,1.6580151913953691,[],[],"['numpy', 'scikit-learn', 'sql', 'data analysis', 'nlp', 'git', 'tensorflow', 'machine learning', 'pytorch', 'data science', 'deep learning', 'data visualization', 'natural language processing', 'python', 'pandas']",0,1.1606106339767583
1386,DESIGNER,1.6537352833960197,[],[],"['numpy', 'scikit-learn', 'sql', 'data analysis', 'nlp', 'git', 'tensorflow', 'machine learning', 'pytorch', 'data science', 'deep learning', 'data visualization', 'natural language processing', 'python', 'pandas']",0,1.1576146983772138
1387,CHEF,1.6531299623689206,[],[],"['numpy', 'scikit-learn', 'sql', 'data analysis', 'nlp', 'git', 'tensorflow', 'machine learning', 'pytorch', 'data science', 'deep learning', 'data visualization', 'natural language processing', 'python', 'pandas']",0,1.1571909736582444
1388,ARTS,1.6531019341304534,[],[],"['numpy', 'scikit-learn', 'sql', 'data analysis', 'nlp', 'git', 'tensorflow', 'machine learning', 'pytorch', 'data science', 'deep learning', 'data visualization', 'natural language processing', 'python', 'pandas']",0,1.1571713538913173
1389,BANKING,1.6499625127709683,[],[],"['numpy', 'scikit-learn', 'sql', 'data analysis', 'nlp', 'git', 'tensorflow', 'machine learning', 'pytorch', 'data science', 'deep learning', 'data visualization', 'natural language processing', 'python', 'pandas']",0,1.1549737589396778
1390,CONSTRUCTION,1.6489045249889374,[],[],"['numpy', 'scikit-learn', 'sql', 'data analysis', 'nlp', 'git', 'tensorflow', 'machine learning', 'pytorch', 'data science', 'deep learning', 'data visualization', 'natural language processing', 'python', 'pandas']",0,1.1542331674922561
1391,FINANCE,1.648807998950728,[],[],"['numpy', 'scikit-learn', 'sql', 'data analysis', 'nlp', 'git', 'tensorflow', 'machine learning', 'pytorch', 'data science', 'deep learning', 'data visualization', 'natural language processing', 'python', 'pandas']",0,1.1541655992655095
1392,ENGINEERING,1.6482552380416822,[],[],"['numpy', 'scikit-learn', 'sql', 'data analysis', 'nlp', 'git', 'tensorflow', 'machine learning', 'pytorch', 'data science', 'deep learning', 'data visualization', 'natural language processing', 'python', 'pandas']",0,1.1537786666291774
1393,FITNESS,1.6482424390463546,[],[],"['numpy', 'scikit-learn', 'sql', 'data analysis', 'nlp', 'git', 'tensorflow', 'machine learning', 'pytorch', 'data science', 'deep learning', 'data visualization', 'natural language processing', 'python', 'pandas']",0,1.1537697073324482
1394,ARTS,1.6469229204590166,[],[],"['numpy', 'scikit-learn', 'sql', 'data analysis', 'nlp', 'git', 'tensorflow', 'machine learning', 'pytorch', 'data science', 'deep learning', 'data visualization', 'natural language processing', 'python', 'pandas']",0,1.1528460443213115
1395,FINANCE,1.6465702424350865,[],[],"['numpy', 'scikit-learn', 'sql', 'data analysis', 'nlp', 'git', 'tensorflow', 'machine learning', 'pytorch', 'data science', 'deep learning', 'data visualization', 'natural language processing', 'python', 'pandas']",0,1.1525991697045606
1396,BPO,1.6451468024356746,[],[],"['numpy', 'scikit-learn', 'sql', 'data analysis', 'nlp', 'git', 'tensorflow', 'machine learning', 'pytorch', 'data science', 'deep learning', 'data visualization', 'natural language processing', 'python', 'pandas']",0,1.1516027617049722
1397,DESIGNER,1.6449905502515203,[],[],"['numpy', 'scikit-learn', 'sql', 'data analysis', 'nlp', 'git', 'tensorflow', 'machine learning', 'pytorch', 'data science', 'deep learning', 'data visualization', 'natural language processing', 'python', 'pandas']",0,1.151493385176064
1398,ACCOUNTANT,1.6381243439801125,[],[],"['numpy', 'scikit-learn', 'sql', 'data analysis', 'nlp', 'git', 'tensorflow', 'machine learning', 'pytorch', 'data science', 'deep learning', 'data visualization', 'natural language processing', 'python', 'pandas']",0,1.1466870407860787
1399,FINANCE,1.6359718420423868,[],[],"['numpy', 'scikit-learn', 'sql', 'data analysis', 'nlp', 'git', 'tensorflow', 'machine learning', 'pytorch', 'data science', 'deep learning', 'data visualization', 'natural language processing', 'python', 'pandas']",0,1.1451802894296708
1400,FINANCE,1.6359119888708369,[],[],"['numpy', 'scikit-learn', 'sql', 'data analysis', 'nlp', 'git', 'tensorflow', 'machine learning', 'pytorch', 'data science', 'deep learning', 'data visualization', 'natural language processing', 'python', 'pandas']",0,1.1451383922095857
1401,ACCOUNTANT,1.635443271832215,[],[],"['numpy', 'scikit-learn', 'sql', 'data analysis', 'nlp', 'git', 'tensorflow', 'machine learning', 'pytorch', 'data science', 'deep learning', 'data visualization', 'natural language processing', 'python', 'pandas']",0,1.1448102902825503
1402,BANKING,1.6332407274179415,[],[],"['numpy', 'scikit-learn', 'sql', 'data analysis', 'nlp', 'git', 'tensorflow', 'machine learning', 'pytorch', 'data science', 'deep learning', 'data visualization', 'natural language processing', 'python', 'pandas']",0,1.143268509192559
1403,BANKING,1.63162977129977,[],[],"['numpy', 'scikit-learn', 'sql', 'data analysis', 'nlp', 'git', 'tensorflow', 'machine learning', 'pytorch', 'data science', 'deep learning', 'data visualization', 'natural language processing', 'python', 'pandas']",0,1.142140839909839
1404,BUSINESS-DEVELOPMENT,1.631046360638956,[],[],"['numpy', 'scikit-learn', 'sql', 'data analysis', 'nlp', 'git', 'tensorflow', 'machine learning', 'pytorch', 'data science', 'deep learning', 'data visualization', 'natural language processing', 'python', 'pandas']",0,1.1417324524472692
1405,ENGINEERING,1.6282951326923936,[],[],"['numpy', 'scikit-learn', 'sql', 'data analysis', 'nlp', 'git', 'tensorflow', 'machine learning', 'pytorch', 'data science', 'deep learning', 'data visualization', 'natural language processing', 'python', 'pandas']",0,1.1398065928846755
1406,BANKING,1.6264392358533053,[],[],"['numpy', 'scikit-learn', 'sql', 'data analysis', 'nlp', 'git', 'tensorflow', 'machine learning', 'pytorch', 'data science', 'deep learning', 'data visualization', 'natural language processing', 'python', 'pandas']",0,1.1385074650973137
1407,INFORMATION-TECHNOLOGY,1.6260361960766352,[],[],"['numpy', 'scikit-learn', 'sql', 'data analysis', 'nlp', 'git', 'tensorflow', 'machine learning', 'pytorch', 'data science', 'deep learning', 'data visualization', 'natural language processing', 'python', 'pandas']",0,1.1382253372536446
1408,DESIGNER,1.6255954738348295,[],[],"['numpy', 'scikit-learn', 'sql', 'data analysis', 'nlp', 'git', 'tensorflow', 'machine learning', 'pytorch', 'data science', 'deep learning', 'data visualization', 'natural language processing', 'python', 'pandas']",0,1.1379168316843806
1409,SALES,1.6252323170257588,[],[],"['numpy', 'scikit-learn', 'sql', 'data analysis', 'nlp', 'git', 'tensorflow', 'machine learning', 'pytorch', 'data science', 'deep learning', 'data visualization', 'natural language processing', 'python', 'pandas']",0,1.137662621918031
1410,AVIATION,1.6216778547655994,[],[],"['numpy', 'scikit-learn', 'sql', 'data analysis', 'nlp', 'git', 'tensorflow', 'machine learning', 'pytorch', 'data science', 'deep learning', 'data visualization', 'natural language processing', 'python', 'pandas']",0,1.1351744983359195
1411,BUSINESS-DEVELOPMENT,1.6210487423294575,[],[],"['numpy', 'scikit-learn', 'sql', 'data analysis', 'nlp', 'git', 'tensorflow', 'machine learning', 'pytorch', 'data science', 'deep learning', 'data visualization', 'natural language processing', 'python', 'pandas']",0,1.1347341196306202
1412,CONSULTANT,1.6196770869196944,[],[],"['numpy', 'scikit-learn', 'sql', 'data analysis', 'nlp', 'git', 'tensorflow', 'machine learning', 'pytorch', 'data science', 'deep learning', 'data visualization', 'natural language processing', 'python', 'pandas']",0,1.133773960843786
1413,PUBLIC-RELATIONS,1.6178055068068586,[],[],"['numpy', 'scikit-learn', 'sql', 'data analysis', 'nlp', 'git', 'tensorflow', 'machine learning', 'pytorch', 'data science', 'deep learning', 'data visualization', 'natural language processing', 'python', 'pandas']",0,1.132463854764801
1414,PUBLIC-RELATIONS,1.6174558545621671,[],[],"['numpy', 'scikit-learn', 'sql', 'data analysis', 'nlp', 'git', 'tensorflow', 'machine learning', 'pytorch', 'data science', 'deep learning', 'data visualization', 'natural language processing', 'python', 'pandas']",0,1.132219098193517
1415,CONSULTANT,1.6150664653582572,[],[],"['numpy', 'scikit-learn', 'sql', 'data analysis', 'nlp', 'git', 'tensorflow', 'machine learning', 'pytorch', 'data science', 'deep learning', 'data visualization', 'natural language processing', 'python', 'pandas']",0,1.1305465257507799
1416,ENGINEERING,1.6136891242567546,[],[],"['numpy', 'scikit-learn', 'sql', 'data analysis', 'nlp', 'git', 'tensorflow', 'machine learning', 'pytorch', 'data science', 'deep learning', 'data visualization', 'natural language processing', 'python', 'pandas']",0,1.1295823869797281
1417,BPO,1.6131606678568784,[],[],"['numpy', 'scikit-learn', 'sql', 'data analysis', 'nlp', 'git', 'tensorflow', 'machine learning', 'pytorch', 'data science', 'deep learning', 'data visualization', 'natural language processing', 'python', 'pandas']",0,1.1292124674998147
1418,ACCOUNTANT,1.611994101918248,[],[],"['numpy', 'scikit-learn', 'sql', 'data analysis', 'nlp', 'git', 'tensorflow', 'machine learning', 'pytorch', 'data science', 'deep learning', 'data visualization', 'natural language processing', 'python', 'pandas']",0,1.1283958713427735
1419,FITNESS,1.610381157928685,[],[],"['numpy', 'scikit-learn', 'sql', 'data analysis', 'nlp', 'git', 'tensorflow', 'machine learning', 'pytorch', 'data science', 'deep learning', 'data visualization', 'natural language processing', 'python', 'pandas']",0,1.1272668105500794
1420,SALES,1.6092482718396943,[],[],"['numpy', 'scikit-learn', 'sql', 'data analysis', 'nlp', 'git', 'tensorflow', 'machine learning', 'pytorch', 'data science', 'deep learning', 'data visualization', 'natural language processing', 'python', 'pandas']",0,1.126473790287786
1421,BANKING,1.6090700165688958,[],[],"['numpy', 'scikit-learn', 'sql', 'data analysis', 'nlp', 'git', 'tensorflow', 'machine learning', 'pytorch', 'data science', 'deep learning', 'data visualization', 'natural language processing', 'python', 'pandas']",0,1.126349011598227
1422,BUSINESS-DEVELOPMENT,1.6086601307323918,[],[],"['numpy', 'scikit-learn', 'sql', 'data analysis', 'nlp', 'git', 'tensorflow', 'machine learning', 'pytorch', 'data science', 'deep learning', 'data visualization', 'natural language processing', 'python', 'pandas']",0,1.1260620915126742
1423,ADVOCATE,1.6025381798934972,[],[],"['numpy', 'scikit-learn', 'sql', 'data analysis', 'nlp', 'git', 'tensorflow', 'machine learning', 'pytorch', 'data science', 'deep learning', 'data visualization', 'natural language processing', 'python', 'pandas']",0,1.121776725925448
1424,FITNESS,1.599522303476621,[],[],"['numpy', 'scikit-learn', 'sql', 'data analysis', 'nlp', 'git', 'tensorflow', 'machine learning', 'pytorch', 'data science', 'deep learning', 'data visualization', 'natural language processing', 'python', 'pandas']",0,1.1196656124336346
1425,FINANCE,1.599103686063375,[],[],"['numpy', 'scikit-learn', 'sql', 'data analysis', 'nlp', 'git', 'tensorflow', 'machine learning', 'pytorch', 'data science', 'deep learning', 'data visualization', 'natural language processing', 'python', 'pandas']",0,1.1193725802443624
1426,BANKING,1.5964836521518957,[],[],"['numpy', 'scikit-learn', 'sql', 'data analysis', 'nlp', 'git', 'tensorflow', 'machine learning', 'pytorch', 'data science', 'deep learning', 'data visualization', 'natural language processing', 'python', 'pandas']",0,1.117538556506327
1427,ACCOUNTANT,1.5954875385435243,[],[],"['numpy', 'scikit-learn', 'sql', 'data analysis', 'nlp', 'git', 'tensorflow', 'machine learning', 'pytorch', 'data science', 'deep learning', 'data visualization', 'natural language processing', 'python', 'pandas']",0,1.116841276980467
1428,FINANCE,1.5940464382078932,[],[],"['numpy', 'scikit-learn', 'sql', 'data analysis', 'nlp', 'git', 'tensorflow', 'machine learning', 'pytorch', 'data science', 'deep learning', 'data visualization', 'natural language processing', 'python', 'pandas']",0,1.115832506745525
1429,CONSTRUCTION,1.5865652154629886,[],[],"['numpy', 'scikit-learn', 'sql', 'data analysis', 'nlp', 'git', 'tensorflow', 'machine learning', 'pytorch', 'data science', 'deep learning', 'data visualization', 'natural language processing', 'python', 'pandas']",0,1.110595650824092
1430,ACCOUNTANT,1.5863143313413768,[],[],"['numpy', 'scikit-learn', 'sql', 'data analysis', 'nlp', 'git', 'tensorflow', 'machine learning', 'pytorch', 'data science', 'deep learning', 'data visualization', 'natural language processing', 'python', 'pandas']",0,1.1104200319389637
1431,FITNESS,1.584019019401702,[],[],"['numpy', 'scikit-learn', 'sql', 'data analysis', 'nlp', 'git', 'tensorflow', 'machine learning', 'pytorch', 'data science', 'deep learning', 'data visualization', 'natural language processing', 'python', 'pandas']",0,1.1088133135811913
1432,FITNESS,1.5795814293164567,[],[],"['numpy', 'scikit-learn', 'sql', 'data analysis', 'nlp', 'git', 'tensorflow', 'machine learning', 'pytorch', 'data science', 'deep learning', 'data visualization', 'natural language processing', 'python', 'pandas']",0,1.1057070005215197
1433,AGRICULTURE,1.5760744326825522,[],[],"['numpy', 'scikit-learn', 'sql', 'data analysis', 'nlp', 'git', 'tensorflow', 'machine learning', 'pytorch', 'data science', 'deep learning', 'data visualization', 'natural language processing', 'python', 'pandas']",0,1.1032521028777864
1434,ADVOCATE,1.5757150057177352,[],[],"['numpy', 'scikit-learn', 'sql', 'data analysis', 'nlp', 'git', 'tensorflow', 'machine learning', 'pytorch', 'data science', 'deep learning', 'data visualization', 'natural language processing', 'python', 'pandas']",0,1.1030005040024145
1435,ADVOCATE,1.5755987918352852,[],[],"['numpy', 'scikit-learn', 'sql', 'data analysis', 'nlp', 'git', 'tensorflow', 'machine learning', 'pytorch', 'data science', 'deep learning', 'data visualization', 'natural language processing', 'python', 'pandas']",0,1.1029191542846994
1436,HR,1.5725643750369471,[],[],"['numpy', 'scikit-learn', 'sql', 'data analysis', 'nlp', 'git', 'tensorflow', 'machine learning', 'pytorch', 'data science', 'deep learning', 'data visualization', 'natural language processing', 'python', 'pandas']",0,1.100795062525863
1437,AUTOMOBILE,1.5720013809794264,[],[],"['numpy', 'scikit-learn', 'sql', 'data analysis', 'nlp', 'git', 'tensorflow', 'machine learning', 'pytorch', 'data science', 'deep learning', 'data visualization', 'natural language processing', 'python', 'pandas']",0,1.1004009666855985
1438,AGRICULTURE,1.571623891060245,[],[],"['numpy', 'scikit-learn', 'sql', 'data analysis', 'nlp', 'git', 'tensorflow', 'machine learning', 'pytorch', 'data science', 'deep learning', 'data visualization', 'natural language processing', 'python', 'pandas']",0,1.1001367237421713
1439,ACCOUNTANT,1.5708322560712136,[],[],"['numpy', 'scikit-learn', 'sql', 'data analysis', 'nlp', 'git', 'tensorflow', 'machine learning', 'pytorch', 'data science', 'deep learning', 'data visualization', 'natural language processing', 'python', 'pandas']",0,1.0995825792498495
1440,FITNESS,1.5692381734565677,[],[],"['numpy', 'scikit-learn', 'sql', 'data analysis', 'nlp', 'git', 'tensorflow', 'machine learning', 'pytorch', 'data science', 'deep learning', 'data visualization', 'natural language processing', 'python', 'pandas']",0,1.0984667214195973
1441,PUBLIC-RELATIONS,1.5676524352436463,[],[],"['numpy', 'scikit-learn', 'sql', 'data analysis', 'nlp', 'git', 'tensorflow', 'machine learning', 'pytorch', 'data science', 'deep learning', 'data visualization', 'natural language processing', 'python', 'pandas']",0,1.0973567046705524
1442,INFORMATION-TECHNOLOGY,1.567567470812312,[],[],"['numpy', 'scikit-learn', 'sql', 'data analysis', 'nlp', 'git', 'tensorflow', 'machine learning', 'pytorch', 'data science', 'deep learning', 'data visualization', 'natural language processing', 'python', 'pandas']",0,1.0972972295686183
1443,APPAREL,1.5647419301487449,[],[],"['numpy', 'scikit-learn', 'sql', 'data analysis', 'nlp', 'git', 'tensorflow', 'machine learning', 'pytorch', 'data science', 'deep learning', 'data visualization', 'natural language processing', 'python', 'pandas']",0,1.0953193511041213
1444,AVIATION,1.5595006826280555,[],[],"['numpy', 'scikit-learn', 'sql', 'data analysis', 'nlp', 'git', 'tensorflow', 'machine learning', 'pytorch', 'data science', 'deep learning', 'data visualization', 'natural language processing', 'python', 'pandas']",0,1.0916504778396388
1445,AVIATION,1.5592834277266916,[],[],"['numpy', 'scikit-learn', 'sql', 'data analysis', 'nlp', 'git', 'tensorflow', 'machine learning', 'pytorch', 'data science', 'deep learning', 'data visualization', 'natural language processing', 'python', 'pandas']",0,1.091498399408684
1446,ARTS,1.554031673137208,[],[],"['numpy', 'scikit-learn', 'sql', 'data analysis', 'nlp', 'git', 'tensorflow', 'machine learning', 'pytorch', 'data science', 'deep learning', 'data visualization', 'natural language processing', 'python', 'pandas']",0,1.0878221711960454
1447,FITNESS,1.5524839265378672,[],[],"['numpy', 'scikit-learn', 'sql', 'data analysis', 'nlp', 'git', 'tensorflow', 'machine learning', 'pytorch', 'data science', 'deep learning', 'data visualization', 'natural language processing', 'python', 'pandas']",0,1.086738748576507
1448,HEALTHCARE,1.5464580888263324,[],[],"['numpy', 'scikit-learn', 'sql', 'data analysis', 'nlp', 'git', 'tensorflow', 'machine learning', 'pytorch', 'data science', 'deep learning', 'data visualization', 'natural language processing', 'python', 'pandas']",0,1.0825206621784327
1449,BANKING,1.5445948015010333,[],[],"['numpy', 'scikit-learn', 'sql', 'data analysis', 'nlp', 'git', 'tensorflow', 'machine learning', 'pytorch', 'data science', 'deep learning', 'data visualization', 'natural language processing', 'python', 'pandas']",0,1.0812163610507233
1450,SALES,1.5438374046877108,[],[],"['numpy', 'scikit-learn', 'sql', 'data analysis', 'nlp', 'git', 'tensorflow', 'machine learning', 'pytorch', 'data science', 'deep learning', 'data visualization', 'natural language processing', 'python', 'pandas']",0,1.0806861832813974
1451,AVIATION,1.5420488490601414,[],[],"['numpy', 'scikit-learn', 'sql', 'data analysis', 'nlp', 'git', 'tensorflow', 'machine learning', 'pytorch', 'data science', 'deep learning', 'data visualization', 'natural language processing', 'python', 'pandas']",0,1.0794341943420989
1452,CONSULTANT,1.539414829508805,[],[],"['numpy', 'scikit-learn', 'sql', 'data analysis', 'nlp', 'git', 'tensorflow', 'machine learning', 'pytorch', 'data science', 'deep learning', 'data visualization', 'natural language processing', 'python', 'pandas']",0,1.0775903806561635
1453,HEALTHCARE,1.5389363090167443,[],[],"['numpy', 'scikit-learn', 'sql', 'data analysis', 'nlp', 'git', 'tensorflow', 'machine learning', 'pytorch', 'data science', 'deep learning', 'data visualization', 'natural language processing', 'python', 'pandas']",0,1.077255416311721
1454,BANKING,1.5372179774687305,[],[],"['numpy', 'scikit-learn', 'sql', 'data analysis', 'nlp', 'git', 'tensorflow', 'machine learning', 'pytorch', 'data science', 'deep learning', 'data visualization', 'natural language processing', 'python', 'pandas']",0,1.0760525842281112
1455,FITNESS,1.5365830154392879,[],[],"['numpy', 'scikit-learn', 'sql', 'data analysis', 'nlp', 'git', 'tensorflow', 'machine learning', 'pytorch', 'data science', 'deep learning', 'data visualization', 'natural language processing', 'python', 'pandas']",0,1.0756081108075015
1456,CHEF,1.535066632027693,[],[],"['numpy', 'scikit-learn', 'sql', 'data analysis', 'nlp', 'git', 'tensorflow', 'machine learning', 'pytorch', 'data science', 'deep learning', 'data visualization', 'natural language processing', 'python', 'pandas']",0,1.074546642419385
1457,CONSULTANT,1.5328118573266207,[],[],"['numpy', 'scikit-learn', 'sql', 'data analysis', 'nlp', 'git', 'tensorflow', 'machine learning', 'pytorch', 'data science', 'deep learning', 'data visualization', 'natural language processing', 'python', 'pandas']",0,1.0729683001286345
1458,FITNESS,1.5322462938827066,[],[],"['numpy', 'scikit-learn', 'sql', 'data analysis', 'nlp', 'git', 'tensorflow', 'machine learning', 'pytorch', 'data science', 'deep learning', 'data visualization', 'natural language processing', 'python', 'pandas']",0,1.0725724057178945
1459,AVIATION,1.5301875956113098,[],[],"['numpy', 'scikit-learn', 'sql', 'data analysis', 'nlp', 'git', 'tensorflow', 'machine learning', 'pytorch', 'data science', 'deep learning', 'data visualization', 'natural language processing', 'python', 'pandas']",0,1.0711313169279169
1460,INFORMATION-TECHNOLOGY,1.5257622287157924,[],[],"['numpy', 'scikit-learn', 'sql', 'data analysis', 'nlp', 'git', 'tensorflow', 'machine learning', 'pytorch', 'data science', 'deep learning', 'data visualization', 'natural language processing', 'python', 'pandas']",0,1.0680335601010547
1461,DIGITAL-MEDIA,1.525525400089473,[],[],"['numpy', 'scikit-learn', 'sql', 'data analysis', 'nlp', 'git', 'tensorflow', 'machine learning', 'pytorch', 'data science', 'deep learning', 'data visualization', 'natural language processing', 'python', 'pandas']",0,1.067867780062631
1462,ACCOUNTANT,1.5243669715555173,[],[],"['numpy', 'scikit-learn', 'sql', 'data analysis', 'nlp', 'git', 'tensorflow', 'machine learning', 'pytorch', 'data science', 'deep learning', 'data visualization', 'natural language processing', 'python', 'pandas']",0,1.067056880088862
1463,BANKING,1.5202518634423683,[],[],"['numpy', 'scikit-learn', 'sql', 'data analysis', 'nlp', 'git', 'tensorflow', 'machine learning', 'pytorch', 'data science', 'deep learning', 'data visualization', 'natural language processing', 'python', 'pandas']",0,1.0641763044096577
1464,DESIGNER,1.5189314817698534,[],[],"['numpy', 'scikit-learn', 'sql', 'data analysis', 'nlp', 'git', 'tensorflow', 'machine learning', 'pytorch', 'data science', 'deep learning', 'data visualization', 'natural language processing', 'python', 'pandas']",0,1.0632520372388974
1465,ACCOUNTANT,1.5176920924095882,[],[],"['numpy', 'scikit-learn', 'sql', 'data analysis', 'nlp', 'git', 'tensorflow', 'machine learning', 'pytorch', 'data science', 'deep learning', 'data visualization', 'natural language processing', 'python', 'pandas']",0,1.0623844646867118
1466,FITNESS,1.5170427670491653,[],[],"['numpy', 'scikit-learn', 'sql', 'data analysis', 'nlp', 'git', 'tensorflow', 'machine learning', 'pytorch', 'data science', 'deep learning', 'data visualization', 'natural language processing', 'python', 'pandas']",0,1.0619299369344157
1467,CHEF,1.5169269875644291,[],[],"['numpy', 'scikit-learn', 'sql', 'data analysis', 'nlp', 'git', 'tensorflow', 'machine learning', 'pytorch', 'data science', 'deep learning', 'data visualization', 'natural language processing', 'python', 'pandas']",0,1.0618488912951003
1468,AVIATION,1.5168373719774155,[],[],"['numpy', 'scikit-learn', 'sql', 'data analysis', 'nlp', 'git', 'tensorflow', 'machine learning', 'pytorch', 'data science', 'deep learning', 'data visualization', 'natural language processing', 'python', 'pandas']",0,1.0617861603841907
1469,ARTS,1.5159376051567517,[],[],"['numpy', 'scikit-learn', 'sql', 'data analysis', 'nlp', 'git', 'tensorflow', 'machine learning', 'pytorch', 'data science', 'deep learning', 'data visualization', 'natural language processing', 'python', 'pandas']",0,1.0611563236097261
1470,CONSTRUCTION,1.5156009151028236,[],[],"['numpy', 'scikit-learn', 'sql', 'data analysis', 'nlp', 'git', 'tensorflow', 'machine learning', 'pytorch', 'data science', 'deep learning', 'data visualization', 'natural language processing', 'python', 'pandas']",0,1.0609206405719764
1471,CHEF,1.5155623273406513,[],[],"['numpy', 'scikit-learn', 'sql', 'data analysis', 'nlp', 'git', 'tensorflow', 'machine learning', 'pytorch', 'data science', 'deep learning', 'data visualization', 'natural language processing', 'python', 'pandas']",0,1.0608936291384559
1472,SALES,1.5144275227966792,[],[],"['numpy', 'scikit-learn', 'sql', 'data analysis', 'nlp', 'git', 'tensorflow', 'machine learning', 'pytorch', 'data science', 'deep learning', 'data visualization', 'natural language processing', 'python', 'pandas']",0,1.0600992659576753
1473,ADVOCATE,1.508074480809057,[],[],"['numpy', 'scikit-learn', 'sql', 'data analysis', 'nlp', 'git', 'tensorflow', 'machine learning', 'pytorch', 'data science', 'deep learning', 'data visualization', 'natural language processing', 'python', 'pandas']",0,1.0556521365663398
1474,APPAREL,1.507458634465058,[],[],"['numpy', 'scikit-learn', 'sql', 'data analysis', 'nlp', 'git', 'tensorflow', 'machine learning', 'pytorch', 'data science', 'deep learning', 'data visualization', 'natural language processing', 'python', 'pandas']",0,1.0552210441255405
1475,APPAREL,1.5018080044713795,[],[],"['numpy', 'scikit-learn', 'sql', 'data analysis', 'nlp', 'git', 'tensorflow', 'machine learning', 'pytorch', 'data science', 'deep learning', 'data visualization', 'natural language processing', 'python', 'pandas']",0,1.0512656031299656
1476,TEACHER,1.50178185836898,[],[],"['numpy', 'scikit-learn', 'sql', 'data analysis', 'nlp', 'git', 'tensorflow', 'machine learning', 'pytorch', 'data science', 'deep learning', 'data visualization', 'natural language processing', 'python', 'pandas']",0,1.0512473008582859
1477,CHEF,1.4998215322926294,[],[],"['numpy', 'scikit-learn', 'sql', 'data analysis', 'nlp', 'git', 'tensorflow', 'machine learning', 'pytorch', 'data science', 'deep learning', 'data visualization', 'natural language processing', 'python', 'pandas']",0,1.0498750726048405
1478,HR,1.4996368169136913,[],[],"['numpy', 'scikit-learn', 'sql', 'data analysis', 'nlp', 'git', 'tensorflow', 'machine learning', 'pytorch', 'data science', 'deep learning', 'data visualization', 'natural language processing', 'python', 'pandas']",0,1.049745771839584
1479,FITNESS,1.495726002099867,[],[],"['numpy', 'scikit-learn', 'sql', 'data analysis', 'nlp', 'git', 'tensorflow', 'machine learning', 'pytorch', 'data science', 'deep learning', 'data visualization', 'natural language processing', 'python', 'pandas']",0,1.047008201469907
1480,TEACHER,1.4912177730043517,[],[],"['numpy', 'scikit-learn', 'sql', 'data analysis', 'nlp', 'git', 'tensorflow', 'machine learning', 'pytorch', 'data science', 'deep learning', 'data visualization', 'natural language processing', 'python', 'pandas']",0,1.043852441103046
1481,ENGINEERING,1.4906105351690926,[],[],"['numpy', 'scikit-learn', 'sql', 'data analysis', 'nlp', 'git', 'tensorflow', 'machine learning', 'pytorch', 'data science', 'deep learning', 'data visualization', 'natural language processing', 'python', 'pandas']",0,1.0434273746183647
1482,CHEF,1.4891389033285862,[],[],"['numpy', 'scikit-learn', 'sql', 'data analysis', 'nlp', 'git', 'tensorflow', 'machine learning', 'pytorch', 'data science', 'deep learning', 'data visualization', 'natural language processing', 'python', 'pandas']",0,1.0423972323300104
1483,CONSTRUCTION,1.4871203000263749,[],[],"['numpy', 'scikit-learn', 'sql', 'data analysis', 'nlp', 'git', 'tensorflow', 'machine learning', 'pytorch', 'data science', 'deep learning', 'data visualization', 'natural language processing', 'python', 'pandas']",0,1.0409842100184623
1484,CONSTRUCTION,1.4870461059795232,[],[],"['numpy', 'scikit-learn', 'sql', 'data analysis', 'nlp', 'git', 'tensorflow', 'machine learning', 'pytorch', 'data science', 'deep learning', 'data visualization', 'natural language processing', 'python', 'pandas']",0,1.0409322741856661
1485,HR,1.4862454110851469,[],[],"['numpy', 'scikit-learn', 'sql', 'data analysis', 'nlp', 'git', 'tensorflow', 'machine learning', 'pytorch', 'data science', 'deep learning', 'data visualization', 'natural language processing', 'python', 'pandas']",0,1.0403717877596028
1486,CHEF,1.482919633873738,[],[],"['numpy', 'scikit-learn', 'sql', 'data analysis', 'nlp', 'git', 'tensorflow', 'machine learning', 'pytorch', 'data science', 'deep learning', 'data visualization', 'natural language processing', 'python', 'pandas']",0,1.0380437437116166
1487,CHEF,1.4810433301943142,[],[],"['numpy', 'scikit-learn', 'sql', 'data analysis', 'nlp', 'git', 'tensorflow', 'machine learning', 'pytorch', 'data science', 'deep learning', 'data visualization', 'natural language processing', 'python', 'pandas']",0,1.0367303311360199
1488,AVIATION,1.4784902640365387,[],[],"['numpy', 'scikit-learn', 'sql', 'data analysis', 'nlp', 'git', 'tensorflow', 'machine learning', 'pytorch', 'data science', 'deep learning', 'data visualization', 'natural language processing', 'python', 'pandas']",0,1.034943184825577
1489,ADVOCATE,1.478213588199587,[],[],"['numpy', 'scikit-learn', 'sql', 'data analysis', 'nlp', 'git', 'tensorflow', 'machine learning', 'pytorch', 'data science', 'deep learning', 'data visualization', 'natural language processing', 'python', 'pandas']",0,1.034749511739711
1490,ACCOUNTANT,1.4718682336871862,[],[],"['numpy', 'scikit-learn', 'sql', 'data analysis', 'nlp', 'git', 'tensorflow', 'machine learning', 'pytorch', 'data science', 'deep learning', 'data visualization', 'natural language processing', 'python', 'pandas']",0,1.0303077635810303
1491,HR,1.470792661206793,[],[],"['numpy', 'scikit-learn', 'sql', 'data analysis', 'nlp', 'git', 'tensorflow', 'machine learning', 'pytorch', 'data science', 'deep learning', 'data visualization', 'natural language processing', 'python', 'pandas']",0,1.029554862844755
1492,CHEF,1.4673816479258277,[],[],"['numpy', 'scikit-learn', 'sql', 'data analysis', 'nlp', 'git', 'tensorflow', 'machine learning', 'pytorch', 'data science', 'deep learning', 'data visualization', 'natural language processing', 'python', 'pandas']",0,1.0271671535480793
1493,HEALTHCARE,1.4673097168900755,[],[],"['numpy', 'scikit-learn', 'sql', 'data analysis', 'nlp', 'git', 'tensorflow', 'machine learning', 'pytorch', 'data science', 'deep learning', 'data visualization', 'natural language processing', 'python', 'pandas']",0,1.0271168018230528
1494,SALES,1.4669901025434968,[],[],"['numpy', 'scikit-learn', 'sql', 'data analysis', 'nlp', 'git', 'tensorflow', 'machine learning', 'pytorch', 'data science', 'deep learning', 'data visualization', 'natural language processing', 'python', 'pandas']",0,1.0268930717804476
1495,BUSINESS-DEVELOPMENT,1.464633532186719,[],[],"['numpy', 'scikit-learn', 'sql', 'data analysis', 'nlp', 'git', 'tensorflow', 'machine learning', 'pytorch', 'data science', 'deep learning', 'data visualization', 'natural language processing', 'python', 'pandas']",0,1.0252434725307031
1496,AVIATION,1.4645851224856554,[],[],"['numpy', 'scikit-learn', 'sql', 'data analysis', 'nlp', 'git', 'tensorflow', 'machine learning', 'pytorch', 'data science', 'deep learning', 'data visualization', 'natural language processing', 'python', 'pandas']",0,1.0252095857399588
1497,BANKING,1.4584271282370789,[],[],"['numpy', 'scikit-learn', 'sql', 'data analysis', 'nlp', 'git', 'tensorflow', 'machine learning', 'pytorch', 'data science', 'deep learning', 'data visualization', 'natural language processing', 'python', 'pandas']",0,1.020898989765955
1498,ACCOUNTANT,1.4561373036354057,[],[],"['numpy', 'scikit-learn', 'sql', 'data analysis', 'nlp', 'git', 'tensorflow', 'machine learning', 'pytorch', 'data science', 'deep learning', 'data visualization', 'natural language processing', 'python', 'pandas']",0,1.019296112544784
1499,AUTOMOBILE,1.455913346559692,[],[],"['numpy', 'scikit-learn', 'sql', 'data analysis', 'nlp', 'git', 'tensorflow', 'machine learning', 'pytorch', 'data science', 'deep learning', 'data visualization', 'natural language processing', 'python', 'pandas']",0,1.0191393425917843
1500,AGRICULTURE,1.455669363861232,[],[],"['numpy', 'scikit-learn', 'sql', 'data analysis', 'nlp', 'git', 'tensorflow', 'machine learning', 'pytorch', 'data science', 'deep learning', 'data visualization', 'natural language processing', 'python', 'pandas']",0,1.0189685547028622
1501,ADVOCATE,1.4520701436381738,[],[],"['numpy', 'scikit-learn', 'sql', 'data analysis', 'nlp', 'git', 'tensorflow', 'machine learning', 'pytorch', 'data science', 'deep learning', 'data visualization', 'natural language processing', 'python', 'pandas']",0,1.0164491005467216
1502,SALES,1.4510575826358685,[],[],"['numpy', 'scikit-learn', 'sql', 'data analysis', 'nlp', 'git', 'tensorflow', 'machine learning', 'pytorch', 'data science', 'deep learning', 'data visualization', 'natural language processing', 'python', 'pandas']",0,1.015740307845108
1503,ADVOCATE,1.4489304789659045,[],[],"['numpy', 'scikit-learn', 'sql', 'data analysis', 'nlp', 'git', 'tensorflow', 'machine learning', 'pytorch', 'data science', 'deep learning', 'data visualization', 'natural language processing', 'python', 'pandas']",0,1.014251335276133
1504,DESIGNER,1.4479058844761954,[],[],"['numpy', 'scikit-learn', 'sql', 'data analysis', 'nlp', 'git', 'tensorflow', 'machine learning', 'pytorch', 'data science', 'deep learning', 'data visualization', 'natural language processing', 'python', 'pandas']",0,1.0135341191333367
1505,ACCOUNTANT,1.4478178544460132,[],[],"['numpy', 'scikit-learn', 'sql', 'data analysis', 'nlp', 'git', 'tensorflow', 'machine learning', 'pytorch', 'data science', 'deep learning', 'data visualization', 'natural language processing', 'python', 'pandas']",0,1.0134724981122092
1506,ARTS,1.4466849176343155,[],[],"['numpy', 'scikit-learn', 'sql', 'data analysis', 'nlp', 'git', 'tensorflow', 'machine learning', 'pytorch', 'data science', 'deep learning', 'data visualization', 'natural language processing', 'python', 'pandas']",0,1.0126794423440209
1507,ACCOUNTANT,1.4450559799548581,[],[],"['numpy', 'scikit-learn', 'sql', 'data analysis', 'nlp', 'git', 'tensorflow', 'machine learning', 'pytorch', 'data science', 'deep learning', 'data visualization', 'natural language processing', 'python', 'pandas']",0,1.0115391859684006
1508,CONSTRUCTION,1.4439324056752336,[],[],"['numpy', 'scikit-learn', 'sql', 'data analysis', 'nlp', 'git', 'tensorflow', 'machine learning', 'pytorch', 'data science', 'deep learning', 'data visualization', 'natural language processing', 'python', 'pandas']",0,1.0107526839726635
1509,CONSTRUCTION,1.4432546886189375,[],[],"['numpy', 'scikit-learn', 'sql', 'data analysis', 'nlp', 'git', 'tensorflow', 'machine learning', 'pytorch', 'data science', 'deep learning', 'data visualization', 'natural language processing', 'python', 'pandas']",0,1.010278282033256
1510,ADVOCATE,1.4429123283770362,[],[],"['numpy', 'scikit-learn', 'sql', 'data analysis', 'nlp', 'git', 'tensorflow', 'machine learning', 'pytorch', 'data science', 'deep learning', 'data visualization', 'natural language processing', 'python', 'pandas']",0,1.0100386298639252
1511,CHEF,1.441859384053681,[],[],"['numpy', 'scikit-learn', 'sql', 'data analysis', 'nlp', 'git', 'tensorflow', 'machine learning', 'pytorch', 'data science', 'deep learning', 'data visualization', 'natural language processing', 'python', 'pandas']",0,1.0093015688375766
1512,ARTS,1.4411197550525647,[],[],"['numpy', 'scikit-learn', 'sql', 'data analysis', 'nlp', 'git', 'tensorflow', 'machine learning', 'pytorch', 'data science', 'deep learning', 'data visualization', 'natural language processing', 'python', 'pandas']",0,1.0087838285367952
1513,DIGITAL-MEDIA,1.4395618248565885,[],[],"['numpy', 'scikit-learn', 'sql', 'data analysis', 'nlp', 'git', 'tensorflow', 'machine learning', 'pytorch', 'data science', 'deep learning', 'data visualization', 'natural language processing', 'python', 'pandas']",0,1.007693277399612
1514,BANKING,1.4353638940569302,[],[],"['numpy', 'scikit-learn', 'sql', 'data analysis', 'nlp', 'git', 'tensorflow', 'machine learning', 'pytorch', 'data science', 'deep learning', 'data visualization', 'natural language processing', 'python', 'pandas']",0,1.004754725839851
1515,HEALTHCARE,1.433897640546128,[],[],"['numpy', 'scikit-learn', 'sql', 'data analysis', 'nlp', 'git', 'tensorflow', 'machine learning', 'pytorch', 'data science', 'deep learning', 'data visualization', 'natural language processing', 'python', 'pandas']",0,1.0037283483822894
1516,BANKING,1.4331559065189456,[],[],"['numpy', 'scikit-learn', 'sql', 'data analysis', 'nlp', 'git', 'tensorflow', 'machine learning', 'pytorch', 'data science', 'deep learning', 'data visualization', 'natural language processing', 'python', 'pandas']",0,1.0032091345632619
1517,AVIATION,1.431106425820612,[],[],"['numpy', 'scikit-learn', 'sql', 'data analysis', 'nlp', 'git', 'tensorflow', 'machine learning', 'pytorch', 'data science', 'deep learning', 'data visualization', 'natural language processing', 'python', 'pandas']",0,1.0017744980744283
1518,HEALTHCARE,1.4287757243518318,[],[],"['numpy', 'scikit-learn', 'sql', 'data analysis', 'nlp', 'git', 'tensorflow', 'machine learning', 'pytorch', 'data science', 'deep learning', 'data visualization', 'natural language processing', 'python', 'pandas']",0,1.0001430070462822
1519,FINANCE,1.422792795883701,[],[],"['numpy', 'scikit-learn', 'sql', 'data analysis', 'nlp', 'git', 'tensorflow', 'machine learning', 'pytorch', 'data science', 'deep learning', 'data visualization', 'natural language processing', 'python', 'pandas']",0,0.9959549571185906
1520,INFORMATION-TECHNOLOGY,1.4226645508683264,[],[],"['numpy', 'scikit-learn', 'sql', 'data analysis', 'nlp', 'git', 'tensorflow', 'machine learning', 'pytorch', 'data science', 'deep learning', 'data visualization', 'natural language processing', 'python', 'pandas']",0,0.9958651856078284
1521,HR,1.4225478088862398,[],[],"['numpy', 'scikit-learn', 'sql', 'data analysis', 'nlp', 'git', 'tensorflow', 'machine learning', 'pytorch', 'data science', 'deep learning', 'data visualization', 'natural language processing', 'python', 'pandas']",0,0.9957834662203677
1522,BUSINESS-DEVELOPMENT,1.4222259863774007,[],[],"['numpy', 'scikit-learn', 'sql', 'data analysis', 'nlp', 'git', 'tensorflow', 'machine learning', 'pytorch', 'data science', 'deep learning', 'data visualization', 'natural language processing', 'python', 'pandas']",0,0.9955581904641805
1523,BPO,1.4221450621890221,[],[],"['numpy', 'scikit-learn', 'sql', 'data analysis', 'nlp', 'git', 'tensorflow', 'machine learning', 'pytorch', 'data science', 'deep learning', 'data visualization', 'natural language processing', 'python', 'pandas']",0,0.9955015435323155
1524,SALES,1.4220641556745457,[],[],"['numpy', 'scikit-learn', 'sql', 'data analysis', 'nlp', 'git', 'tensorflow', 'machine learning', 'pytorch', 'data science', 'deep learning', 'data visualization', 'natural language processing', 'python', 'pandas']",0,0.995444908972182
1525,FITNESS,1.4208505052754197,[],[],"['numpy', 'scikit-learn', 'sql', 'data analysis', 'nlp', 'git', 'tensorflow', 'machine learning', 'pytorch', 'data science', 'deep learning', 'data visualization', 'natural language processing', 'python', 'pandas']",0,0.9945953536927937
1526,ARTS,1.4158689334175072,[],[],"['numpy', 'scikit-learn', 'sql', 'data analysis', 'nlp', 'git', 'tensorflow', 'machine learning', 'pytorch', 'data science', 'deep learning', 'data visualization', 'natural language processing', 'python', 'pandas']",0,0.991108253392255
1527,ACCOUNTANT,1.4155432061677828,[],[],"['numpy', 'scikit-learn', 'sql', 'data analysis', 'nlp', 'git', 'tensorflow', 'machine learning', 'pytorch', 'data science', 'deep learning', 'data visualization', 'natural language processing', 'python', 'pandas']",0,0.9908802443174479
1528,PUBLIC-RELATIONS,1.4137632125101496,[],[],"['numpy', 'scikit-learn', 'sql', 'data analysis', 'nlp', 'git', 'tensorflow', 'machine learning', 'pytorch', 'data science', 'deep learning', 'data visualization', 'natural language processing', 'python', 'pandas']",0,0.9896342487571046
1529,HR,1.413065846776531,[],[],"['numpy', 'scikit-learn', 'sql', 'data analysis', 'nlp', 'git', 'tensorflow', 'machine learning', 'pytorch', 'data science', 'deep learning', 'data visualization', 'natural language processing', 'python', 'pandas']",0,0.9891460927435716
1530,ACCOUNTANT,1.4122133528799619,[],[],"['numpy', 'scikit-learn', 'sql', 'data analysis', 'nlp', 'git', 'tensorflow', 'machine learning', 'pytorch', 'data science', 'deep learning', 'data visualization', 'natural language processing', 'python', 'pandas']",0,0.9885493470159732
1531,DIGITAL-MEDIA,1.409869427319174,[],[],"['numpy', 'scikit-learn', 'sql', 'data analysis', 'nlp', 'git', 'tensorflow', 'machine learning', 'pytorch', 'data science', 'deep learning', 'data visualization', 'natural language processing', 'python', 'pandas']",0,0.9869085991234218
1532,BANKING,1.4089138097537228,[],[],"['numpy', 'scikit-learn', 'sql', 'data analysis', 'nlp', 'git', 'tensorflow', 'machine learning', 'pytorch', 'data science', 'deep learning', 'data visualization', 'natural language processing', 'python', 'pandas']",0,0.9862396668276059
1533,CONSTRUCTION,1.407165214075499,[],[],"['numpy', 'scikit-learn', 'sql', 'data analysis', 'nlp', 'git', 'tensorflow', 'machine learning', 'pytorch', 'data science', 'deep learning', 'data visualization', 'natural language processing', 'python', 'pandas']",0,0.9850156498528493
1534,AVIATION,1.403928339563899,[],[],"['numpy', 'scikit-learn', 'sql', 'data analysis', 'nlp', 'git', 'tensorflow', 'machine learning', 'pytorch', 'data science', 'deep learning', 'data visualization', 'natural language processing', 'python', 'pandas']",0,0.9827498376947292
1535,ACCOUNTANT,1.4029196149202612,[],[],"['numpy', 'scikit-learn', 'sql', 'data analysis', 'nlp', 'git', 'tensorflow', 'machine learning', 'pytorch', 'data science', 'deep learning', 'data visualization', 'natural language processing', 'python', 'pandas']",0,0.9820437304441828
1536,SALES,1.4013605363929056,[],[],"['numpy', 'scikit-learn', 'sql', 'data analysis', 'nlp', 'git', 'tensorflow', 'machine learning', 'pytorch', 'data science', 'deep learning', 'data visualization', 'natural language processing', 'python', 'pandas']",0,0.9809523754750339
1537,AVIATION,1.4010688206549573,[],[],"['numpy', 'scikit-learn', 'sql', 'data analysis', 'nlp', 'git', 'tensorflow', 'machine learning', 'pytorch', 'data science', 'deep learning', 'data visualization', 'natural language processing', 'python', 'pandas']",0,0.9807481744584701
1538,PUBLIC-RELATIONS,1.3989908416910102,[],[],"['numpy', 'scikit-learn', 'sql', 'data analysis', 'nlp', 'git', 'tensorflow', 'machine learning', 'pytorch', 'data science', 'deep learning', 'data visualization', 'natural language processing', 'python', 'pandas']",0,0.979293589183707
1539,FINANCE,1.3976422095924588,[],[],"['numpy', 'scikit-learn', 'sql', 'data analysis', 'nlp', 'git', 'tensorflow', 'machine learning', 'pytorch', 'data science', 'deep learning', 'data visualization', 'natural language processing', 'python', 'pandas']",0,0.9783495467147211
1540,CONSTRUCTION,1.3975209275675455,[],[],"['numpy', 'scikit-learn', 'sql', 'data analysis', 'nlp', 'git', 'tensorflow', 'machine learning', 'pytorch', 'data science', 'deep learning', 'data visualization', 'natural language processing', 'python', 'pandas']",0,0.9782646492972819
1541,ACCOUNTANT,1.396569413972022,[],[],"['numpy', 'scikit-learn', 'sql', 'data analysis', 'nlp', 'git', 'tensorflow', 'machine learning', 'pytorch', 'data science', 'deep learning', 'data visualization', 'natural language processing', 'python', 'pandas']",0,0.9775985897804153
1542,ADVOCATE,1.3947513043063586,[],[],"['numpy', 'scikit-learn', 'sql', 'data analysis', 'nlp', 'git', 'tensorflow', 'machine learning', 'pytorch', 'data science', 'deep learning', 'data visualization', 'natural language processing', 'python', 'pandas']",0,0.9763259130144509
1543,BUSINESS-DEVELOPMENT,1.3927219264019035,[],[],"['numpy', 'scikit-learn', 'sql', 'data analysis', 'nlp', 'git', 'tensorflow', 'machine learning', 'pytorch', 'data science', 'deep learning', 'data visualization', 'natural language processing', 'python', 'pandas']",0,0.9749053484813324
1544,CONSTRUCTION,1.3894367108508965,[],[],"['numpy', 'scikit-learn', 'sql', 'data analysis', 'nlp', 'git', 'tensorflow', 'machine learning', 'pytorch', 'data science', 'deep learning', 'data visualization', 'natural language processing', 'python', 'pandas']",0,0.9726056975956274
1545,HEALTHCARE,1.385842417702365,[],[],"['numpy', 'scikit-learn', 'sql', 'data analysis', 'nlp', 'git', 'tensorflow', 'machine learning', 'pytorch', 'data science', 'deep learning', 'data visualization', 'natural language processing', 'python', 'pandas']",0,0.9700896923916554
1546,APPAREL,1.3836354473534611,[],[],"['numpy', 'scikit-learn', 'sql', 'data analysis', 'nlp', 'git', 'tensorflow', 'machine learning', 'pytorch', 'data science', 'deep learning', 'data visualization', 'natural language processing', 'python', 'pandas']",0,0.9685448131474227
1547,APPAREL,1.3822553597504097,[],[],"['numpy', 'scikit-learn', 'sql', 'data analysis', 'nlp', 'git', 'tensorflow', 'machine learning', 'pytorch', 'data science', 'deep learning', 'data visualization', 'natural language processing', 'python', 'pandas']",0,0.9675787518252867
1548,ACCOUNTANT,1.3817817409337578,[],[],"['numpy', 'scikit-learn', 'sql', 'data analysis', 'nlp', 'git', 'tensorflow', 'machine learning', 'pytorch', 'data science', 'deep learning', 'data visualization', 'natural language processing', 'python', 'pandas']",0,0.9672472186536304
1549,ACCOUNTANT,1.3809479625764194,[],[],"['numpy', 'scikit-learn', 'sql', 'data analysis', 'nlp', 'git', 'tensorflow', 'machine learning', 'pytorch', 'data science', 'deep learning', 'data visualization', 'natural language processing', 'python', 'pandas']",0,0.9666635738034935
1550,SALES,1.380003727126005,[],[],"['numpy', 'scikit-learn', 'sql', 'data analysis', 'nlp', 'git', 'tensorflow', 'machine learning', 'pytorch', 'data science', 'deep learning', 'data visualization', 'natural language processing', 'python', 'pandas']",0,0.9660026089882034
1551,FITNESS,1.3770835182873105,[],[],"['numpy', 'scikit-learn', 'sql', 'data analysis', 'nlp', 'git', 'tensorflow', 'machine learning', 'pytorch', 'data science', 'deep learning', 'data visualization', 'natural language processing', 'python', 'pandas']",0,0.9639584628011173
1552,FINANCE,1.3764862724469962,[],[],"['numpy', 'scikit-learn', 'sql', 'data analysis', 'nlp', 'git', 'tensorflow', 'machine learning', 'pytorch', 'data science', 'deep learning', 'data visualization', 'natural language processing', 'python', 'pandas']",0,0.9635403907128972
1553,FINANCE,1.3750013952805757,[],[],"['numpy', 'scikit-learn', 'sql', 'data analysis', 'nlp', 'git', 'tensorflow', 'machine learning', 'pytorch', 'data science', 'deep learning', 'data visualization', 'natural language processing', 'python', 'pandas']",0,0.962500976696403
1554,SALES,1.374293098817861,[],[],"['numpy', 'scikit-learn', 'sql', 'data analysis', 'nlp', 'git', 'tensorflow', 'machine learning', 'pytorch', 'data science', 'deep learning', 'data visualization', 'natural language processing', 'python', 'pandas']",0,0.9620051691725027
1555,HEALTHCARE,1.3729576975793176,[],[],"['numpy', 'scikit-learn', 'sql', 'data analysis', 'nlp', 'git', 'tensorflow', 'machine learning', 'pytorch', 'data science', 'deep learning', 'data visualization', 'natural language processing', 'python', 'pandas']",0,0.9610703883055223
1556,CONSTRUCTION,1.368612736987436,[],[],"['numpy', 'scikit-learn', 'sql', 'data analysis', 'nlp', 'git', 'tensorflow', 'machine learning', 'pytorch', 'data science', 'deep learning', 'data visualization', 'natural language processing', 'python', 'pandas']",0,0.9580289158912051
1557,INFORMATION-TECHNOLOGY,1.3673086196214292,[],[],"['numpy', 'scikit-learn', 'sql', 'data analysis', 'nlp', 'git', 'tensorflow', 'machine learning', 'pytorch', 'data science', 'deep learning', 'data visualization', 'natural language processing', 'python', 'pandas']",0,0.9571160337350004
1558,CONSTRUCTION,1.3659976266431328,[],[],"['numpy', 'scikit-learn', 'sql', 'data analysis', 'nlp', 'git', 'tensorflow', 'machine learning', 'pytorch', 'data science', 'deep learning', 'data visualization', 'natural language processing', 'python', 'pandas']",0,0.9561983386501929
1559,CONSTRUCTION,1.3650634223942737,[],[],"['numpy', 'scikit-learn', 'sql', 'data analysis', 'nlp', 'git', 'tensorflow', 'machine learning', 'pytorch', 'data science', 'deep learning', 'data visualization', 'natural language processing', 'python', 'pandas']",0,0.9555443956759915
1560,CONSTRUCTION,1.361549062231963,[],[],"['numpy', 'scikit-learn', 'sql', 'data analysis', 'nlp', 'git', 'tensorflow', 'machine learning', 'pytorch', 'data science', 'deep learning', 'data visualization', 'natural language processing', 'python', 'pandas']",0,0.953084343562374
1561,ACCOUNTANT,1.3568989344343163,[],[],"['numpy', 'scikit-learn', 'sql', 'data analysis', 'nlp', 'git', 'tensorflow', 'machine learning', 'pytorch', 'data science', 'deep learning', 'data visualization', 'natural language processing', 'python', 'pandas']",0,0.9498292541040213
1562,AUTOMOBILE,1.3556541081035867,[],[],"['numpy', 'scikit-learn', 'sql', 'data analysis', 'nlp', 'git', 'tensorflow', 'machine learning', 'pytorch', 'data science', 'deep learning', 'data visualization', 'natural language processing', 'python', 'pandas']",0,0.9489578756725106
1563,BUSINESS-DEVELOPMENT,1.3541286599778364,[],[],"['numpy', 'scikit-learn', 'sql', 'data analysis', 'nlp', 'git', 'tensorflow', 'machine learning', 'pytorch', 'data science', 'deep learning', 'data visualization', 'natural language processing', 'python', 'pandas']",0,0.9478900619844854
1564,AVIATION,1.3492203458134284,[],[],"['numpy', 'scikit-learn', 'sql', 'data analysis', 'nlp', 'git', 'tensorflow', 'machine learning', 'pytorch', 'data science', 'deep learning', 'data visualization', 'natural language processing', 'python', 'pandas']",0,0.9444542420693999
1565,FINANCE,1.3486038187760017,[],[],"['numpy', 'scikit-learn', 'sql', 'data analysis', 'nlp', 'git', 'tensorflow', 'machine learning', 'pytorch', 'data science', 'deep learning', 'data visualization', 'natural language processing', 'python', 'pandas']",0,0.9440226731432011
1566,ACCOUNTANT,1.3481998480152035,[],[],"['numpy', 'scikit-learn', 'sql', 'data analysis', 'nlp', 'git', 'tensorflow', 'machine learning', 'pytorch', 'data science', 'deep learning', 'data visualization', 'natural language processing', 'python', 'pandas']",0,0.9437398936106424
1567,FINANCE,1.347883372557991,[],[],"['numpy', 'scikit-learn', 'sql', 'data analysis', 'nlp', 'git', 'tensorflow', 'machine learning', 'pytorch', 'data science', 'deep learning', 'data visualization', 'natural language processing', 'python', 'pandas']",0,0.9435183607905937
1568,BANKING,1.3456822904274282,[],[],"['numpy', 'scikit-learn', 'sql', 'data analysis', 'nlp', 'git', 'tensorflow', 'machine learning', 'pytorch', 'data science', 'deep learning', 'data visualization', 'natural language processing', 'python', 'pandas']",0,0.9419776032991997
1569,ARTS,1.3453748080186154,[],[],"['numpy', 'scikit-learn', 'sql', 'data analysis', 'nlp', 'git', 'tensorflow', 'machine learning', 'pytorch', 'data science', 'deep learning', 'data visualization', 'natural language processing', 'python', 'pandas']",0,0.9417623656130307
1570,BANKING,1.3450578818356187,[],[],"['numpy', 'scikit-learn', 'sql', 'data analysis', 'nlp', 'git', 'tensorflow', 'machine learning', 'pytorch', 'data science', 'deep learning', 'data visualization', 'natural language processing', 'python', 'pandas']",0,0.941540517284933
1571,PUBLIC-RELATIONS,1.3450397336596176,[],[],"['numpy', 'scikit-learn', 'sql', 'data analysis', 'nlp', 'git', 'tensorflow', 'machine learning', 'pytorch', 'data science', 'deep learning', 'data visualization', 'natural language processing', 'python', 'pandas']",0,0.9415278135617322
1572,FINANCE,1.344191456531544,[],[],"['numpy', 'scikit-learn', 'sql', 'data analysis', 'nlp', 'git', 'tensorflow', 'machine learning', 'pytorch', 'data science', 'deep learning', 'data visualization', 'natural language processing', 'python', 'pandas']",0,0.9409340195720808
1573,HR,1.343371077581479,[],[],"['numpy', 'scikit-learn', 'sql', 'data analysis', 'nlp', 'git', 'tensorflow', 'machine learning', 'pytorch', 'data science', 'deep learning', 'data visualization', 'natural language processing', 'python', 'pandas']",0,0.9403597543070351
1574,ACCOUNTANT,1.3430233718694367,[],[],"['numpy', 'scikit-learn', 'sql', 'data analysis', 'nlp', 'git', 'tensorflow', 'machine learning', 'pytorch', 'data science', 'deep learning', 'data visualization', 'natural language processing', 'python', 'pandas']",0,0.9401163603086056
1575,FINANCE,1.3421371904652393,[],[],"['numpy', 'scikit-learn', 'sql', 'data analysis', 'nlp', 'git', 'tensorflow', 'machine learning', 'pytorch', 'data science', 'deep learning', 'data visualization', 'natural language processing', 'python', 'pandas']",0,0.9394960333256674
1576,ADVOCATE,1.3402668730411582,[],[],"['numpy', 'scikit-learn', 'sql', 'data analysis', 'nlp', 'git', 'tensorflow', 'machine learning', 'pytorch', 'data science', 'deep learning', 'data visualization', 'natural language processing', 'python', 'pandas']",0,0.9381868111288106
1577,CONSULTANT,1.340255695424806,[],[],"['numpy', 'scikit-learn', 'sql', 'data analysis', 'nlp', 'git', 'tensorflow', 'machine learning', 'pytorch', 'data science', 'deep learning', 'data visualization', 'natural language processing', 'python', 'pandas']",0,0.9381789867973641
1578,ARTS,1.3401895520750982,[],[],"['numpy', 'scikit-learn', 'sql', 'data analysis', 'nlp', 'git', 'tensorflow', 'machine learning', 'pytorch', 'data science', 'deep learning', 'data visualization', 'natural language processing', 'python', 'pandas']",0,0.9381326864525686
1579,PUBLIC-RELATIONS,1.3391217599793257,[],[],"['numpy', 'scikit-learn', 'sql', 'data analysis', 'nlp', 'git', 'tensorflow', 'machine learning', 'pytorch', 'data science', 'deep learning', 'data visualization', 'natural language processing', 'python', 'pandas']",0,0.9373852319855279
1580,APPAREL,1.3388903289424179,[],[],"['numpy', 'scikit-learn', 'sql', 'data analysis', 'nlp', 'git', 'tensorflow', 'machine learning', 'pytorch', 'data science', 'deep learning', 'data visualization', 'natural language processing', 'python', 'pandas']",0,0.9372232302596925
1581,AVIATION,1.338691912586866,[],[],"['numpy', 'scikit-learn', 'sql', 'data analysis', 'nlp', 'git', 'tensorflow', 'machine learning', 'pytorch', 'data science', 'deep learning', 'data visualization', 'natural language processing', 'python', 'pandas']",0,0.9370843388108061
1582,FINANCE,1.3373814352365772,[],[],"['numpy', 'scikit-learn', 'sql', 'data analysis', 'nlp', 'git', 'tensorflow', 'machine learning', 'pytorch', 'data science', 'deep learning', 'data visualization', 'natural language processing', 'python', 'pandas']",0,0.936167004665604
1583,FITNESS,1.3363611191764466,[],[],"['numpy', 'scikit-learn', 'sql', 'data analysis', 'nlp', 'git', 'tensorflow', 'machine learning', 'pytorch', 'data science', 'deep learning', 'data visualization', 'natural language processing', 'python', 'pandas']",0,0.9354527834235126
1584,APPAREL,1.3362987981133012,[],[],"['numpy', 'scikit-learn', 'sql', 'data analysis', 'nlp', 'git', 'tensorflow', 'machine learning', 'pytorch', 'data science', 'deep learning', 'data visualization', 'natural language processing', 'python', 'pandas']",0,0.9354091586793107
1585,FINANCE,1.3348015627991328,[],[],"['numpy', 'scikit-learn', 'sql', 'data analysis', 'nlp', 'git', 'tensorflow', 'machine learning', 'pytorch', 'data science', 'deep learning', 'data visualization', 'natural language processing', 'python', 'pandas']",0,0.9343610939593928
1586,ACCOUNTANT,1.3313419345678261,[],[],"['numpy', 'scikit-learn', 'sql', 'data analysis', 'nlp', 'git', 'tensorflow', 'machine learning', 'pytorch', 'data science', 'deep learning', 'data visualization', 'natural language processing', 'python', 'pandas']",0,0.9319393541974782
1587,CONSULTANT,1.3256811189868192,[],[],"['numpy', 'scikit-learn', 'sql', 'data analysis', 'nlp', 'git', 'tensorflow', 'machine learning', 'pytorch', 'data science', 'deep learning', 'data visualization', 'natural language processing', 'python', 'pandas']",0,0.9279767832907734
1588,CONSTRUCTION,1.3250866861476476,[],[],"['numpy', 'scikit-learn', 'sql', 'data analysis', 'nlp', 'git', 'tensorflow', 'machine learning', 'pytorch', 'data science', 'deep learning', 'data visualization', 'natural language processing', 'python', 'pandas']",0,0.9275606803033533
1589,CONSTRUCTION,1.323928854050271,[],[],"['numpy', 'scikit-learn', 'sql', 'data analysis', 'nlp', 'git', 'tensorflow', 'machine learning', 'pytorch', 'data science', 'deep learning', 'data visualization', 'natural language processing', 'python', 'pandas']",0,0.9267501978351896
1590,CONSTRUCTION,1.3210615936540806,[],[],"['numpy', 'scikit-learn', 'sql', 'data analysis', 'nlp', 'git', 'tensorflow', 'machine learning', 'pytorch', 'data science', 'deep learning', 'data visualization', 'natural language processing', 'python', 'pandas']",0,0.9247431155578564
1591,BANKING,1.3173726790868505,[],[],"['numpy', 'scikit-learn', 'sql', 'data analysis', 'nlp', 'git', 'tensorflow', 'machine learning', 'pytorch', 'data science', 'deep learning', 'data visualization', 'natural language processing', 'python', 'pandas']",0,0.9221608753607953
1592,FINANCE,1.3163027175443103,[],[],"['numpy', 'scikit-learn', 'sql', 'data analysis', 'nlp', 'git', 'tensorflow', 'machine learning', 'pytorch', 'data science', 'deep learning', 'data visualization', 'natural language processing', 'python', 'pandas']",0,0.9214119022810171
1593,FINANCE,1.3125979173496647,[],[],"['numpy', 'scikit-learn', 'sql', 'data analysis', 'nlp', 'git', 'tensorflow', 'machine learning', 'pytorch', 'data science', 'deep learning', 'data visualization', 'natural language processing', 'python', 'pandas']",0,0.9188185421447652
1594,AUTOMOBILE,1.3115321311516417,[],[],"['numpy', 'scikit-learn', 'sql', 'data analysis', 'nlp', 'git', 'tensorflow', 'machine learning', 'pytorch', 'data science', 'deep learning', 'data visualization', 'natural language processing', 'python', 'pandas']",0,0.9180724918061491
1595,CONSTRUCTION,1.3108245294451955,[],[],"['numpy', 'scikit-learn', 'sql', 'data analysis', 'nlp', 'git', 'tensorflow', 'machine learning', 'pytorch', 'data science', 'deep learning', 'data visualization', 'natural language processing', 'python', 'pandas']",0,0.9175771706116368
1596,HEALTHCARE,1.309770731529795,[],[],"['numpy', 'scikit-learn', 'sql', 'data analysis', 'nlp', 'git', 'tensorflow', 'machine learning', 'pytorch', 'data science', 'deep learning', 'data visualization', 'natural language processing', 'python', 'pandas']",0,0.9168395120708565
1597,BUSINESS-DEVELOPMENT,1.3005978039760988,[],[],"['numpy', 'scikit-learn', 'sql', 'data analysis', 'nlp', 'git', 'tensorflow', 'machine learning', 'pytorch', 'data science', 'deep learning', 'data visualization', 'natural language processing', 'python', 'pandas']",0,0.9104184627832691
1598,HEALTHCARE,1.300549974414984,[],[],"['numpy', 'scikit-learn', 'sql', 'data analysis', 'nlp', 'git', 'tensorflow', 'machine learning', 'pytorch', 'data science', 'deep learning', 'data visualization', 'natural language processing', 'python', 'pandas']",0,0.9103849820904887
1599,CONSTRUCTION,1.2977295995863936,[],[],"['numpy', 'scikit-learn', 'sql', 'data analysis', 'nlp', 'git', 'tensorflow', 'machine learning', 'pytorch', 'data science', 'deep learning', 'data visualization', 'natural language processing', 'python', 'pandas']",0,0.9084107197104754
1600,HR,1.2965861647219996,[],[],"['numpy', 'scikit-learn', 'sql', 'data analysis', 'nlp', 'git', 'tensorflow', 'machine learning', 'pytorch', 'data science', 'deep learning', 'data visualization', 'natural language processing', 'python', 'pandas']",0,0.9076103153053997
1601,FITNESS,1.2955612913559995,[],[],"['numpy', 'scikit-learn', 'sql', 'data analysis', 'nlp', 'git', 'tensorflow', 'machine learning', 'pytorch', 'data science', 'deep learning', 'data visualization', 'natural language processing', 'python', 'pandas']",0,0.9068929039491996
1602,ENGINEERING,1.2952588840874257,[],[],"['numpy', 'scikit-learn', 'sql', 'data analysis', 'nlp', 'git', 'tensorflow', 'machine learning', 'pytorch', 'data science', 'deep learning', 'data visualization', 'natural language processing', 'python', 'pandas']",0,0.9066812188611979
1603,ADVOCATE,1.2943660356769853,[],[],"['numpy', 'scikit-learn', 'sql', 'data analysis', 'nlp', 'git', 'tensorflow', 'machine learning', 'pytorch', 'data science', 'deep learning', 'data visualization', 'natural language processing', 'python', 'pandas']",0,0.9060562249738896
1604,CHEF,1.2935806373705168,[],[],"['numpy', 'scikit-learn', 'sql', 'data analysis', 'nlp', 'git', 'tensorflow', 'machine learning', 'pytorch', 'data science', 'deep learning', 'data visualization', 'natural language processing', 'python', 'pandas']",0,0.9055064461593617
1605,BANKING,1.2935219187136064,[],[],"['numpy', 'scikit-learn', 'sql', 'data analysis', 'nlp', 'git', 'tensorflow', 'machine learning', 'pytorch', 'data science', 'deep learning', 'data visualization', 'natural language processing', 'python', 'pandas']",0,0.9054653430995244
1606,BUSINESS-DEVELOPMENT,1.2935151328223384,[],[],"['numpy', 'scikit-learn', 'sql', 'data analysis', 'nlp', 'git', 'tensorflow', 'machine learning', 'pytorch', 'data science', 'deep learning', 'data visualization', 'natural language processing', 'python', 'pandas']",0,0.9054605929756369
1607,CONSTRUCTION,1.29305162142277,[],[],"['numpy', 'scikit-learn', 'sql', 'data analysis', 'nlp', 'git', 'tensorflow', 'machine learning', 'pytorch', 'data science', 'deep learning', 'data visualization', 'natural language processing', 'python', 'pandas']",0,0.905136134995939
1608,FITNESS,1.2916023506281378,[],[],"['numpy', 'scikit-learn', 'sql', 'data analysis', 'nlp', 'git', 'tensorflow', 'machine learning', 'pytorch', 'data science', 'deep learning', 'data visualization', 'natural language processing', 'python', 'pandas']",0,0.9041216454396964
1609,CHEF,1.291538025912955,[],[],"['numpy', 'scikit-learn', 'sql', 'data analysis', 'nlp', 'git', 'tensorflow', 'machine learning', 'pytorch', 'data science', 'deep learning', 'data visualization', 'natural language processing', 'python', 'pandas']",0,0.9040766181390684
1610,CONSTRUCTION,1.2903332368998168,[],[],"['numpy', 'scikit-learn', 'sql', 'data analysis', 'nlp', 'git', 'tensorflow', 'machine learning', 'pytorch', 'data science', 'deep learning', 'data visualization', 'natural language processing', 'python', 'pandas']",0,0.9032332658298717
1611,HEALTHCARE,1.2889440987879892,[],[],"['numpy', 'scikit-learn', 'sql', 'data analysis', 'nlp', 'git', 'tensorflow', 'machine learning', 'pytorch', 'data science', 'deep learning', 'data visualization', 'natural language processing', 'python', 'pandas']",0,0.9022608691515924
1612,CONSULTANT,1.2835771622250722,[],[],"['numpy', 'scikit-learn', 'sql', 'data analysis', 'nlp', 'git', 'tensorflow', 'machine learning', 'pytorch', 'data science', 'deep learning', 'data visualization', 'natural language processing', 'python', 'pandas']",0,0.8985040135575505
1613,HR,1.2830460455041652,[],[],"['numpy', 'scikit-learn', 'sql', 'data analysis', 'nlp', 'git', 'tensorflow', 'machine learning', 'pytorch', 'data science', 'deep learning', 'data visualization', 'natural language processing', 'python', 'pandas']",0,0.8981322318529156
1614,INFORMATION-TECHNOLOGY,1.2818493236230644,[],[],"['numpy', 'scikit-learn', 'sql', 'data analysis', 'nlp', 'git', 'tensorflow', 'machine learning', 'pytorch', 'data science', 'deep learning', 'data visualization', 'natural language processing', 'python', 'pandas']",0,0.8972945265361449
1615,CHEF,1.279505050801603,[],[],"['numpy', 'scikit-learn', 'sql', 'data analysis', 'nlp', 'git', 'tensorflow', 'machine learning', 'pytorch', 'data science', 'deep learning', 'data visualization', 'natural language processing', 'python', 'pandas']",0,0.895653535561122
1616,INFORMATION-TECHNOLOGY,1.2753599866980803,[],[],"['numpy', 'scikit-learn', 'sql', 'data analysis', 'nlp', 'git', 'tensorflow', 'machine learning', 'pytorch', 'data science', 'deep learning', 'data visualization', 'natural language processing', 'python', 'pandas']",0,0.8927519906886561
1617,ENGINEERING,1.2717755993237523,[],[],"['numpy', 'scikit-learn', 'sql', 'data analysis', 'nlp', 'git', 'tensorflow', 'machine learning', 'pytorch', 'data science', 'deep learning', 'data visualization', 'natural language processing', 'python', 'pandas']",0,0.8902429195266265
1618,AGRICULTURE,1.2715162250960823,[],[],"['numpy', 'scikit-learn', 'sql', 'data analysis', 'nlp', 'git', 'tensorflow', 'machine learning', 'pytorch', 'data science', 'deep learning', 'data visualization', 'natural language processing', 'python', 'pandas']",0,0.8900613575672576
1619,AUTOMOBILE,1.2700811848633555,[],[],"['numpy', 'scikit-learn', 'sql', 'data analysis', 'nlp', 'git', 'tensorflow', 'machine learning', 'pytorch', 'data science', 'deep learning', 'data visualization', 'natural language processing', 'python', 'pandas']",0,0.8890568294043488
1620,CONSTRUCTION,1.269203062635927,[],[],"['numpy', 'scikit-learn', 'sql', 'data analysis', 'nlp', 'git', 'tensorflow', 'machine learning', 'pytorch', 'data science', 'deep learning', 'data visualization', 'natural language processing', 'python', 'pandas']",0,0.8884421438451489
1621,BUSINESS-DEVELOPMENT,1.2686948090498074,[],[],"['numpy', 'scikit-learn', 'sql', 'data analysis', 'nlp', 'git', 'tensorflow', 'machine learning', 'pytorch', 'data science', 'deep learning', 'data visualization', 'natural language processing', 'python', 'pandas']",0,0.888086366334865
1622,ARTS,1.2677723128606604,[],[],"['numpy', 'scikit-learn', 'sql', 'data analysis', 'nlp', 'git', 'tensorflow', 'machine learning', 'pytorch', 'data science', 'deep learning', 'data visualization', 'natural language processing', 'python', 'pandas']",0,0.8874406190024622
1623,CONSTRUCTION,1.266564509297009,[],[],"['numpy', 'scikit-learn', 'sql', 'data analysis', 'nlp', 'git', 'tensorflow', 'machine learning', 'pytorch', 'data science', 'deep learning', 'data visualization', 'natural language processing', 'python', 'pandas']",0,0.8865951565079062
1624,CONSULTANT,1.2661093645387467,[],[],"['numpy', 'scikit-learn', 'sql', 'data analysis', 'nlp', 'git', 'tensorflow', 'machine learning', 'pytorch', 'data science', 'deep learning', 'data visualization', 'natural language processing', 'python', 'pandas']",0,0.8862765551771226
1625,HEALTHCARE,1.2649215655734438,[],[],"['numpy', 'scikit-learn', 'sql', 'data analysis', 'nlp', 'git', 'tensorflow', 'machine learning', 'pytorch', 'data science', 'deep learning', 'data visualization', 'natural language processing', 'python', 'pandas']",0,0.8854450959014106
1626,BANKING,1.2638331399317855,[],[],"['numpy', 'scikit-learn', 'sql', 'data analysis', 'nlp', 'git', 'tensorflow', 'machine learning', 'pytorch', 'data science', 'deep learning', 'data visualization', 'natural language processing', 'python', 'pandas']",0,0.8846831979522498
1627,CHEF,1.2629488434373275,[],[],"['numpy', 'scikit-learn', 'sql', 'data analysis', 'nlp', 'git', 'tensorflow', 'machine learning', 'pytorch', 'data science', 'deep learning', 'data visualization', 'natural language processing', 'python', 'pandas']",0,0.8840641904061292
1628,CHEF,1.2621988799033528,[],[],"['numpy', 'scikit-learn', 'sql', 'data analysis', 'nlp', 'git', 'tensorflow', 'machine learning', 'pytorch', 'data science', 'deep learning', 'data visualization', 'natural language processing', 'python', 'pandas']",0,0.8835392159323469
1629,CHEF,1.2600350225361412,[],[],"['numpy', 'scikit-learn', 'sql', 'data analysis', 'nlp', 'git', 'tensorflow', 'machine learning', 'pytorch', 'data science', 'deep learning', 'data visualization', 'natural language processing', 'python', 'pandas']",0,0.8820245157752987
1630,FINANCE,1.258240484426592,[],[],"['numpy', 'scikit-learn', 'sql', 'data analysis', 'nlp', 'git', 'tensorflow', 'machine learning', 'pytorch', 'data science', 'deep learning', 'data visualization', 'natural language processing', 'python', 'pandas']",0,0.8807683390986143
1631,AVIATION,1.2578835594398725,[],[],"['numpy', 'scikit-learn', 'sql', 'data analysis', 'nlp', 'git', 'tensorflow', 'machine learning', 'pytorch', 'data science', 'deep learning', 'data visualization', 'natural language processing', 'python', 'pandas']",0,0.8805184916079107
1632,ENGINEERING,1.2576589507868303,[],[],"['numpy', 'scikit-learn', 'sql', 'data analysis', 'nlp', 'git', 'tensorflow', 'machine learning', 'pytorch', 'data science', 'deep learning', 'data visualization', 'natural language processing', 'python', 'pandas']",0,0.8803612655507812
1633,CONSTRUCTION,1.256234821793714,[],[],"['numpy', 'scikit-learn', 'sql', 'data analysis', 'nlp', 'git', 'tensorflow', 'machine learning', 'pytorch', 'data science', 'deep learning', 'data visualization', 'natural language processing', 'python', 'pandas']",0,0.8793643752555997
1634,BANKING,1.2555322200042007,[],[],"['numpy', 'scikit-learn', 'sql', 'data analysis', 'nlp', 'git', 'tensorflow', 'machine learning', 'pytorch', 'data science', 'deep learning', 'data visualization', 'natural language processing', 'python', 'pandas']",0,0.8788725540029404
1635,FITNESS,1.2553854556101527,[],[],"['numpy', 'scikit-learn', 'sql', 'data analysis', 'nlp', 'git', 'tensorflow', 'machine learning', 'pytorch', 'data science', 'deep learning', 'data visualization', 'natural language processing', 'python', 'pandas']",0,0.8787698189271068
1636,AVIATION,1.2550918036671872,[],[],"['numpy', 'scikit-learn', 'sql', 'data analysis', 'nlp', 'git', 'tensorflow', 'machine learning', 'pytorch', 'data science', 'deep learning', 'data visualization', 'natural language processing', 'python', 'pandas']",0,0.878564262567031
1637,CONSULTANT,1.2508840709939395,[],[],"['numpy', 'scikit-learn', 'sql', 'data analysis', 'nlp', 'git', 'tensorflow', 'machine learning', 'pytorch', 'data science', 'deep learning', 'data visualization', 'natural language processing', 'python', 'pandas']",0,0.8756188496957575
1638,AVIATION,1.2507510843141902,[],[],"['numpy', 'scikit-learn', 'sql', 'data analysis', 'nlp', 'git', 'tensorflow', 'machine learning', 'pytorch', 'data science', 'deep learning', 'data visualization', 'natural language processing', 'python', 'pandas']",0,0.8755257590199331
1639,FINANCE,1.245128660260124,[],[],"['numpy', 'scikit-learn', 'sql', 'data analysis', 'nlp', 'git', 'tensorflow', 'machine learning', 'pytorch', 'data science', 'deep learning', 'data visualization', 'natural language processing', 'python', 'pandas']",0,0.8715900621820867
1640,ACCOUNTANT,1.2442391655468705,[],[],"['numpy', 'scikit-learn', 'sql', 'data analysis', 'nlp', 'git', 'tensorflow', 'machine learning', 'pytorch', 'data science', 'deep learning', 'data visualization', 'natural language processing', 'python', 'pandas']",0,0.8709674158828093
1641,ENGINEERING,1.2425421051832066,[],[],"['numpy', 'scikit-learn', 'sql', 'data analysis', 'nlp', 'git', 'tensorflow', 'machine learning', 'pytorch', 'data science', 'deep learning', 'data visualization', 'natural language processing', 'python', 'pandas']",0,0.8697794736282446
1642,BUSINESS-DEVELOPMENT,1.238787504055878,[],[],"['numpy', 'scikit-learn', 'sql', 'data analysis', 'nlp', 'git', 'tensorflow', 'machine learning', 'pytorch', 'data science', 'deep learning', 'data visualization', 'natural language processing', 'python', 'pandas']",0,0.8671512528391145
1643,CONSULTANT,1.2340690226113555,[],[],"['numpy', 'scikit-learn', 'sql', 'data analysis', 'nlp', 'git', 'tensorflow', 'machine learning', 'pytorch', 'data science', 'deep learning', 'data visualization', 'natural language processing', 'python', 'pandas']",0,0.8638483158279489
1644,FINANCE,1.234013143236457,[],[],"['numpy', 'scikit-learn', 'sql', 'data analysis', 'nlp', 'git', 'tensorflow', 'machine learning', 'pytorch', 'data science', 'deep learning', 'data visualization', 'natural language processing', 'python', 'pandas']",0,0.8638092002655198
1645,BUSINESS-DEVELOPMENT,1.23353055782403,[],[],"['numpy', 'scikit-learn', 'sql', 'data analysis', 'nlp', 'git', 'tensorflow', 'machine learning', 'pytorch', 'data science', 'deep learning', 'data visualization', 'natural language processing', 'python', 'pandas']",0,0.863471390476821
1646,DIGITAL-MEDIA,1.2284875986290498,[],[],"['numpy', 'scikit-learn', 'sql', 'data analysis', 'nlp', 'git', 'tensorflow', 'machine learning', 'pytorch', 'data science', 'deep learning', 'data visualization', 'natural language processing', 'python', 'pandas']",0,0.8599413190403348
1647,SALES,1.2283152236645671,[],[],"['numpy', 'scikit-learn', 'sql', 'data analysis', 'nlp', 'git', 'tensorflow', 'machine learning', 'pytorch', 'data science', 'deep learning', 'data visualization', 'natural language processing', 'python', 'pandas']",0,0.8598206565651969
1648,HR,1.2239125512763838,[],[],"['numpy', 'scikit-learn', 'sql', 'data analysis', 'nlp', 'git', 'tensorflow', 'machine learning', 'pytorch', 'data science', 'deep learning', 'data visualization', 'natural language processing', 'python', 'pandas']",0,0.8567387858934686
1649,BANKING,1.2210238518954686,[],[],"['numpy', 'scikit-learn', 'sql', 'data analysis', 'nlp', 'git', 'tensorflow', 'machine learning', 'pytorch', 'data science', 'deep learning', 'data visualization', 'natural language processing', 'python', 'pandas']",0,0.854716696326828
1650,ADVOCATE,1.2203997002748233,[],[],"['numpy', 'scikit-learn', 'sql', 'data analysis', 'nlp', 'git', 'tensorflow', 'machine learning', 'pytorch', 'data science', 'deep learning', 'data visualization', 'natural language processing', 'python', 'pandas']",0,0.8542797901923762
1651,ACCOUNTANT,1.2170652110841087,[],[],"['numpy', 'scikit-learn', 'sql', 'data analysis', 'nlp', 'git', 'tensorflow', 'machine learning', 'pytorch', 'data science', 'deep learning', 'data visualization', 'natural language processing', 'python', 'pandas']",0,0.851945647758876
1652,AVIATION,1.2167091434848776,[],[],"['numpy', 'scikit-learn', 'sql', 'data analysis', 'nlp', 'git', 'tensorflow', 'machine learning', 'pytorch', 'data science', 'deep learning', 'data visualization', 'natural language processing', 'python', 'pandas']",0,0.8516964004394143
1653,TEACHER,1.21654572670475,[],[],"['numpy', 'scikit-learn', 'sql', 'data analysis', 'nlp', 'git', 'tensorflow', 'machine learning', 'pytorch', 'data science', 'deep learning', 'data visualization', 'natural language processing', 'python', 'pandas']",0,0.8515820086933249
1654,ADVOCATE,1.2127355280728973,[],[],"['numpy', 'scikit-learn', 'sql', 'data analysis', 'nlp', 'git', 'tensorflow', 'machine learning', 'pytorch', 'data science', 'deep learning', 'data visualization', 'natural language processing', 'python', 'pandas']",0,0.848914869651028
1655,HR,1.2102253238620166,[],[],"['numpy', 'scikit-learn', 'sql', 'data analysis', 'nlp', 'git', 'tensorflow', 'machine learning', 'pytorch', 'data science', 'deep learning', 'data visualization', 'natural language processing', 'python', 'pandas']",0,0.8471577267034116
1656,SALES,1.2100167410338791,[],[],"['numpy', 'scikit-learn', 'sql', 'data analysis', 'nlp', 'git', 'tensorflow', 'machine learning', 'pytorch', 'data science', 'deep learning', 'data visualization', 'natural language processing', 'python', 'pandas']",0,0.8470117187237154
1657,CHEF,1.2088940755616222,[],[],"['numpy', 'scikit-learn', 'sql', 'data analysis', 'nlp', 'git', 'tensorflow', 'machine learning', 'pytorch', 'data science', 'deep learning', 'data visualization', 'natural language processing', 'python', 'pandas']",0,0.8462258528931355
1658,AGRICULTURE,1.2082248747838749,[],[],"['numpy', 'scikit-learn', 'sql', 'data analysis', 'nlp', 'git', 'tensorflow', 'machine learning', 'pytorch', 'data science', 'deep learning', 'data visualization', 'natural language processing', 'python', 'pandas']",0,0.8457574123487124
1659,APPAREL,1.2053944875350668,[],[],"['numpy', 'scikit-learn', 'sql', 'data analysis', 'nlp', 'git', 'tensorflow', 'machine learning', 'pytorch', 'data science', 'deep learning', 'data visualization', 'natural language processing', 'python', 'pandas']",0,0.8437761412745467
1660,PUBLIC-RELATIONS,1.203245661535328,[],[],"['numpy', 'scikit-learn', 'sql', 'data analysis', 'nlp', 'git', 'tensorflow', 'machine learning', 'pytorch', 'data science', 'deep learning', 'data visualization', 'natural language processing', 'python', 'pandas']",0,0.8422719630747295
1661,CONSTRUCTION,1.2016444301595954,[],[],"['numpy', 'scikit-learn', 'sql', 'data analysis', 'nlp', 'git', 'tensorflow', 'machine learning', 'pytorch', 'data science', 'deep learning', 'data visualization', 'natural language processing', 'python', 'pandas']",0,0.8411511011117168
1662,AUTOMOBILE,1.1950750222452708,[],[],"['numpy', 'scikit-learn', 'sql', 'data analysis', 'nlp', 'git', 'tensorflow', 'machine learning', 'pytorch', 'data science', 'deep learning', 'data visualization', 'natural language processing', 'python', 'pandas']",0,0.8365525155716895
1663,CONSTRUCTION,1.1948871348396986,[],[],"['numpy', 'scikit-learn', 'sql', 'data analysis', 'nlp', 'git', 'tensorflow', 'machine learning', 'pytorch', 'data science', 'deep learning', 'data visualization', 'natural language processing', 'python', 'pandas']",0,0.8364209943877889
1664,SALES,1.1901282900657122,[],[],"['numpy', 'scikit-learn', 'sql', 'data analysis', 'nlp', 'git', 'tensorflow', 'machine learning', 'pytorch', 'data science', 'deep learning', 'data visualization', 'natural language processing', 'python', 'pandas']",0,0.8330898030459984
1665,AGRICULTURE,1.1900054033352532,[],[],"['numpy', 'scikit-learn', 'sql', 'data analysis', 'nlp', 'git', 'tensorflow', 'machine learning', 'pytorch', 'data science', 'deep learning', 'data visualization', 'natural language processing', 'python', 'pandas']",0,0.8330037823346772
1666,SALES,1.1885490957263969,[],[],"['numpy', 'scikit-learn', 'sql', 'data analysis', 'nlp', 'git', 'tensorflow', 'machine learning', 'pytorch', 'data science', 'deep learning', 'data visualization', 'natural language processing', 'python', 'pandas']",0,0.8319843670084778
1667,ARTS,1.1884879878419774,[],[],"['numpy', 'scikit-learn', 'sql', 'data analysis', 'nlp', 'git', 'tensorflow', 'machine learning', 'pytorch', 'data science', 'deep learning', 'data visualization', 'natural language processing', 'python', 'pandas']",0,0.8319415914893842
1668,PUBLIC-RELATIONS,1.1884066068095922,[],[],"['numpy', 'scikit-learn', 'sql', 'data analysis', 'nlp', 'git', 'tensorflow', 'machine learning', 'pytorch', 'data science', 'deep learning', 'data visualization', 'natural language processing', 'python', 'pandas']",0,0.8318846247667145
1669,BUSINESS-DEVELOPMENT,1.1850906158958319,[],[],"['numpy', 'scikit-learn', 'sql', 'data analysis', 'nlp', 'git', 'tensorflow', 'machine learning', 'pytorch', 'data science', 'deep learning', 'data visualization', 'natural language processing', 'python', 'pandas']",0,0.8295634311270823
1670,PUBLIC-RELATIONS,1.1835189855287895,[],[],"['numpy', 'scikit-learn', 'sql', 'data analysis', 'nlp', 'git', 'tensorflow', 'machine learning', 'pytorch', 'data science', 'deep learning', 'data visualization', 'natural language processing', 'python', 'pandas']",0,0.8284632898701526
1671,BANKING,1.1787335447769838,[],[],"['numpy', 'scikit-learn', 'sql', 'data analysis', 'nlp', 'git', 'tensorflow', 'machine learning', 'pytorch', 'data science', 'deep learning', 'data visualization', 'natural language processing', 'python', 'pandas']",0,0.8251134813438886
1672,APPAREL,1.1778012360696397,[],[],"['numpy', 'scikit-learn', 'sql', 'data analysis', 'nlp', 'git', 'tensorflow', 'machine learning', 'pytorch', 'data science', 'deep learning', 'data visualization', 'natural language processing', 'python', 'pandas']",0,0.8244608652487477
1673,AGRICULTURE,1.1771725769872277,[],[],"['numpy', 'scikit-learn', 'sql', 'data analysis', 'nlp', 'git', 'tensorflow', 'machine learning', 'pytorch', 'data science', 'deep learning', 'data visualization', 'natural language processing', 'python', 'pandas']",0,0.8240208038910594
1674,ADVOCATE,1.1761158802919365,[],[],"['numpy', 'scikit-learn', 'sql', 'data analysis', 'nlp', 'git', 'tensorflow', 'machine learning', 'pytorch', 'data science', 'deep learning', 'data visualization', 'natural language processing', 'python', 'pandas']",0,0.8232811162043555
1675,CHEF,1.1758084743260793,[],[],"['numpy', 'scikit-learn', 'sql', 'data analysis', 'nlp', 'git', 'tensorflow', 'machine learning', 'pytorch', 'data science', 'deep learning', 'data visualization', 'natural language processing', 'python', 'pandas']",0,0.8230659320282554
1676,FINANCE,1.1741960970943217,[],[],"['numpy', 'scikit-learn', 'sql', 'data analysis', 'nlp', 'git', 'tensorflow', 'machine learning', 'pytorch', 'data science', 'deep learning', 'data visualization', 'natural language processing', 'python', 'pandas']",0,0.8219372679660252
1677,FINANCE,1.1704819395177863,[],[],"['numpy', 'scikit-learn', 'sql', 'data analysis', 'nlp', 'git', 'tensorflow', 'machine learning', 'pytorch', 'data science', 'deep learning', 'data visualization', 'natural language processing', 'python', 'pandas']",0,0.8193373576624504
1678,FITNESS,1.1701275956945867,[],[],"['numpy', 'scikit-learn', 'sql', 'data analysis', 'nlp', 'git', 'tensorflow', 'machine learning', 'pytorch', 'data science', 'deep learning', 'data visualization', 'natural language processing', 'python', 'pandas']",0,0.8190893169862107
1679,ACCOUNTANT,1.168594046628082,[],[],"['numpy', 'scikit-learn', 'sql', 'data analysis', 'nlp', 'git', 'tensorflow', 'machine learning', 'pytorch', 'data science', 'deep learning', 'data visualization', 'natural language processing', 'python', 'pandas']",0,0.8180158326396574
1680,CHEF,1.1658579716631883,[],[],"['numpy', 'scikit-learn', 'sql', 'data analysis', 'nlp', 'git', 'tensorflow', 'machine learning', 'pytorch', 'data science', 'deep learning', 'data visualization', 'natural language processing', 'python', 'pandas']",0,0.8161005801642317
1681,ARTS,1.1645711094291524,[],[],"['numpy', 'scikit-learn', 'sql', 'data analysis', 'nlp', 'git', 'tensorflow', 'machine learning', 'pytorch', 'data science', 'deep learning', 'data visualization', 'natural language processing', 'python', 'pandas']",0,0.8151997766004067
1682,ADVOCATE,1.1630429580114243,[],[],"['numpy', 'scikit-learn', 'sql', 'data analysis', 'nlp', 'git', 'tensorflow', 'machine learning', 'pytorch', 'data science', 'deep learning', 'data visualization', 'natural language processing', 'python', 'pandas']",0,0.814130070607997
1683,SALES,1.1610541782899428,[],[],"['numpy', 'scikit-learn', 'sql', 'data analysis', 'nlp', 'git', 'tensorflow', 'machine learning', 'pytorch', 'data science', 'deep learning', 'data visualization', 'natural language processing', 'python', 'pandas']",0,0.8127379248029599
1684,ENGINEERING,1.159002782931921,[],[],"['numpy', 'scikit-learn', 'sql', 'data analysis', 'nlp', 'git', 'tensorflow', 'machine learning', 'pytorch', 'data science', 'deep learning', 'data visualization', 'natural language processing', 'python', 'pandas']",0,0.8113019480523446
1685,FINANCE,1.157893224056233,[],[],"['numpy', 'scikit-learn', 'sql', 'data analysis', 'nlp', 'git', 'tensorflow', 'machine learning', 'pytorch', 'data science', 'deep learning', 'data visualization', 'natural language processing', 'python', 'pandas']",0,0.810525256839363
1686,ARTS,1.1578417679980468,[],[],"['numpy', 'scikit-learn', 'sql', 'data analysis', 'nlp', 'git', 'tensorflow', 'machine learning', 'pytorch', 'data science', 'deep learning', 'data visualization', 'natural language processing', 'python', 'pandas']",0,0.8104892375986328
1687,BUSINESS-DEVELOPMENT,1.156310295270115,[],[],"['numpy', 'scikit-learn', 'sql', 'data analysis', 'nlp', 'git', 'tensorflow', 'machine learning', 'pytorch', 'data science', 'deep learning', 'data visualization', 'natural language processing', 'python', 'pandas']",0,0.8094172066890805
1688,SALES,1.1551235861699363,[],[],"['numpy', 'scikit-learn', 'sql', 'data analysis', 'nlp', 'git', 'tensorflow', 'machine learning', 'pytorch', 'data science', 'deep learning', 'data visualization', 'natural language processing', 'python', 'pandas']",0,0.8085865103189553
1689,SALES,1.1549713028310074,[],[],"['numpy', 'scikit-learn', 'sql', 'data analysis', 'nlp', 'git', 'tensorflow', 'machine learning', 'pytorch', 'data science', 'deep learning', 'data visualization', 'natural language processing', 'python', 'pandas']",0,0.8084799119817051
1690,AVIATION,1.1518698691338125,[],[],"['numpy', 'scikit-learn', 'sql', 'data analysis', 'nlp', 'git', 'tensorflow', 'machine learning', 'pytorch', 'data science', 'deep learning', 'data visualization', 'natural language processing', 'python', 'pandas']",0,0.8063089083936688
1691,HR,1.1515910834762568,[],[],"['numpy', 'scikit-learn', 'sql', 'data analysis', 'nlp', 'git', 'tensorflow', 'machine learning', 'pytorch', 'data science', 'deep learning', 'data visualization', 'natural language processing', 'python', 'pandas']",0,0.8061137584333797
1692,BANKING,1.1514980093275502,[],[],"['numpy', 'scikit-learn', 'sql', 'data analysis', 'nlp', 'git', 'tensorflow', 'machine learning', 'pytorch', 'data science', 'deep learning', 'data visualization', 'natural language processing', 'python', 'pandas']",0,0.8060486065292851
1693,CONSULTANT,1.1507983235084391,[],[],"['numpy', 'scikit-learn', 'sql', 'data analysis', 'nlp', 'git', 'tensorflow', 'machine learning', 'pytorch', 'data science', 'deep learning', 'data visualization', 'natural language processing', 'python', 'pandas']",0,0.8055588264559074
1694,SALES,1.1487859500790678,[],[],"['numpy', 'scikit-learn', 'sql', 'data analysis', 'nlp', 'git', 'tensorflow', 'machine learning', 'pytorch', 'data science', 'deep learning', 'data visualization', 'natural language processing', 'python', 'pandas']",0,0.8041501650553474
1695,ADVOCATE,1.148386541962609,[],[],"['numpy', 'scikit-learn', 'sql', 'data analysis', 'nlp', 'git', 'tensorflow', 'machine learning', 'pytorch', 'data science', 'deep learning', 'data visualization', 'natural language processing', 'python', 'pandas']",0,0.8038705793738262
1696,CONSTRUCTION,1.1465621482662314,[],[],"['numpy', 'scikit-learn', 'sql', 'data analysis', 'nlp', 'git', 'tensorflow', 'machine learning', 'pytorch', 'data science', 'deep learning', 'data visualization', 'natural language processing', 'python', 'pandas']",0,0.802593503786362
1697,DESIGNER,1.1438173130802456,[],[],"['numpy', 'scikit-learn', 'sql', 'data analysis', 'nlp', 'git', 'tensorflow', 'machine learning', 'pytorch', 'data science', 'deep learning', 'data visualization', 'natural language processing', 'python', 'pandas']",0,0.8006721191561719
1698,CHEF,1.1427064406330674,[],[],"['numpy', 'scikit-learn', 'sql', 'data analysis', 'nlp', 'git', 'tensorflow', 'machine learning', 'pytorch', 'data science', 'deep learning', 'data visualization', 'natural language processing', 'python', 'pandas']",0,0.7998945084431471
1699,BANKING,1.142663267380963,[],[],"['numpy', 'scikit-learn', 'sql', 'data analysis', 'nlp', 'git', 'tensorflow', 'machine learning', 'pytorch', 'data science', 'deep learning', 'data visualization', 'natural language processing', 'python', 'pandas']",0,0.799864287166674
1700,TEACHER,1.1417027861087399,[],[],"['numpy', 'scikit-learn', 'sql', 'data analysis', 'nlp', 'git', 'tensorflow', 'machine learning', 'pytorch', 'data science', 'deep learning', 'data visualization', 'natural language processing', 'python', 'pandas']",0,0.7991919502761179
1701,BANKING,1.14162483690191,[],[],"['numpy', 'scikit-learn', 'sql', 'data analysis', 'nlp', 'git', 'tensorflow', 'machine learning', 'pytorch', 'data science', 'deep learning', 'data visualization', 'natural language processing', 'python', 'pandas']",0,0.799137385831337
1702,AVIATION,1.1375348863504333,[],[],"['numpy', 'scikit-learn', 'sql', 'data analysis', 'nlp', 'git', 'tensorflow', 'machine learning', 'pytorch', 'data science', 'deep learning', 'data visualization', 'natural language processing', 'python', 'pandas']",0,0.7962744204453033
1703,AGRICULTURE,1.1352075725338422,[],[],"['numpy', 'scikit-learn', 'sql', 'data analysis', 'nlp', 'git', 'tensorflow', 'machine learning', 'pytorch', 'data science', 'deep learning', 'data visualization', 'natural language processing', 'python', 'pandas']",0,0.7946453007736894
1704,ACCOUNTANT,1.1322286961224484,[],[],"['numpy', 'scikit-learn', 'sql', 'data analysis', 'nlp', 'git', 'tensorflow', 'machine learning', 'pytorch', 'data science', 'deep learning', 'data visualization', 'natural language processing', 'python', 'pandas']",0,0.7925600872857138
1705,ADVOCATE,1.131415782818348,[],[],"['numpy', 'scikit-learn', 'sql', 'data analysis', 'nlp', 'git', 'tensorflow', 'machine learning', 'pytorch', 'data science', 'deep learning', 'data visualization', 'natural language processing', 'python', 'pandas']",0,0.7919910479728436
1706,SALES,1.1287596203147396,[],[],"['numpy', 'scikit-learn', 'sql', 'data analysis', 'nlp', 'git', 'tensorflow', 'machine learning', 'pytorch', 'data science', 'deep learning', 'data visualization', 'natural language processing', 'python', 'pandas']",0,0.7901317342203177
1707,FITNESS,1.127005182897563,[],[],"['numpy', 'scikit-learn', 'sql', 'data analysis', 'nlp', 'git', 'tensorflow', 'machine learning', 'pytorch', 'data science', 'deep learning', 'data visualization', 'natural language processing', 'python', 'pandas']",0,0.788903628028294
1708,CONSULTANT,1.1248836742514154,[],[],"['numpy', 'scikit-learn', 'sql', 'data analysis', 'nlp', 'git', 'tensorflow', 'machine learning', 'pytorch', 'data science', 'deep learning', 'data visualization', 'natural language processing', 'python', 'pandas']",0,0.7874185719759907
1709,CONSTRUCTION,1.1248096739066635,[],[],"['numpy', 'scikit-learn', 'sql', 'data analysis', 'nlp', 'git', 'tensorflow', 'machine learning', 'pytorch', 'data science', 'deep learning', 'data visualization', 'natural language processing', 'python', 'pandas']",0,0.7873667717346644
1710,AVIATION,1.1242454163332294,[],[],"['numpy', 'scikit-learn', 'sql', 'data analysis', 'nlp', 'git', 'tensorflow', 'machine learning', 'pytorch', 'data science', 'deep learning', 'data visualization', 'natural language processing', 'python', 'pandas']",0,0.7869717914332606
1711,SALES,1.122525895995785,[],[],"['numpy', 'scikit-learn', 'sql', 'data analysis', 'nlp', 'git', 'tensorflow', 'machine learning', 'pytorch', 'data science', 'deep learning', 'data visualization', 'natural language processing', 'python', 'pandas']",0,0.7857681271970494
1712,ADVOCATE,1.1202626720482025,[],[],"['numpy', 'scikit-learn', 'sql', 'data analysis', 'nlp', 'git', 'tensorflow', 'machine learning', 'pytorch', 'data science', 'deep learning', 'data visualization', 'natural language processing', 'python', 'pandas']",0,0.7841838704337417
1713,AUTOMOBILE,1.1200169450792115,[],[],"['numpy', 'scikit-learn', 'sql', 'data analysis', 'nlp', 'git', 'tensorflow', 'machine learning', 'pytorch', 'data science', 'deep learning', 'data visualization', 'natural language processing', 'python', 'pandas']",0,0.784011861555448
1714,BANKING,1.1197646736626128,[],[],"['numpy', 'scikit-learn', 'sql', 'data analysis', 'nlp', 'git', 'tensorflow', 'machine learning', 'pytorch', 'data science', 'deep learning', 'data visualization', 'natural language processing', 'python', 'pandas']",0,0.7838352715638289
1715,INFORMATION-TECHNOLOGY,1.1180226092168142,[],[],"['numpy', 'scikit-learn', 'sql', 'data analysis', 'nlp', 'git', 'tensorflow', 'machine learning', 'pytorch', 'data science', 'deep learning', 'data visualization', 'natural language processing', 'python', 'pandas']",0,0.7826158264517699
1716,ARTS,1.1176171348169281,[],[],"['numpy', 'scikit-learn', 'sql', 'data analysis', 'nlp', 'git', 'tensorflow', 'machine learning', 'pytorch', 'data science', 'deep learning', 'data visualization', 'natural language processing', 'python', 'pandas']",0,0.7823319943718496
1717,SALES,1.115848616444841,[],[],"['numpy', 'scikit-learn', 'sql', 'data analysis', 'nlp', 'git', 'tensorflow', 'machine learning', 'pytorch', 'data science', 'deep learning', 'data visualization', 'natural language processing', 'python', 'pandas']",0,0.7810940315113886
1718,ADVOCATE,1.114699763195468,[],[],"['numpy', 'scikit-learn', 'sql', 'data analysis', 'nlp', 'git', 'tensorflow', 'machine learning', 'pytorch', 'data science', 'deep learning', 'data visualization', 'natural language processing', 'python', 'pandas']",0,0.7802898342368276
1719,HR,1.1133168294589644,[],[],"['numpy', 'scikit-learn', 'sql', 'data analysis', 'nlp', 'git', 'tensorflow', 'machine learning', 'pytorch', 'data science', 'deep learning', 'data visualization', 'natural language processing', 'python', 'pandas']",0,0.779321780621275
1720,AVIATION,1.1081177821008943,[],[],"['numpy', 'scikit-learn', 'sql', 'data analysis', 'nlp', 'git', 'tensorflow', 'machine learning', 'pytorch', 'data science', 'deep learning', 'data visualization', 'natural language processing', 'python', 'pandas']",0,0.775682447470626
1721,ACCOUNTANT,1.1063716975561033,[],[],"['numpy', 'scikit-learn', 'sql', 'data analysis', 'nlp', 'git', 'tensorflow', 'machine learning', 'pytorch', 'data science', 'deep learning', 'data visualization', 'natural language processing', 'python', 'pandas']",0,0.7744601882892723
1722,FITNESS,1.1058682160849016,[],[],"['numpy', 'scikit-learn', 'sql', 'data analysis', 'nlp', 'git', 'tensorflow', 'machine learning', 'pytorch', 'data science', 'deep learning', 'data visualization', 'natural language processing', 'python', 'pandas']",0,0.7741077512594311
1723,ARTS,1.1044580463719063,[],[],"['numpy', 'scikit-learn', 'sql', 'data analysis', 'nlp', 'git', 'tensorflow', 'machine learning', 'pytorch', 'data science', 'deep learning', 'data visualization', 'natural language processing', 'python', 'pandas']",0,0.7731206324603344
1724,FITNESS,1.103756951323822,[],[],"['numpy', 'scikit-learn', 'sql', 'data analysis', 'nlp', 'git', 'tensorflow', 'machine learning', 'pytorch', 'data science', 'deep learning', 'data visualization', 'natural language processing', 'python', 'pandas']",0,0.7726298659266753
1725,SALES,1.1030578503808515,[],[],"['numpy', 'scikit-learn', 'sql', 'data analysis', 'nlp', 'git', 'tensorflow', 'machine learning', 'pytorch', 'data science', 'deep learning', 'data visualization', 'natural language processing', 'python', 'pandas']",0,0.772140495266596
1726,ACCOUNTANT,1.101368957980476,[],[],"['numpy', 'scikit-learn', 'sql', 'data analysis', 'nlp', 'git', 'tensorflow', 'machine learning', 'pytorch', 'data science', 'deep learning', 'data visualization', 'natural language processing', 'python', 'pandas']",0,0.7709582705863331
1727,PUBLIC-RELATIONS,1.1009651002809575,[],[],"['numpy', 'scikit-learn', 'sql', 'data analysis', 'nlp', 'git', 'tensorflow', 'machine learning', 'pytorch', 'data science', 'deep learning', 'data visualization', 'natural language processing', 'python', 'pandas']",0,0.7706755701966702
1728,FITNESS,1.097370166964836,[],[],"['numpy', 'scikit-learn', 'sql', 'data analysis', 'nlp', 'git', 'tensorflow', 'machine learning', 'pytorch', 'data science', 'deep learning', 'data visualization', 'natural language processing', 'python', 'pandas']",0,0.7681591168753851
1729,ADVOCATE,1.0956170971007744,[],[],"['numpy', 'scikit-learn', 'sql', 'data analysis', 'nlp', 'git', 'tensorflow', 'machine learning', 'pytorch', 'data science', 'deep learning', 'data visualization', 'natural language processing', 'python', 'pandas']",0,0.766931967970542
1730,APPAREL,1.0945819482238943,[],[],"['numpy', 'scikit-learn', 'sql', 'data analysis', 'nlp', 'git', 'tensorflow', 'machine learning', 'pytorch', 'data science', 'deep learning', 'data visualization', 'natural language processing', 'python', 'pandas']",0,0.7662073637567259
1731,BUSINESS-DEVELOPMENT,1.0937117702389962,[],[],"['numpy', 'scikit-learn', 'sql', 'data analysis', 'nlp', 'git', 'tensorflow', 'machine learning', 'pytorch', 'data science', 'deep learning', 'data visualization', 'natural language processing', 'python', 'pandas']",0,0.7655982391672973
1732,ACCOUNTANT,1.093537297299199,[],[],"['numpy', 'scikit-learn', 'sql', 'data analysis', 'nlp', 'git', 'tensorflow', 'machine learning', 'pytorch', 'data science', 'deep learning', 'data visualization', 'natural language processing', 'python', 'pandas']",0,0.7654761081094392
1733,HEALTHCARE,1.0933435088640353,[],[],"['numpy', 'scikit-learn', 'sql', 'data analysis', 'nlp', 'git', 'tensorflow', 'machine learning', 'pytorch', 'data science', 'deep learning', 'data visualization', 'natural language processing', 'python', 'pandas']",0,0.7653404562048247
1734,AVIATION,1.09129370573738,[],[],"['numpy', 'scikit-learn', 'sql', 'data analysis', 'nlp', 'git', 'tensorflow', 'machine learning', 'pytorch', 'data science', 'deep learning', 'data visualization', 'natural language processing', 'python', 'pandas']",0,0.7639055940161659
1735,HEALTHCARE,1.0908105040134037,[],[],"['numpy', 'scikit-learn', 'sql', 'data analysis', 'nlp', 'git', 'tensorflow', 'machine learning', 'pytorch', 'data science', 'deep learning', 'data visualization', 'natural language processing', 'python', 'pandas']",0,0.7635673528093826
1736,INFORMATION-TECHNOLOGY,1.0902456193376118,[],[],"['numpy', 'scikit-learn', 'sql', 'data analysis', 'nlp', 'git', 'tensorflow', 'machine learning', 'pytorch', 'data science', 'deep learning', 'data visualization', 'natural language processing', 'python', 'pandas']",0,0.7631719335363282
1737,HR,1.0870297173943395,[],[],"['numpy', 'scikit-learn', 'sql', 'data analysis', 'nlp', 'git', 'tensorflow', 'machine learning', 'pytorch', 'data science', 'deep learning', 'data visualization', 'natural language processing', 'python', 'pandas']",0,0.7609208021760376
1738,DIGITAL-MEDIA,1.0868772992439195,[],[],"['numpy', 'scikit-learn', 'sql', 'data analysis', 'nlp', 'git', 'tensorflow', 'machine learning', 'pytorch', 'data science', 'deep learning', 'data visualization', 'natural language processing', 'python', 'pandas']",0,0.7608141094707436
1739,BUSINESS-DEVELOPMENT,1.086862961494421,[],[],"['numpy', 'scikit-learn', 'sql', 'data analysis', 'nlp', 'git', 'tensorflow', 'machine learning', 'pytorch', 'data science', 'deep learning', 'data visualization', 'natural language processing', 'python', 'pandas']",0,0.7608040730460947
1740,FITNESS,1.083595915320926,[],[],"['numpy', 'scikit-learn', 'sql', 'data analysis', 'nlp', 'git', 'tensorflow', 'machine learning', 'pytorch', 'data science', 'deep learning', 'data visualization', 'natural language processing', 'python', 'pandas']",0,0.7585171407246482
1741,AUTOMOBILE,1.082780286980458,[],[],"['numpy', 'scikit-learn', 'sql', 'data analysis', 'nlp', 'git', 'tensorflow', 'machine learning', 'pytorch', 'data science', 'deep learning', 'data visualization', 'natural language processing', 'python', 'pandas']",0,0.7579462008863205
1742,DESIGNER,1.0825714554223214,[],[],"['numpy', 'scikit-learn', 'sql', 'data analysis', 'nlp', 'git', 'tensorflow', 'machine learning', 'pytorch', 'data science', 'deep learning', 'data visualization', 'natural language processing', 'python', 'pandas']",0,0.7578000187956249
1743,DESIGNER,1.0824969731553664,[],[],"['numpy', 'scikit-learn', 'sql', 'data analysis', 'nlp', 'git', 'tensorflow', 'machine learning', 'pytorch', 'data science', 'deep learning', 'data visualization', 'natural language processing', 'python', 'pandas']",0,0.7577478812087565
1744,BUSINESS-DEVELOPMENT,1.078856428841563,[],[],"['numpy', 'scikit-learn', 'sql', 'data analysis', 'nlp', 'git', 'tensorflow', 'machine learning', 'pytorch', 'data science', 'deep learning', 'data visualization', 'natural language processing', 'python', 'pandas']",0,0.755199500189094
1745,BUSINESS-DEVELOPMENT,1.078719719500854,[],[],"['numpy', 'scikit-learn', 'sql', 'data analysis', 'nlp', 'git', 'tensorflow', 'machine learning', 'pytorch', 'data science', 'deep learning', 'data visualization', 'natural language processing', 'python', 'pandas']",0,0.7551038036505977
1746,FINANCE,1.0787139282022584,[],[],"['numpy', 'scikit-learn', 'sql', 'data analysis', 'nlp', 'git', 'tensorflow', 'machine learning', 'pytorch', 'data science', 'deep learning', 'data visualization', 'natural language processing', 'python', 'pandas']",0,0.7550997497415809
1747,AGRICULTURE,1.0763509535645084,[],[],"['numpy', 'scikit-learn', 'sql', 'data analysis', 'nlp', 'git', 'tensorflow', 'machine learning', 'pytorch', 'data science', 'deep learning', 'data visualization', 'natural language processing', 'python', 'pandas']",0,0.7534456674951558
1748,CHEF,1.0760531979927241,[],[],"['numpy', 'scikit-learn', 'sql', 'data analysis', 'nlp', 'git', 'tensorflow', 'machine learning', 'pytorch', 'data science', 'deep learning', 'data visualization', 'natural language processing', 'python', 'pandas']",0,0.7532372385949069
1749,ACCOUNTANT,1.0752528837209283,[],[],"['numpy', 'scikit-learn', 'sql', 'data analysis', 'nlp', 'git', 'tensorflow', 'machine learning', 'pytorch', 'data science', 'deep learning', 'data visualization', 'natural language processing', 'python', 'pandas']",0,0.7526770186046498
1750,BUSINESS-DEVELOPMENT,1.0746895802724292,[],[],"['numpy', 'scikit-learn', 'sql', 'data analysis', 'nlp', 'git', 'tensorflow', 'machine learning', 'pytorch', 'data science', 'deep learning', 'data visualization', 'natural language processing', 'python', 'pandas']",0,0.7522827061907004
1751,AVIATION,1.072676230961869,[],[],"['numpy', 'scikit-learn', 'sql', 'data analysis', 'nlp', 'git', 'tensorflow', 'machine learning', 'pytorch', 'data science', 'deep learning', 'data visualization', 'natural language processing', 'python', 'pandas']",0,0.7508733616733082
1752,FINANCE,1.0636350730046726,[],[],"['numpy', 'scikit-learn', 'sql', 'data analysis', 'nlp', 'git', 'tensorflow', 'machine learning', 'pytorch', 'data science', 'deep learning', 'data visualization', 'natural language processing', 'python', 'pandas']",0,0.7445445511032708
1753,BUSINESS-DEVELOPMENT,1.0633320395443153,[],[],"['numpy', 'scikit-learn', 'sql', 'data analysis', 'nlp', 'git', 'tensorflow', 'machine learning', 'pytorch', 'data science', 'deep learning', 'data visualization', 'natural language processing', 'python', 'pandas']",0,0.7443324276810207
1754,BANKING,1.0607386132180472,[],[],"['numpy', 'scikit-learn', 'sql', 'data analysis', 'nlp', 'git', 'tensorflow', 'machine learning', 'pytorch', 'data science', 'deep learning', 'data visualization', 'natural language processing', 'python', 'pandas']",0,0.742517029252633
1755,ENGINEERING,1.057488521462352,[],[],"['numpy', 'scikit-learn', 'sql', 'data analysis', 'nlp', 'git', 'tensorflow', 'machine learning', 'pytorch', 'data science', 'deep learning', 'data visualization', 'natural language processing', 'python', 'pandas']",0,0.7402419650236464
1756,ARTS,1.0561703495428791,[],[],"['numpy', 'scikit-learn', 'sql', 'data analysis', 'nlp', 'git', 'tensorflow', 'machine learning', 'pytorch', 'data science', 'deep learning', 'data visualization', 'natural language processing', 'python', 'pandas']",0,0.7393192446800153
1757,HR,1.0550713955676716,[],[],"['numpy', 'scikit-learn', 'sql', 'data analysis', 'nlp', 'git', 'tensorflow', 'machine learning', 'pytorch', 'data science', 'deep learning', 'data visualization', 'natural language processing', 'python', 'pandas']",0,0.7385499768973701
1758,CONSULTANT,1.0541520169287328,[],[],"['numpy', 'scikit-learn', 'sql', 'data analysis', 'nlp', 'git', 'tensorflow', 'machine learning', 'pytorch', 'data science', 'deep learning', 'data visualization', 'natural language processing', 'python', 'pandas']",0,0.737906411850113
1759,ARTS,1.053478593775851,[],[],"['numpy', 'scikit-learn', 'sql', 'data analysis', 'nlp', 'git', 'tensorflow', 'machine learning', 'pytorch', 'data science', 'deep learning', 'data visualization', 'natural language processing', 'python', 'pandas']",0,0.7374350156430957
1760,APPAREL,1.0532783901754645,[],[],"['numpy', 'scikit-learn', 'sql', 'data analysis', 'nlp', 'git', 'tensorflow', 'machine learning', 'pytorch', 'data science', 'deep learning', 'data visualization', 'natural language processing', 'python', 'pandas']",0,0.7372948731228252
1761,CHEF,1.0532298400746185,[],[],"['numpy', 'scikit-learn', 'sql', 'data analysis', 'nlp', 'git', 'tensorflow', 'machine learning', 'pytorch', 'data science', 'deep learning', 'data visualization', 'natural language processing', 'python', 'pandas']",0,0.7372608880522329
1762,APPAREL,1.0511104731167942,[],[],"['numpy', 'scikit-learn', 'sql', 'data analysis', 'nlp', 'git', 'tensorflow', 'machine learning', 'pytorch', 'data science', 'deep learning', 'data visualization', 'natural language processing', 'python', 'pandas']",0,0.7357773311817559
1763,HR,1.0488486686063752,[],[],"['numpy', 'scikit-learn', 'sql', 'data analysis', 'nlp', 'git', 'tensorflow', 'machine learning', 'pytorch', 'data science', 'deep learning', 'data visualization', 'natural language processing', 'python', 'pandas']",0,0.7341940680244625
1764,AVIATION,1.0476777535892112,[],[],"['numpy', 'scikit-learn', 'sql', 'data analysis', 'nlp', 'git', 'tensorflow', 'machine learning', 'pytorch', 'data science', 'deep learning', 'data visualization', 'natural language processing', 'python', 'pandas']",0,0.7333744275124479
1765,FITNESS,1.0471739651189804,[],[],"['numpy', 'scikit-learn', 'sql', 'data analysis', 'nlp', 'git', 'tensorflow', 'machine learning', 'pytorch', 'data science', 'deep learning', 'data visualization', 'natural language processing', 'python', 'pandas']",0,0.7330217755832863
1766,BUSINESS-DEVELOPMENT,1.0470217484033526,[],[],"['numpy', 'scikit-learn', 'sql', 'data analysis', 'nlp', 'git', 'tensorflow', 'machine learning', 'pytorch', 'data science', 'deep learning', 'data visualization', 'natural language processing', 'python', 'pandas']",0,0.7329152238823468
1767,CONSTRUCTION,1.0468646678868703,[],[],"['numpy', 'scikit-learn', 'sql', 'data analysis', 'nlp', 'git', 'tensorflow', 'machine learning', 'pytorch', 'data science', 'deep learning', 'data visualization', 'natural language processing', 'python', 'pandas']",0,0.7328052675208091
1768,ACCOUNTANT,1.0449778812667314,[],[],"['numpy', 'scikit-learn', 'sql', 'data analysis', 'nlp', 'git', 'tensorflow', 'machine learning', 'pytorch', 'data science', 'deep learning', 'data visualization', 'natural language processing', 'python', 'pandas']",0,0.7314845168867119
1769,AVIATION,1.044324065979983,[],[],"['numpy', 'scikit-learn', 'sql', 'data analysis', 'nlp', 'git', 'tensorflow', 'machine learning', 'pytorch', 'data science', 'deep learning', 'data visualization', 'natural language processing', 'python', 'pandas']",0,0.7310268461859881
1770,BANKING,1.0432731128275379,[],[],"['numpy', 'scikit-learn', 'sql', 'data analysis', 'nlp', 'git', 'tensorflow', 'machine learning', 'pytorch', 'data science', 'deep learning', 'data visualization', 'natural language processing', 'python', 'pandas']",0,0.7302911789792764
1771,CHEF,1.0413740432895013,[],[],"['numpy', 'scikit-learn', 'sql', 'data analysis', 'nlp', 'git', 'tensorflow', 'machine learning', 'pytorch', 'data science', 'deep learning', 'data visualization', 'natural language processing', 'python', 'pandas']",0,0.7289618303026509
1772,BUSINESS-DEVELOPMENT,1.040709987533599,[],[],"['numpy', 'scikit-learn', 'sql', 'data analysis', 'nlp', 'git', 'tensorflow', 'machine learning', 'pytorch', 'data science', 'deep learning', 'data visualization', 'natural language processing', 'python', 'pandas']",0,0.7284969912735193
1773,AVIATION,1.0379133181899705,[],[],"['numpy', 'scikit-learn', 'sql', 'data analysis', 'nlp', 'git', 'tensorflow', 'machine learning', 'pytorch', 'data science', 'deep learning', 'data visualization', 'natural language processing', 'python', 'pandas']",0,0.7265393227329793
1774,HR,1.0378763052045425,[],[],"['numpy', 'scikit-learn', 'sql', 'data analysis', 'nlp', 'git', 'tensorflow', 'machine learning', 'pytorch', 'data science', 'deep learning', 'data visualization', 'natural language processing', 'python', 'pandas']",0,0.7265134136431798
1775,FITNESS,1.0349107135856472,[],[],"['numpy', 'scikit-learn', 'sql', 'data analysis', 'nlp', 'git', 'tensorflow', 'machine learning', 'pytorch', 'data science', 'deep learning', 'data visualization', 'natural language processing', 'python', 'pandas']",0,0.7244374995099531
1776,FINANCE,1.0333605389121394,[],[],"['numpy', 'scikit-learn', 'sql', 'data analysis', 'nlp', 'git', 'tensorflow', 'machine learning', 'pytorch', 'data science', 'deep learning', 'data visualization', 'natural language processing', 'python', 'pandas']",0,0.7233523772384975
1777,INFORMATION-TECHNOLOGY,1.0333502449561407,[],[],"['numpy', 'scikit-learn', 'sql', 'data analysis', 'nlp', 'git', 'tensorflow', 'machine learning', 'pytorch', 'data science', 'deep learning', 'data visualization', 'natural language processing', 'python', 'pandas']",0,0.7233451714692984
1778,HEALTHCARE,1.0331920259768268,[],[],"['numpy', 'scikit-learn', 'sql', 'data analysis', 'nlp', 'git', 'tensorflow', 'machine learning', 'pytorch', 'data science', 'deep learning', 'data visualization', 'natural language processing', 'python', 'pandas']",0,0.7232344181837788
1779,BUSINESS-DEVELOPMENT,1.0330937198876469,[],[],"['numpy', 'scikit-learn', 'sql', 'data analysis', 'nlp', 'git', 'tensorflow', 'machine learning', 'pytorch', 'data science', 'deep learning', 'data visualization', 'natural language processing', 'python', 'pandas']",0,0.7231656039213528
1780,BUSINESS-DEVELOPMENT,1.0301698252400653,[],[],"['numpy', 'scikit-learn', 'sql', 'data analysis', 'nlp', 'git', 'tensorflow', 'machine learning', 'pytorch', 'data science', 'deep learning', 'data visualization', 'natural language processing', 'python', 'pandas']",0,0.7211188776680456
1781,HEALTHCARE,1.0283861082588306,[],[],"['numpy', 'scikit-learn', 'sql', 'data analysis', 'nlp', 'git', 'tensorflow', 'machine learning', 'pytorch', 'data science', 'deep learning', 'data visualization', 'natural language processing', 'python', 'pandas']",0,0.7198702757811813
1782,DESIGNER,1.0279345697236282,[],[],"['numpy', 'scikit-learn', 'sql', 'data analysis', 'nlp', 'git', 'tensorflow', 'machine learning', 'pytorch', 'data science', 'deep learning', 'data visualization', 'natural language processing', 'python', 'pandas']",0,0.7195541988065397
1783,HR,1.0278810620503815,[],[],"['numpy', 'scikit-learn', 'sql', 'data analysis', 'nlp', 'git', 'tensorflow', 'machine learning', 'pytorch', 'data science', 'deep learning', 'data visualization', 'natural language processing', 'python', 'pandas']",0,0.7195167434352671
1784,DIGITAL-MEDIA,1.0263523592179684,[],[],"['numpy', 'scikit-learn', 'sql', 'data analysis', 'nlp', 'git', 'tensorflow', 'machine learning', 'pytorch', 'data science', 'deep learning', 'data visualization', 'natural language processing', 'python', 'pandas']",0,0.7184466514525778
1785,ENGINEERING,1.0256866066316752,[],[],"['numpy', 'scikit-learn', 'sql', 'data analysis', 'nlp', 'git', 'tensorflow', 'machine learning', 'pytorch', 'data science', 'deep learning', 'data visualization', 'natural language processing', 'python', 'pandas']",0,0.7179806246421726
1786,FINANCE,1.0209543319238,[],[],"['numpy', 'scikit-learn', 'sql', 'data analysis', 'nlp', 'git', 'tensorflow', 'machine learning', 'pytorch', 'data science', 'deep learning', 'data visualization', 'natural language processing', 'python', 'pandas']",0,0.7146680323466599
1787,FINANCE,1.0188300292829122,[],[],"['numpy', 'scikit-learn', 'sql', 'data analysis', 'nlp', 'git', 'tensorflow', 'machine learning', 'pytorch', 'data science', 'deep learning', 'data visualization', 'natural language processing', 'python', 'pandas']",0,0.7131810204980386
1788,HEALTHCARE,1.0187499176872743,[],[],"['numpy', 'scikit-learn', 'sql', 'data analysis', 'nlp', 'git', 'tensorflow', 'machine learning', 'pytorch', 'data science', 'deep learning', 'data visualization', 'natural language processing', 'python', 'pandas']",0,0.7131249423810919
1789,ACCOUNTANT,1.0161643676407124,[],[],"['numpy', 'scikit-learn', 'sql', 'data analysis', 'nlp', 'git', 'tensorflow', 'machine learning', 'pytorch', 'data science', 'deep learning', 'data visualization', 'natural language processing', 'python', 'pandas']",0,0.7113150573484986
1790,ENGINEERING,1.0136702912331579,[],[],"['numpy', 'scikit-learn', 'sql', 'data analysis', 'nlp', 'git', 'tensorflow', 'machine learning', 'pytorch', 'data science', 'deep learning', 'data visualization', 'natural language processing', 'python', 'pandas']",0,0.7095692038632104
1791,ACCOUNTANT,1.0130727212868633,[],[],"['numpy', 'scikit-learn', 'sql', 'data analysis', 'nlp', 'git', 'tensorflow', 'machine learning', 'pytorch', 'data science', 'deep learning', 'data visualization', 'natural language processing', 'python', 'pandas']",0,0.7091509049008042
1792,ARTS,1.0105665742933954,[],[],"['numpy', 'scikit-learn', 'sql', 'data analysis', 'nlp', 'git', 'tensorflow', 'machine learning', 'pytorch', 'data science', 'deep learning', 'data visualization', 'natural language processing', 'python', 'pandas']",0,0.7073966020053767
1793,CONSULTANT,1.0074076589339576,[],[],"['numpy', 'scikit-learn', 'sql', 'data analysis', 'nlp', 'git', 'tensorflow', 'machine learning', 'pytorch', 'data science', 'deep learning', 'data visualization', 'natural language processing', 'python', 'pandas']",0,0.7051853612537703
1794,BUSINESS-DEVELOPMENT,1.0041720024521477,[],[],"['numpy', 'scikit-learn', 'sql', 'data analysis', 'nlp', 'git', 'tensorflow', 'machine learning', 'pytorch', 'data science', 'deep learning', 'data visualization', 'natural language processing', 'python', 'pandas']",0,0.7029204017165033
1795,PUBLIC-RELATIONS,1.0036701107692485,[],[],"['numpy', 'scikit-learn', 'sql', 'data analysis', 'nlp', 'git', 'tensorflow', 'machine learning', 'pytorch', 'data science', 'deep learning', 'data visualization', 'natural language processing', 'python', 'pandas']",0,0.7025690775384739
1796,BUSINESS-DEVELOPMENT,1.0032787232018334,[],[],"['numpy', 'scikit-learn', 'sql', 'data analysis', 'nlp', 'git', 'tensorflow', 'machine learning', 'pytorch', 'data science', 'deep learning', 'data visualization', 'natural language processing', 'python', 'pandas']",0,0.7022951062412833
1797,CHEF,1.000981228728485,[],[],"['numpy', 'scikit-learn', 'sql', 'data analysis', 'nlp', 'git', 'tensorflow', 'machine learning', 'pytorch', 'data science', 'deep learning', 'data visualization', 'natural language processing', 'python', 'pandas']",0,0.7006868601099394
1798,ARTS,0.9979117256783566,[],[],"['numpy', 'scikit-learn', 'sql', 'data analysis', 'nlp', 'git', 'tensorflow', 'machine learning', 'pytorch', 'data science', 'deep learning', 'data visualization', 'natural language processing', 'python', 'pandas']",0,0.6985382079748496
1799,AGRICULTURE,0.9950754919047036,[],[],"['numpy', 'scikit-learn', 'sql', 'data analysis', 'nlp', 'git', 'tensorflow', 'machine learning', 'pytorch', 'data science', 'deep learning', 'data visualization', 'natural language processing', 'python', 'pandas']",0,0.6965528443332925
1800,DESIGNER,0.9945149154390489,[],[],"['numpy', 'scikit-learn', 'sql', 'data analysis', 'nlp', 'git', 'tensorflow', 'machine learning', 'pytorch', 'data science', 'deep learning', 'data visualization', 'natural language processing', 'python', 'pandas']",0,0.6961604408073342
1801,FINANCE,0.9940794259013482,[],[],"['numpy', 'scikit-learn', 'sql', 'data analysis', 'nlp', 'git', 'tensorflow', 'machine learning', 'pytorch', 'data science', 'deep learning', 'data visualization', 'natural language processing', 'python', 'pandas']",0,0.6958555981309438
1802,ARTS,0.9938686937690112,[],[],"['numpy', 'scikit-learn', 'sql', 'data analysis', 'nlp', 'git', 'tensorflow', 'machine learning', 'pytorch', 'data science', 'deep learning', 'data visualization', 'natural language processing', 'python', 'pandas']",0,0.6957080856383078
1803,CHEF,0.9930502199301956,[],[],"['numpy', 'scikit-learn', 'sql', 'data analysis', 'nlp', 'git', 'tensorflow', 'machine learning', 'pytorch', 'data science', 'deep learning', 'data visualization', 'natural language processing', 'python', 'pandas']",0,0.6951351539511369
1804,HR,0.9924958542503319,[],[],"['numpy', 'scikit-learn', 'sql', 'data analysis', 'nlp', 'git', 'tensorflow', 'machine learning', 'pytorch', 'data science', 'deep learning', 'data visualization', 'natural language processing', 'python', 'pandas']",0,0.6947470979752323
1805,FITNESS,0.9916562971287926,[],[],"['numpy', 'scikit-learn', 'sql', 'data analysis', 'nlp', 'git', 'tensorflow', 'machine learning', 'pytorch', 'data science', 'deep learning', 'data visualization', 'natural language processing', 'python', 'pandas']",0,0.6941594079901547
1806,INFORMATION-TECHNOLOGY,0.9903301611896901,[],[],"['numpy', 'scikit-learn', 'sql', 'data analysis', 'nlp', 'git', 'tensorflow', 'machine learning', 'pytorch', 'data science', 'deep learning', 'data visualization', 'natural language processing', 'python', 'pandas']",0,0.693231112832783
1807,BUSINESS-DEVELOPMENT,0.988994894976464,[],[],"['numpy', 'scikit-learn', 'sql', 'data analysis', 'nlp', 'git', 'tensorflow', 'machine learning', 'pytorch', 'data science', 'deep learning', 'data visualization', 'natural language processing', 'python', 'pandas']",0,0.6922964264835247
1808,ACCOUNTANT,0.9884911049379016,[],[],"['numpy', 'scikit-learn', 'sql', 'data analysis', 'nlp', 'git', 'tensorflow', 'machine learning', 'pytorch', 'data science', 'deep learning', 'data visualization', 'natural language processing', 'python', 'pandas']",0,0.6919437734565311
1809,HR,0.9878959828229299,[],[],"['numpy', 'scikit-learn', 'sql', 'data analysis', 'nlp', 'git', 'tensorflow', 'machine learning', 'pytorch', 'data science', 'deep learning', 'data visualization', 'natural language processing', 'python', 'pandas']",0,0.6915271879760508
1810,CHEF,0.986678640715556,[],[],"['numpy', 'scikit-learn', 'sql', 'data analysis', 'nlp', 'git', 'tensorflow', 'machine learning', 'pytorch', 'data science', 'deep learning', 'data visualization', 'natural language processing', 'python', 'pandas']",0,0.6906750485008891
1811,FITNESS,0.9833068607321567,[],[],"['numpy', 'scikit-learn', 'sql', 'data analysis', 'nlp', 'git', 'tensorflow', 'machine learning', 'pytorch', 'data science', 'deep learning', 'data visualization', 'natural language processing', 'python', 'pandas']",0,0.6883148025125096
1812,PUBLIC-RELATIONS,0.979822872309535,[],[],"['numpy', 'scikit-learn', 'sql', 'data analysis', 'nlp', 'git', 'tensorflow', 'machine learning', 'pytorch', 'data science', 'deep learning', 'data visualization', 'natural language processing', 'python', 'pandas']",0,0.6858760106166745
1813,FITNESS,0.9751966543383286,[],[],"['numpy', 'scikit-learn', 'sql', 'data analysis', 'nlp', 'git', 'tensorflow', 'machine learning', 'pytorch', 'data science', 'deep learning', 'data visualization', 'natural language processing', 'python', 'pandas']",0,0.68263765803683
1814,ACCOUNTANT,0.973443646177252,[],[],"['numpy', 'scikit-learn', 'sql', 'data analysis', 'nlp', 'git', 'tensorflow', 'machine learning', 'pytorch', 'data science', 'deep learning', 'data visualization', 'natural language processing', 'python', 'pandas']",0,0.6814105523240763
1815,CHEF,0.9725104246603312,[],[],"['numpy', 'scikit-learn', 'sql', 'data analysis', 'nlp', 'git', 'tensorflow', 'machine learning', 'pytorch', 'data science', 'deep learning', 'data visualization', 'natural language processing', 'python', 'pandas']",0,0.6807572972622318
1816,HR,0.9720748390278597,[],[],"['numpy', 'scikit-learn', 'sql', 'data analysis', 'nlp', 'git', 'tensorflow', 'machine learning', 'pytorch', 'data science', 'deep learning', 'data visualization', 'natural language processing', 'python', 'pandas']",0,0.6804523873195018
1817,CONSTRUCTION,0.971627399991031,[],[],"['numpy', 'scikit-learn', 'sql', 'data analysis', 'nlp', 'git', 'tensorflow', 'machine learning', 'pytorch', 'data science', 'deep learning', 'data visualization', 'natural language processing', 'python', 'pandas']",0,0.6801391799937216
1818,BANKING,0.9657893695898017,[],[],"['numpy', 'scikit-learn', 'sql', 'data analysis', 'nlp', 'git', 'tensorflow', 'machine learning', 'pytorch', 'data science', 'deep learning', 'data visualization', 'natural language processing', 'python', 'pandas']",0,0.6760525587128611
1819,SALES,0.9657776279815514,[],[],"['numpy', 'scikit-learn', 'sql', 'data analysis', 'nlp', 'git', 'tensorflow', 'machine learning', 'pytorch', 'data science', 'deep learning', 'data visualization', 'natural language processing', 'python', 'pandas']",0,0.676044339587086
1820,CHEF,0.9649597208120848,[],[],"['numpy', 'scikit-learn', 'sql', 'data analysis', 'nlp', 'git', 'tensorflow', 'machine learning', 'pytorch', 'data science', 'deep learning', 'data visualization', 'natural language processing', 'python', 'pandas']",0,0.6754718045684593
1821,ARTS,0.9646027995523613,[],[],"['numpy', 'scikit-learn', 'sql', 'data analysis', 'nlp', 'git', 'tensorflow', 'machine learning', 'pytorch', 'data science', 'deep learning', 'data visualization', 'natural language processing', 'python', 'pandas']",0,0.6752219596866529
1822,AGRICULTURE,0.9638824077006466,[],[],"['numpy', 'scikit-learn', 'sql', 'data analysis', 'nlp', 'git', 'tensorflow', 'machine learning', 'pytorch', 'data science', 'deep learning', 'data visualization', 'natural language processing', 'python', 'pandas']",0,0.6747176853904526
1823,BUSINESS-DEVELOPMENT,0.9624188603789101,[],[],"['numpy', 'scikit-learn', 'sql', 'data analysis', 'nlp', 'git', 'tensorflow', 'machine learning', 'pytorch', 'data science', 'deep learning', 'data visualization', 'natural language processing', 'python', 'pandas']",0,0.673693202265237
1824,HEALTHCARE,0.9618727862471508,[],[],"['numpy', 'scikit-learn', 'sql', 'data analysis', 'nlp', 'git', 'tensorflow', 'machine learning', 'pytorch', 'data science', 'deep learning', 'data visualization', 'natural language processing', 'python', 'pandas']",0,0.6733109503730055
1825,HR,0.9610388800387035,[],[],"['numpy', 'scikit-learn', 'sql', 'data analysis', 'nlp', 'git', 'tensorflow', 'machine learning', 'pytorch', 'data science', 'deep learning', 'data visualization', 'natural language processing', 'python', 'pandas']",0,0.6727272160270924
1826,INFORMATION-TECHNOLOGY,0.9597450995917775,[],[],"['numpy', 'scikit-learn', 'sql', 'data analysis', 'nlp', 'git', 'tensorflow', 'machine learning', 'pytorch', 'data science', 'deep learning', 'data visualization', 'natural language processing', 'python', 'pandas']",0,0.6718215697142442
1827,APPAREL,0.9573643035942915,[],[],"['numpy', 'scikit-learn', 'sql', 'data analysis', 'nlp', 'git', 'tensorflow', 'machine learning', 'pytorch', 'data science', 'deep learning', 'data visualization', 'natural language processing', 'python', 'pandas']",0,0.670155012516004
1828,BANKING,0.9542857951645082,[],[],"['numpy', 'scikit-learn', 'sql', 'data analysis', 'nlp', 'git', 'tensorflow', 'machine learning', 'pytorch', 'data science', 'deep learning', 'data visualization', 'natural language processing', 'python', 'pandas']",0,0.6680000566151557
1829,HR,0.9532965415976227,[],[],"['numpy', 'scikit-learn', 'sql', 'data analysis', 'nlp', 'git', 'tensorflow', 'machine learning', 'pytorch', 'data science', 'deep learning', 'data visualization', 'natural language processing', 'python', 'pandas']",0,0.6673075791183358
1830,ADVOCATE,0.9532461466439752,[],[],"['numpy', 'scikit-learn', 'sql', 'data analysis', 'nlp', 'git', 'tensorflow', 'machine learning', 'pytorch', 'data science', 'deep learning', 'data visualization', 'natural language processing', 'python', 'pandas']",0,0.6672723026507826
1831,CHEF,0.9516182885799359,[],[],"['numpy', 'scikit-learn', 'sql', 'data analysis', 'nlp', 'git', 'tensorflow', 'machine learning', 'pytorch', 'data science', 'deep learning', 'data visualization', 'natural language processing', 'python', 'pandas']",0,0.6661328020059551
1832,HEALTHCARE,0.9514811621440711,[],[],"['numpy', 'scikit-learn', 'sql', 'data analysis', 'nlp', 'git', 'tensorflow', 'machine learning', 'pytorch', 'data science', 'deep learning', 'data visualization', 'natural language processing', 'python', 'pandas']",0,0.6660368135008498
1833,HR,0.9507803146445559,[],[],"['numpy', 'scikit-learn', 'sql', 'data analysis', 'nlp', 'git', 'tensorflow', 'machine learning', 'pytorch', 'data science', 'deep learning', 'data visualization', 'natural language processing', 'python', 'pandas']",0,0.6655462202511891
1834,APPAREL,0.9499584178881781,[],[],"['numpy', 'scikit-learn', 'sql', 'data analysis', 'nlp', 'git', 'tensorflow', 'machine learning', 'pytorch', 'data science', 'deep learning', 'data visualization', 'natural language processing', 'python', 'pandas']",0,0.6649708925217247
1835,AGRICULTURE,0.9489896945463268,[],[],"['numpy', 'scikit-learn', 'sql', 'data analysis', 'nlp', 'git', 'tensorflow', 'machine learning', 'pytorch', 'data science', 'deep learning', 'data visualization', 'natural language processing', 'python', 'pandas']",0,0.6642927861824287
1836,ACCOUNTANT,0.9488452401630425,[],[],"['numpy', 'scikit-learn', 'sql', 'data analysis', 'nlp', 'git', 'tensorflow', 'machine learning', 'pytorch', 'data science', 'deep learning', 'data visualization', 'natural language processing', 'python', 'pandas']",0,0.6641916681141297
1837,CONSULTANT,0.9484213175911941,[],[],"['numpy', 'scikit-learn', 'sql', 'data analysis', 'nlp', 'git', 'tensorflow', 'machine learning', 'pytorch', 'data science', 'deep learning', 'data visualization', 'natural language processing', 'python', 'pandas']",0,0.6638949223138358
1838,BUSINESS-DEVELOPMENT,0.9473846476100297,[],[],"['numpy', 'scikit-learn', 'sql', 'data analysis', 'nlp', 'git', 'tensorflow', 'machine learning', 'pytorch', 'data science', 'deep learning', 'data visualization', 'natural language processing', 'python', 'pandas']",0,0.6631692533270208
1839,SALES,0.9471288334513814,[],[],"['numpy', 'scikit-learn', 'sql', 'data analysis', 'nlp', 'git', 'tensorflow', 'machine learning', 'pytorch', 'data science', 'deep learning', 'data visualization', 'natural language processing', 'python', 'pandas']",0,0.6629901834159669
1840,CHEF,0.9463135137918114,[],[],"['numpy', 'scikit-learn', 'sql', 'data analysis', 'nlp', 'git', 'tensorflow', 'machine learning', 'pytorch', 'data science', 'deep learning', 'data visualization', 'natural language processing', 'python', 'pandas']",0,0.662419459654268
1841,BUSINESS-DEVELOPMENT,0.9449220354659693,[],[],"['numpy', 'scikit-learn', 'sql', 'data analysis', 'nlp', 'git', 'tensorflow', 'machine learning', 'pytorch', 'data science', 'deep learning', 'data visualization', 'natural language processing', 'python', 'pandas']",0,0.6614454248261785
1842,ACCOUNTANT,0.9429110200819107,[],[],"['numpy', 'scikit-learn', 'sql', 'data analysis', 'nlp', 'git', 'tensorflow', 'machine learning', 'pytorch', 'data science', 'deep learning', 'data visualization', 'natural language processing', 'python', 'pandas']",0,0.6600377140573375
1843,CONSTRUCTION,0.9416490629917298,[],[],"['numpy', 'scikit-learn', 'sql', 'data analysis', 'nlp', 'git', 'tensorflow', 'machine learning', 'pytorch', 'data science', 'deep learning', 'data visualization', 'natural language processing', 'python', 'pandas']",0,0.6591543440942108
1844,AVIATION,0.9412343056008586,[],[],"['numpy', 'scikit-learn', 'sql', 'data analysis', 'nlp', 'git', 'tensorflow', 'machine learning', 'pytorch', 'data science', 'deep learning', 'data visualization', 'natural language processing', 'python', 'pandas']",0,0.658864013920601
1845,AVIATION,0.9408982446281016,[],[],"['numpy', 'scikit-learn', 'sql', 'data analysis', 'nlp', 'git', 'tensorflow', 'machine learning', 'pytorch', 'data science', 'deep learning', 'data visualization', 'natural language processing', 'python', 'pandas']",0,0.658628771239671
1846,HR,0.9366966221806319,[],[],"['numpy', 'scikit-learn', 'sql', 'data analysis', 'nlp', 'git', 'tensorflow', 'machine learning', 'pytorch', 'data science', 'deep learning', 'data visualization', 'natural language processing', 'python', 'pandas']",0,0.6556876355264423
1847,BUSINESS-DEVELOPMENT,0.9352723864234673,[],[],"['numpy', 'scikit-learn', 'sql', 'data analysis', 'nlp', 'git', 'tensorflow', 'machine learning', 'pytorch', 'data science', 'deep learning', 'data visualization', 'natural language processing', 'python', 'pandas']",0,0.654690670496427
1848,ACCOUNTANT,0.9338973115208158,[],[],"['numpy', 'scikit-learn', 'sql', 'data analysis', 'nlp', 'git', 'tensorflow', 'machine learning', 'pytorch', 'data science', 'deep learning', 'data visualization', 'natural language processing', 'python', 'pandas']",0,0.653728118064571
1849,APPAREL,0.9319249666063746,[],[],"['numpy', 'scikit-learn', 'sql', 'data analysis', 'nlp', 'git', 'tensorflow', 'machine learning', 'pytorch', 'data science', 'deep learning', 'data visualization', 'natural language processing', 'python', 'pandas']",0,0.6523474766244621
1850,APPAREL,0.9290758852871478,[],[],"['numpy', 'scikit-learn', 'sql', 'data analysis', 'nlp', 'git', 'tensorflow', 'machine learning', 'pytorch', 'data science', 'deep learning', 'data visualization', 'natural language processing', 'python', 'pandas']",0,0.6503531197010034
1851,AVIATION,0.9278481371804574,[],[],"['numpy', 'scikit-learn', 'sql', 'data analysis', 'nlp', 'git', 'tensorflow', 'machine learning', 'pytorch', 'data science', 'deep learning', 'data visualization', 'natural language processing', 'python', 'pandas']",0,0.6494936960263201
1852,CHEF,0.925977116657212,[],[],"['numpy', 'scikit-learn', 'sql', 'data analysis', 'nlp', 'git', 'tensorflow', 'machine learning', 'pytorch', 'data science', 'deep learning', 'data visualization', 'natural language processing', 'python', 'pandas']",0,0.6481839816600484
1853,BANKING,0.9251463183881582,[],[],"['numpy', 'scikit-learn', 'sql', 'data analysis', 'nlp', 'git', 'tensorflow', 'machine learning', 'pytorch', 'data science', 'deep learning', 'data visualization', 'natural language processing', 'python', 'pandas']",0,0.6476024228717107
1854,AVIATION,0.9249979396205494,[],[],"['numpy', 'scikit-learn', 'sql', 'data analysis', 'nlp', 'git', 'tensorflow', 'machine learning', 'pytorch', 'data science', 'deep learning', 'data visualization', 'natural language processing', 'python', 'pandas']",0,0.6474985577343846
1855,ARTS,0.9179088209171152,[],[],"['numpy', 'scikit-learn', 'sql', 'data analysis', 'nlp', 'git', 'tensorflow', 'machine learning', 'pytorch', 'data science', 'deep learning', 'data visualization', 'natural language processing', 'python', 'pandas']",0,0.6425361746419807
1856,AVIATION,0.9175848267835055,[],[],"['numpy', 'scikit-learn', 'sql', 'data analysis', 'nlp', 'git', 'tensorflow', 'machine learning', 'pytorch', 'data science', 'deep learning', 'data visualization', 'natural language processing', 'python', 'pandas']",0,0.6423093787484538
1857,HR,0.9173181598179324,[],[],"['numpy', 'scikit-learn', 'sql', 'data analysis', 'nlp', 'git', 'tensorflow', 'machine learning', 'pytorch', 'data science', 'deep learning', 'data visualization', 'natural language processing', 'python', 'pandas']",0,0.6421227118725527
1858,CONSTRUCTION,0.9156239283082065,[],[],"['numpy', 'scikit-learn', 'sql', 'data analysis', 'nlp', 'git', 'tensorflow', 'machine learning', 'pytorch', 'data science', 'deep learning', 'data visualization', 'natural language processing', 'python', 'pandas']",0,0.6409367498157446
1859,BANKING,0.91511178797223,[],[],"['numpy', 'scikit-learn', 'sql', 'data analysis', 'nlp', 'git', 'tensorflow', 'machine learning', 'pytorch', 'data science', 'deep learning', 'data visualization', 'natural language processing', 'python', 'pandas']",0,0.640578251580561
1860,ARTS,0.9151027519609272,[],[],"['numpy', 'scikit-learn', 'sql', 'data analysis', 'nlp', 'git', 'tensorflow', 'machine learning', 'pytorch', 'data science', 'deep learning', 'data visualization', 'natural language processing', 'python', 'pandas']",0,0.6405719263726489
1861,BANKING,0.9146922549857164,[],[],"['numpy', 'scikit-learn', 'sql', 'data analysis', 'nlp', 'git', 'tensorflow', 'machine learning', 'pytorch', 'data science', 'deep learning', 'data visualization', 'natural language processing', 'python', 'pandas']",0,0.6402845784900014
1862,DESIGNER,0.9142176616811724,[],[],"['numpy', 'scikit-learn', 'sql', 'data analysis', 'nlp', 'git', 'tensorflow', 'machine learning', 'pytorch', 'data science', 'deep learning', 'data visualization', 'natural language processing', 'python', 'pandas']",0,0.6399523631768206
1863,APPAREL,0.9129058402524943,[],[],"['numpy', 'scikit-learn', 'sql', 'data analysis', 'nlp', 'git', 'tensorflow', 'machine learning', 'pytorch', 'data science', 'deep learning', 'data visualization', 'natural language processing', 'python', 'pandas']",0,0.639034088176746
1864,FINANCE,0.9128424446940555,[],[],"['numpy', 'scikit-learn', 'sql', 'data analysis', 'nlp', 'git', 'tensorflow', 'machine learning', 'pytorch', 'data science', 'deep learning', 'data visualization', 'natural language processing', 'python', 'pandas']",0,0.6389897112858388
1865,SALES,0.9107194445235001,[],[],"['numpy', 'scikit-learn', 'sql', 'data analysis', 'nlp', 'git', 'tensorflow', 'machine learning', 'pytorch', 'data science', 'deep learning', 'data visualization', 'natural language processing', 'python', 'pandas']",0,0.63750361116645
1866,ENGINEERING,0.9101321695097907,[],[],"['numpy', 'scikit-learn', 'sql', 'data analysis', 'nlp', 'git', 'tensorflow', 'machine learning', 'pytorch', 'data science', 'deep learning', 'data visualization', 'natural language processing', 'python', 'pandas']",0,0.6370925186568535
1867,ACCOUNTANT,0.9091106083005366,[],[],"['numpy', 'scikit-learn', 'sql', 'data analysis', 'nlp', 'git', 'tensorflow', 'machine learning', 'pytorch', 'data science', 'deep learning', 'data visualization', 'natural language processing', 'python', 'pandas']",0,0.6363774258103756
1868,APPAREL,0.9085630259469447,[],[],"['numpy', 'scikit-learn', 'sql', 'data analysis', 'nlp', 'git', 'tensorflow', 'machine learning', 'pytorch', 'data science', 'deep learning', 'data visualization', 'natural language processing', 'python', 'pandas']",0,0.6359941181628612
1869,ADVOCATE,0.9042516039746635,[],[],"['numpy', 'scikit-learn', 'sql', 'data analysis', 'nlp', 'git', 'tensorflow', 'machine learning', 'pytorch', 'data science', 'deep learning', 'data visualization', 'natural language processing', 'python', 'pandas']",0,0.6329761227822644
1870,ACCOUNTANT,0.9041732366933225,[],[],"['numpy', 'scikit-learn', 'sql', 'data analysis', 'nlp', 'git', 'tensorflow', 'machine learning', 'pytorch', 'data science', 'deep learning', 'data visualization', 'natural language processing', 'python', 'pandas']",0,0.6329212656853257
1871,ADVOCATE,0.9010592372118699,[],[],"['numpy', 'scikit-learn', 'sql', 'data analysis', 'nlp', 'git', 'tensorflow', 'machine learning', 'pytorch', 'data science', 'deep learning', 'data visualization', 'natural language processing', 'python', 'pandas']",0,0.6307414660483088
1872,APPAREL,0.900860839111553,[],[],"['numpy', 'scikit-learn', 'sql', 'data analysis', 'nlp', 'git', 'tensorflow', 'machine learning', 'pytorch', 'data science', 'deep learning', 'data visualization', 'natural language processing', 'python', 'pandas']",0,0.630602587378087
1873,CHEF,0.900470356477274,[],[],"['numpy', 'scikit-learn', 'sql', 'data analysis', 'nlp', 'git', 'tensorflow', 'machine learning', 'pytorch', 'data science', 'deep learning', 'data visualization', 'natural language processing', 'python', 'pandas']",0,0.6303292495340918
1874,BANKING,0.8989035768169947,[],[],"['numpy', 'scikit-learn', 'sql', 'data analysis', 'nlp', 'git', 'tensorflow', 'machine learning', 'pytorch', 'data science', 'deep learning', 'data visualization', 'natural language processing', 'python', 'pandas']",0,0.6292325037718963
1875,SALES,0.8955405425021009,[],[],"['numpy', 'scikit-learn', 'sql', 'data analysis', 'nlp', 'git', 'tensorflow', 'machine learning', 'pytorch', 'data science', 'deep learning', 'data visualization', 'natural language processing', 'python', 'pandas']",0,0.6268783797514706
1876,INFORMATION-TECHNOLOGY,0.8943493918603126,[],[],"['numpy', 'scikit-learn', 'sql', 'data analysis', 'nlp', 'git', 'tensorflow', 'machine learning', 'pytorch', 'data science', 'deep learning', 'data visualization', 'natural language processing', 'python', 'pandas']",0,0.6260445743022188
1877,DESIGNER,0.8882738157973101,[],[],"['numpy', 'scikit-learn', 'sql', 'data analysis', 'nlp', 'git', 'tensorflow', 'machine learning', 'pytorch', 'data science', 'deep learning', 'data visualization', 'natural language processing', 'python', 'pandas']",0,0.6217916710581171
1878,SALES,0.8869988461315579,[],[],"['numpy', 'scikit-learn', 'sql', 'data analysis', 'nlp', 'git', 'tensorflow', 'machine learning', 'pytorch', 'data science', 'deep learning', 'data visualization', 'natural language processing', 'python', 'pandas']",0,0.6208991922920905
1879,ACCOUNTANT,0.8866350664532164,[],[],"['numpy', 'scikit-learn', 'sql', 'data analysis', 'nlp', 'git', 'tensorflow', 'machine learning', 'pytorch', 'data science', 'deep learning', 'data visualization', 'natural language processing', 'python', 'pandas']",0,0.6206445465172514
1880,CHEF,0.8822796607893411,[],[],"['numpy', 'scikit-learn', 'sql', 'data analysis', 'nlp', 'git', 'tensorflow', 'machine learning', 'pytorch', 'data science', 'deep learning', 'data visualization', 'natural language processing', 'python', 'pandas']",0,0.6175957625525387
1881,SALES,0.8819450896361613,[],[],"['numpy', 'scikit-learn', 'sql', 'data analysis', 'nlp', 'git', 'tensorflow', 'machine learning', 'pytorch', 'data science', 'deep learning', 'data visualization', 'natural language processing', 'python', 'pandas']",0,0.6173615627453128
1882,FINANCE,0.8778230976680818,[],[],"['numpy', 'scikit-learn', 'sql', 'data analysis', 'nlp', 'git', 'tensorflow', 'machine learning', 'pytorch', 'data science', 'deep learning', 'data visualization', 'natural language processing', 'python', 'pandas']",0,0.6144761683676572
1883,ADVOCATE,0.8773482287046521,[],[],"['numpy', 'scikit-learn', 'sql', 'data analysis', 'nlp', 'git', 'tensorflow', 'machine learning', 'pytorch', 'data science', 'deep learning', 'data visualization', 'natural language processing', 'python', 'pandas']",0,0.6141437600932564
1884,ADVOCATE,0.8750513027509741,[],[],"['numpy', 'scikit-learn', 'sql', 'data analysis', 'nlp', 'git', 'tensorflow', 'machine learning', 'pytorch', 'data science', 'deep learning', 'data visualization', 'natural language processing', 'python', 'pandas']",0,0.6125359119256818
1885,ACCOUNTANT,0.8743431689649649,[],[],"['numpy', 'scikit-learn', 'sql', 'data analysis', 'nlp', 'git', 'tensorflow', 'machine learning', 'pytorch', 'data science', 'deep learning', 'data visualization', 'natural language processing', 'python', 'pandas']",0,0.6120402182754754
1886,AGRICULTURE,0.8731123089285616,[],[],"['numpy', 'scikit-learn', 'sql', 'data analysis', 'nlp', 'git', 'tensorflow', 'machine learning', 'pytorch', 'data science', 'deep learning', 'data visualization', 'natural language processing', 'python', 'pandas']",0,0.6111786162499931
1887,BUSINESS-DEVELOPMENT,0.8708260346518264,[],[],"['numpy', 'scikit-learn', 'sql', 'data analysis', 'nlp', 'git', 'tensorflow', 'machine learning', 'pytorch', 'data science', 'deep learning', 'data visualization', 'natural language processing', 'python', 'pandas']",0,0.6095782242562784
1888,FITNESS,0.8658546430641942,[],[],"['numpy', 'scikit-learn', 'sql', 'data analysis', 'nlp', 'git', 'tensorflow', 'machine learning', 'pytorch', 'data science', 'deep learning', 'data visualization', 'natural language processing', 'python', 'pandas']",0,0.6060982501449359
1889,FITNESS,0.865602883259496,[],[],"['numpy', 'scikit-learn', 'sql', 'data analysis', 'nlp', 'git', 'tensorflow', 'machine learning', 'pytorch', 'data science', 'deep learning', 'data visualization', 'natural language processing', 'python', 'pandas']",0,0.6059220182816472
1890,BUSINESS-DEVELOPMENT,0.8612433072990259,[],[],"['numpy', 'scikit-learn', 'sql', 'data analysis', 'nlp', 'git', 'tensorflow', 'machine learning', 'pytorch', 'data science', 'deep learning', 'data visualization', 'natural language processing', 'python', 'pandas']",0,0.6028703151093181
1891,DESIGNER,0.8602910794046518,[],[],"['numpy', 'scikit-learn', 'sql', 'data analysis', 'nlp', 'git', 'tensorflow', 'machine learning', 'pytorch', 'data science', 'deep learning', 'data visualization', 'natural language processing', 'python', 'pandas']",0,0.6022037555832562
1892,SALES,0.8602797368380688,[],[],"['numpy', 'scikit-learn', 'sql', 'data analysis', 'nlp', 'git', 'tensorflow', 'machine learning', 'pytorch', 'data science', 'deep learning', 'data visualization', 'natural language processing', 'python', 'pandas']",0,0.6021958157866482
1893,APPAREL,0.8600152014859044,[],[],"['numpy', 'scikit-learn', 'sql', 'data analysis', 'nlp', 'git', 'tensorflow', 'machine learning', 'pytorch', 'data science', 'deep learning', 'data visualization', 'natural language processing', 'python', 'pandas']",0,0.602010641040133
1894,HR,0.8588939604437746,[],[],"['numpy', 'scikit-learn', 'sql', 'data analysis', 'nlp', 'git', 'tensorflow', 'machine learning', 'pytorch', 'data science', 'deep learning', 'data visualization', 'natural language processing', 'python', 'pandas']",0,0.6012257723106422
1895,HR,0.8545609365647933,[],[],"['numpy', 'scikit-learn', 'sql', 'data analysis', 'nlp', 'git', 'tensorflow', 'machine learning', 'pytorch', 'data science', 'deep learning', 'data visualization', 'natural language processing', 'python', 'pandas']",0,0.5981926555953553
1896,SALES,0.8544385918499144,[],[],"['numpy', 'scikit-learn', 'sql', 'data analysis', 'nlp', 'git', 'tensorflow', 'machine learning', 'pytorch', 'data science', 'deep learning', 'data visualization', 'natural language processing', 'python', 'pandas']",0,0.5981070142949401
1897,CONSTRUCTION,0.8533443726739759,[],[],"['numpy', 'scikit-learn', 'sql', 'data analysis', 'nlp', 'git', 'tensorflow', 'machine learning', 'pytorch', 'data science', 'deep learning', 'data visualization', 'natural language processing', 'python', 'pandas']",0,0.5973410608717831
1898,ADVOCATE,0.852910404199864,[],[],"['numpy', 'scikit-learn', 'sql', 'data analysis', 'nlp', 'git', 'tensorflow', 'machine learning', 'pytorch', 'data science', 'deep learning', 'data visualization', 'natural language processing', 'python', 'pandas']",0,0.5970372829399048
1899,BUSINESS-DEVELOPMENT,0.8525186291855009,[],[],"['numpy', 'scikit-learn', 'sql', 'data analysis', 'nlp', 'git', 'tensorflow', 'machine learning', 'pytorch', 'data science', 'deep learning', 'data visualization', 'natural language processing', 'python', 'pandas']",0,0.5967630404298506
1900,SALES,0.8524883430657502,[],[],"['numpy', 'scikit-learn', 'sql', 'data analysis', 'nlp', 'git', 'tensorflow', 'machine learning', 'pytorch', 'data science', 'deep learning', 'data visualization', 'natural language processing', 'python', 'pandas']",0,0.596741840146025
1901,HR,0.8492812619732655,[],[],"['numpy', 'scikit-learn', 'sql', 'data analysis', 'nlp', 'git', 'tensorflow', 'machine learning', 'pytorch', 'data science', 'deep learning', 'data visualization', 'natural language processing', 'python', 'pandas']",0,0.5944968833812858
1902,CONSTRUCTION,0.8477947586855593,[],[],"['numpy', 'scikit-learn', 'sql', 'data analysis', 'nlp', 'git', 'tensorflow', 'machine learning', 'pytorch', 'data science', 'deep learning', 'data visualization', 'natural language processing', 'python', 'pandas']",0,0.5934563310798915
1903,FITNESS,0.8459707319761802,[],[],"['numpy', 'scikit-learn', 'sql', 'data analysis', 'nlp', 'git', 'tensorflow', 'machine learning', 'pytorch', 'data science', 'deep learning', 'data visualization', 'natural language processing', 'python', 'pandas']",0,0.5921795123833261
1904,BANKING,0.8454477153453457,[],[],"['numpy', 'scikit-learn', 'sql', 'data analysis', 'nlp', 'git', 'tensorflow', 'machine learning', 'pytorch', 'data science', 'deep learning', 'data visualization', 'natural language processing', 'python', 'pandas']",0,0.5918134007417419
1905,BUSINESS-DEVELOPMENT,0.8431235462096083,[],[],"['numpy', 'scikit-learn', 'sql', 'data analysis', 'nlp', 'git', 'tensorflow', 'machine learning', 'pytorch', 'data science', 'deep learning', 'data visualization', 'natural language processing', 'python', 'pandas']",0,0.5901864823467258
1906,SALES,0.8397940162449848,[],[],"['numpy', 'scikit-learn', 'sql', 'data analysis', 'nlp', 'git', 'tensorflow', 'machine learning', 'pytorch', 'data science', 'deep learning', 'data visualization', 'natural language processing', 'python', 'pandas']",0,0.5878558113714893
1907,ACCOUNTANT,0.8392250555688447,[],[],"['numpy', 'scikit-learn', 'sql', 'data analysis', 'nlp', 'git', 'tensorflow', 'machine learning', 'pytorch', 'data science', 'deep learning', 'data visualization', 'natural language processing', 'python', 'pandas']",0,0.5874575388981913
1908,ACCOUNTANT,0.8360460420037219,[],[],"['numpy', 'scikit-learn', 'sql', 'data analysis', 'nlp', 'git', 'tensorflow', 'machine learning', 'pytorch', 'data science', 'deep learning', 'data visualization', 'natural language processing', 'python', 'pandas']",0,0.5852322294026053
1909,SALES,0.8347581926549222,[],[],"['numpy', 'scikit-learn', 'sql', 'data analysis', 'nlp', 'git', 'tensorflow', 'machine learning', 'pytorch', 'data science', 'deep learning', 'data visualization', 'natural language processing', 'python', 'pandas']",0,0.5843307348584456
1910,CONSTRUCTION,0.8340041181740847,[],[],"['numpy', 'scikit-learn', 'sql', 'data analysis', 'nlp', 'git', 'tensorflow', 'machine learning', 'pytorch', 'data science', 'deep learning', 'data visualization', 'natural language processing', 'python', 'pandas']",0,0.5838028827218592
1911,APPAREL,0.8338029943586113,[],[],"['numpy', 'scikit-learn', 'sql', 'data analysis', 'nlp', 'git', 'tensorflow', 'machine learning', 'pytorch', 'data science', 'deep learning', 'data visualization', 'natural language processing', 'python', 'pandas']",0,0.5836620960510278
1912,DESIGNER,0.8336626986587801,[],[],"['numpy', 'scikit-learn', 'sql', 'data analysis', 'nlp', 'git', 'tensorflow', 'machine learning', 'pytorch', 'data science', 'deep learning', 'data visualization', 'natural language processing', 'python', 'pandas']",0,0.583563889061146
1913,FINANCE,0.8322716312372253,[],[],"['numpy', 'scikit-learn', 'sql', 'data analysis', 'nlp', 'git', 'tensorflow', 'machine learning', 'pytorch', 'data science', 'deep learning', 'data visualization', 'natural language processing', 'python', 'pandas']",0,0.5825901418660576
1914,CONSTRUCTION,0.831041698958746,[],[],"['numpy', 'scikit-learn', 'sql', 'data analysis', 'nlp', 'git', 'tensorflow', 'machine learning', 'pytorch', 'data science', 'deep learning', 'data visualization', 'natural language processing', 'python', 'pandas']",0,0.5817291892711222
1915,INFORMATION-TECHNOLOGY,0.8306723172466135,[],[],"['numpy', 'scikit-learn', 'sql', 'data analysis', 'nlp', 'git', 'tensorflow', 'machine learning', 'pytorch', 'data science', 'deep learning', 'data visualization', 'natural language processing', 'python', 'pandas']",0,0.5814706220726295
1916,ARTS,0.8302004599323087,[],[],"['numpy', 'scikit-learn', 'sql', 'data analysis', 'nlp', 'git', 'tensorflow', 'machine learning', 'pytorch', 'data science', 'deep learning', 'data visualization', 'natural language processing', 'python', 'pandas']",0,0.5811403219526161
1917,ADVOCATE,0.830115166086556,[],[],"['numpy', 'scikit-learn', 'sql', 'data analysis', 'nlp', 'git', 'tensorflow', 'machine learning', 'pytorch', 'data science', 'deep learning', 'data visualization', 'natural language processing', 'python', 'pandas']",0,0.5810806162605892
1918,ARTS,0.8283998818644361,[],[],"['numpy', 'scikit-learn', 'sql', 'data analysis', 'nlp', 'git', 'tensorflow', 'machine learning', 'pytorch', 'data science', 'deep learning', 'data visualization', 'natural language processing', 'python', 'pandas']",0,0.5798799173051052
1919,PUBLIC-RELATIONS,0.8274239189138654,[],[],"['numpy', 'scikit-learn', 'sql', 'data analysis', 'nlp', 'git', 'tensorflow', 'machine learning', 'pytorch', 'data science', 'deep learning', 'data visualization', 'natural language processing', 'python', 'pandas']",0,0.5791967432397057
1920,DESIGNER,0.8259441795387614,[],[],"['numpy', 'scikit-learn', 'sql', 'data analysis', 'nlp', 'git', 'tensorflow', 'machine learning', 'pytorch', 'data science', 'deep learning', 'data visualization', 'natural language processing', 'python', 'pandas']",0,0.578160925677133
1921,FINANCE,0.8257843557331208,[],[],"['numpy', 'scikit-learn', 'sql', 'data analysis', 'nlp', 'git', 'tensorflow', 'machine learning', 'pytorch', 'data science', 'deep learning', 'data visualization', 'natural language processing', 'python', 'pandas']",0,0.5780490490131845
1922,FINANCE,0.825135462543586,[],[],"['numpy', 'scikit-learn', 'sql', 'data analysis', 'nlp', 'git', 'tensorflow', 'machine learning', 'pytorch', 'data science', 'deep learning', 'data visualization', 'natural language processing', 'python', 'pandas']",0,0.5775948237805102
1923,ACCOUNTANT,0.8237749836488765,[],[],"['numpy', 'scikit-learn', 'sql', 'data analysis', 'nlp', 'git', 'tensorflow', 'machine learning', 'pytorch', 'data science', 'deep learning', 'data visualization', 'natural language processing', 'python', 'pandas']",0,0.5766424885542135
1924,ADVOCATE,0.8191392164078154,[],[],"['numpy', 'scikit-learn', 'sql', 'data analysis', 'nlp', 'git', 'tensorflow', 'machine learning', 'pytorch', 'data science', 'deep learning', 'data visualization', 'natural language processing', 'python', 'pandas']",0,0.5733974514854707
1925,FITNESS,0.818935659698274,[],[],"['numpy', 'scikit-learn', 'sql', 'data analysis', 'nlp', 'git', 'tensorflow', 'machine learning', 'pytorch', 'data science', 'deep learning', 'data visualization', 'natural language processing', 'python', 'pandas']",0,0.5732549617887918
1926,APPAREL,0.8168008988737578,[],[],"['numpy', 'scikit-learn', 'sql', 'data analysis', 'nlp', 'git', 'tensorflow', 'machine learning', 'pytorch', 'data science', 'deep learning', 'data visualization', 'natural language processing', 'python', 'pandas']",0,0.5717606292116304
1927,APPAREL,0.8157030213243538,[],[],"['numpy', 'scikit-learn', 'sql', 'data analysis', 'nlp', 'git', 'tensorflow', 'machine learning', 'pytorch', 'data science', 'deep learning', 'data visualization', 'natural language processing', 'python', 'pandas']",0,0.5709921149270476
1928,CHEF,0.8154270578588175,[],[],"['numpy', 'scikit-learn', 'sql', 'data analysis', 'nlp', 'git', 'tensorflow', 'machine learning', 'pytorch', 'data science', 'deep learning', 'data visualization', 'natural language processing', 'python', 'pandas']",0,0.5707989405011722
1929,SALES,0.8146218998258711,[],[],"['numpy', 'scikit-learn', 'sql', 'data analysis', 'nlp', 'git', 'tensorflow', 'machine learning', 'pytorch', 'data science', 'deep learning', 'data visualization', 'natural language processing', 'python', 'pandas']",0,0.5702353298781098
1930,FITNESS,0.8140148565427909,[],[],"['numpy', 'scikit-learn', 'sql', 'data analysis', 'nlp', 'git', 'tensorflow', 'machine learning', 'pytorch', 'data science', 'deep learning', 'data visualization', 'natural language processing', 'python', 'pandas']",0,0.5698103995799536
1931,TEACHER,0.8140124101878152,[],[],"['numpy', 'scikit-learn', 'sql', 'data analysis', 'nlp', 'git', 'tensorflow', 'machine learning', 'pytorch', 'data science', 'deep learning', 'data visualization', 'natural language processing', 'python', 'pandas']",0,0.5698086871314706
1932,CONSTRUCTION,0.8134763617834038,[],[],"['numpy', 'scikit-learn', 'sql', 'data analysis', 'nlp', 'git', 'tensorflow', 'machine learning', 'pytorch', 'data science', 'deep learning', 'data visualization', 'natural language processing', 'python', 'pandas']",0,0.5694334532483826
1933,ADVOCATE,0.8129011570765621,[],[],"['numpy', 'scikit-learn', 'sql', 'data analysis', 'nlp', 'git', 'tensorflow', 'machine learning', 'pytorch', 'data science', 'deep learning', 'data visualization', 'natural language processing', 'python', 'pandas']",0,0.5690308099535935
1934,BANKING,0.8098227361562956,[],[],"['numpy', 'scikit-learn', 'sql', 'data analysis', 'nlp', 'git', 'tensorflow', 'machine learning', 'pytorch', 'data science', 'deep learning', 'data visualization', 'natural language processing', 'python', 'pandas']",0,0.566875915309407
1935,CONSTRUCTION,0.8079380059231388,[],[],"['numpy', 'scikit-learn', 'sql', 'data analysis', 'nlp', 'git', 'tensorflow', 'machine learning', 'pytorch', 'data science', 'deep learning', 'data visualization', 'natural language processing', 'python', 'pandas']",0,0.5655566041461971
1936,BANKING,0.8071239227923124,[],[],"['numpy', 'scikit-learn', 'sql', 'data analysis', 'nlp', 'git', 'tensorflow', 'machine learning', 'pytorch', 'data science', 'deep learning', 'data visualization', 'natural language processing', 'python', 'pandas']",0,0.5649867459546186
1937,BANKING,0.8064547646556828,[],[],"['numpy', 'scikit-learn', 'sql', 'data analysis', 'nlp', 'git', 'tensorflow', 'machine learning', 'pytorch', 'data science', 'deep learning', 'data visualization', 'natural language processing', 'python', 'pandas']",0,0.5645183352589779
1938,FINANCE,0.802975794551951,[],[],"['numpy', 'scikit-learn', 'sql', 'data analysis', 'nlp', 'git', 'tensorflow', 'machine learning', 'pytorch', 'data science', 'deep learning', 'data visualization', 'natural language processing', 'python', 'pandas']",0,0.5620830561863657
1939,BUSINESS-DEVELOPMENT,0.8022441175656423,[],[],"['numpy', 'scikit-learn', 'sql', 'data analysis', 'nlp', 'git', 'tensorflow', 'machine learning', 'pytorch', 'data science', 'deep learning', 'data visualization', 'natural language processing', 'python', 'pandas']",0,0.5615708822959495
1940,CONSULTANT,0.8012444509848622,[],[],"['numpy', 'scikit-learn', 'sql', 'data analysis', 'nlp', 'git', 'tensorflow', 'machine learning', 'pytorch', 'data science', 'deep learning', 'data visualization', 'natural language processing', 'python', 'pandas']",0,0.5608711156894035
1941,BUSINESS-DEVELOPMENT,0.8010235855167879,[],[],"['numpy', 'scikit-learn', 'sql', 'data analysis', 'nlp', 'git', 'tensorflow', 'machine learning', 'pytorch', 'data science', 'deep learning', 'data visualization', 'natural language processing', 'python', 'pandas']",0,0.5607165098617515
1942,PUBLIC-RELATIONS,0.8005341762815575,[],[],"['numpy', 'scikit-learn', 'sql', 'data analysis', 'nlp', 'git', 'tensorflow', 'machine learning', 'pytorch', 'data science', 'deep learning', 'data visualization', 'natural language processing', 'python', 'pandas']",0,0.5603739233970902
1943,FINANCE,0.7982843678984393,[],[],"['numpy', 'scikit-learn', 'sql', 'data analysis', 'nlp', 'git', 'tensorflow', 'machine learning', 'pytorch', 'data science', 'deep learning', 'data visualization', 'natural language processing', 'python', 'pandas']",0,0.5587990575289075
1944,CONSTRUCTION,0.797307318508785,[],[],"['numpy', 'scikit-learn', 'sql', 'data analysis', 'nlp', 'git', 'tensorflow', 'machine learning', 'pytorch', 'data science', 'deep learning', 'data visualization', 'natural language processing', 'python', 'pandas']",0,0.5581151229561495
1945,ACCOUNTANT,0.7954779844424898,[],[],"['numpy', 'scikit-learn', 'sql', 'data analysis', 'nlp', 'git', 'tensorflow', 'machine learning', 'pytorch', 'data science', 'deep learning', 'data visualization', 'natural language processing', 'python', 'pandas']",0,0.5568345891097428
1946,HEALTHCARE,0.7937670163472514,[],[],"['numpy', 'scikit-learn', 'sql', 'data analysis', 'nlp', 'git', 'tensorflow', 'machine learning', 'pytorch', 'data science', 'deep learning', 'data visualization', 'natural language processing', 'python', 'pandas']",0,0.5556369114430759
1947,FINANCE,0.7936406002841276,[],[],"['numpy', 'scikit-learn', 'sql', 'data analysis', 'nlp', 'git', 'tensorflow', 'machine learning', 'pytorch', 'data science', 'deep learning', 'data visualization', 'natural language processing', 'python', 'pandas']",0,0.5555484201988893
1948,BANKING,0.7932897105663205,[],[],"['numpy', 'scikit-learn', 'sql', 'data analysis', 'nlp', 'git', 'tensorflow', 'machine learning', 'pytorch', 'data science', 'deep learning', 'data visualization', 'natural language processing', 'python', 'pandas']",0,0.5553027973964243
1949,SALES,0.7932463492964068,[],[],"['numpy', 'scikit-learn', 'sql', 'data analysis', 'nlp', 'git', 'tensorflow', 'machine learning', 'pytorch', 'data science', 'deep learning', 'data visualization', 'natural language processing', 'python', 'pandas']",0,0.5552724445074847
1950,APPAREL,0.792108888074232,[],[],"['numpy', 'scikit-learn', 'sql', 'data analysis', 'nlp', 'git', 'tensorflow', 'machine learning', 'pytorch', 'data science', 'deep learning', 'data visualization', 'natural language processing', 'python', 'pandas']",0,0.5544762216519623
1951,PUBLIC-RELATIONS,0.7904902439548034,[],[],"['numpy', 'scikit-learn', 'sql', 'data analysis', 'nlp', 'git', 'tensorflow', 'machine learning', 'pytorch', 'data science', 'deep learning', 'data visualization', 'natural language processing', 'python', 'pandas']",0,0.5533431707683624
1952,DESIGNER,0.7855495623485954,[],[],"['numpy', 'scikit-learn', 'sql', 'data analysis', 'nlp', 'git', 'tensorflow', 'machine learning', 'pytorch', 'data science', 'deep learning', 'data visualization', 'natural language processing', 'python', 'pandas']",0,0.5498846936440167
1953,HEALTHCARE,0.7855482129859634,[],[],"['numpy', 'scikit-learn', 'sql', 'data analysis', 'nlp', 'git', 'tensorflow', 'machine learning', 'pytorch', 'data science', 'deep learning', 'data visualization', 'natural language processing', 'python', 'pandas']",0,0.5498837490901743
1954,BANKING,0.7854961821908676,[],[],"['numpy', 'scikit-learn', 'sql', 'data analysis', 'nlp', 'git', 'tensorflow', 'machine learning', 'pytorch', 'data science', 'deep learning', 'data visualization', 'natural language processing', 'python', 'pandas']",0,0.5498473275336073
1955,DESIGNER,0.7838995280531006,[],[],"['numpy', 'scikit-learn', 'sql', 'data analysis', 'nlp', 'git', 'tensorflow', 'machine learning', 'pytorch', 'data science', 'deep learning', 'data visualization', 'natural language processing', 'python', 'pandas']",0,0.5487296696371704
1956,BUSINESS-DEVELOPMENT,0.7837280248828054,[],[],"['numpy', 'scikit-learn', 'sql', 'data analysis', 'nlp', 'git', 'tensorflow', 'machine learning', 'pytorch', 'data science', 'deep learning', 'data visualization', 'natural language processing', 'python', 'pandas']",0,0.5486096174179637
1957,SALES,0.7827932095927871,[],[],"['numpy', 'scikit-learn', 'sql', 'data analysis', 'nlp', 'git', 'tensorflow', 'machine learning', 'pytorch', 'data science', 'deep learning', 'data visualization', 'natural language processing', 'python', 'pandas']",0,0.5479552467149509
1958,AGRICULTURE,0.7816716877166209,[],[],"['numpy', 'scikit-learn', 'sql', 'data analysis', 'nlp', 'git', 'tensorflow', 'machine learning', 'pytorch', 'data science', 'deep learning', 'data visualization', 'natural language processing', 'python', 'pandas']",0,0.5471701814016345
1959,FINANCE,0.7801074573499928,[],[],"['numpy', 'scikit-learn', 'sql', 'data analysis', 'nlp', 'git', 'tensorflow', 'machine learning', 'pytorch', 'data science', 'deep learning', 'data visualization', 'natural language processing', 'python', 'pandas']",0,0.5460752201449949
1960,HEALTHCARE,0.7797075881280878,[],[],"['numpy', 'scikit-learn', 'sql', 'data analysis', 'nlp', 'git', 'tensorflow', 'machine learning', 'pytorch', 'data science', 'deep learning', 'data visualization', 'natural language processing', 'python', 'pandas']",0,0.5457953116896614
1961,BANKING,0.7786164305945679,[],[],"['numpy', 'scikit-learn', 'sql', 'data analysis', 'nlp', 'git', 'tensorflow', 'machine learning', 'pytorch', 'data science', 'deep learning', 'data visualization', 'natural language processing', 'python', 'pandas']",0,0.5450315014161975
1962,ADVOCATE,0.7785332045906975,[],[],"['numpy', 'scikit-learn', 'sql', 'data analysis', 'nlp', 'git', 'tensorflow', 'machine learning', 'pytorch', 'data science', 'deep learning', 'data visualization', 'natural language processing', 'python', 'pandas']",0,0.5449732432134883
1963,HR,0.7765240930420038,[],[],"['numpy', 'scikit-learn', 'sql', 'data analysis', 'nlp', 'git', 'tensorflow', 'machine learning', 'pytorch', 'data science', 'deep learning', 'data visualization', 'natural language processing', 'python', 'pandas']",0,0.5435668651294026
1964,FITNESS,0.7764010095242638,[],[],"['numpy', 'scikit-learn', 'sql', 'data analysis', 'nlp', 'git', 'tensorflow', 'machine learning', 'pytorch', 'data science', 'deep learning', 'data visualization', 'natural language processing', 'python', 'pandas']",0,0.5434807066669847
1965,HEALTHCARE,0.7758256656972023,[],[],"['numpy', 'scikit-learn', 'sql', 'data analysis', 'nlp', 'git', 'tensorflow', 'machine learning', 'pytorch', 'data science', 'deep learning', 'data visualization', 'natural language processing', 'python', 'pandas']",0,0.5430779659880416
1966,DIGITAL-MEDIA,0.7757198704999807,[],[],"['numpy', 'scikit-learn', 'sql', 'data analysis', 'nlp', 'git', 'tensorflow', 'machine learning', 'pytorch', 'data science', 'deep learning', 'data visualization', 'natural language processing', 'python', 'pandas']",0,0.5430039093499864
1967,INFORMATION-TECHNOLOGY,0.7750039659406609,[],[],"['numpy', 'scikit-learn', 'sql', 'data analysis', 'nlp', 'git', 'tensorflow', 'machine learning', 'pytorch', 'data science', 'deep learning', 'data visualization', 'natural language processing', 'python', 'pandas']",0,0.5425027761584625
1968,AVIATION,0.7742664674805946,[],[],"['numpy', 'scikit-learn', 'sql', 'data analysis', 'nlp', 'git', 'tensorflow', 'machine learning', 'pytorch', 'data science', 'deep learning', 'data visualization', 'natural language processing', 'python', 'pandas']",0,0.5419865272364162
1969,CHEF,0.7720933854943327,[],[],"['numpy', 'scikit-learn', 'sql', 'data analysis', 'nlp', 'git', 'tensorflow', 'machine learning', 'pytorch', 'data science', 'deep learning', 'data visualization', 'natural language processing', 'python', 'pandas']",0,0.5404653698460329
1970,APPAREL,0.7710445944830335,[],[],"['numpy', 'scikit-learn', 'sql', 'data analysis', 'nlp', 'git', 'tensorflow', 'machine learning', 'pytorch', 'data science', 'deep learning', 'data visualization', 'natural language processing', 'python', 'pandas']",0,0.5397312161381235
1971,APPAREL,0.7708997794553809,[],[],"['numpy', 'scikit-learn', 'sql', 'data analysis', 'nlp', 'git', 'tensorflow', 'machine learning', 'pytorch', 'data science', 'deep learning', 'data visualization', 'natural language processing', 'python', 'pandas']",0,0.5396298456187666
1972,DESIGNER,0.7696304913032997,[],[],"['numpy', 'scikit-learn', 'sql', 'data analysis', 'nlp', 'git', 'tensorflow', 'machine learning', 'pytorch', 'data science', 'deep learning', 'data visualization', 'natural language processing', 'python', 'pandas']",0,0.5387413439123098
1973,FITNESS,0.7690330371429464,[],[],"['numpy', 'scikit-learn', 'sql', 'data analysis', 'nlp', 'git', 'tensorflow', 'machine learning', 'pytorch', 'data science', 'deep learning', 'data visualization', 'natural language processing', 'python', 'pandas']",0,0.5383231260000624
1974,ARTS,0.7688619215668584,[],[],"['numpy', 'scikit-learn', 'sql', 'data analysis', 'nlp', 'git', 'tensorflow', 'machine learning', 'pytorch', 'data science', 'deep learning', 'data visualization', 'natural language processing', 'python', 'pandas']",0,0.5382033450968008
1975,FINANCE,0.7686483544788162,[],[],"['numpy', 'scikit-learn', 'sql', 'data analysis', 'nlp', 'git', 'tensorflow', 'machine learning', 'pytorch', 'data science', 'deep learning', 'data visualization', 'natural language processing', 'python', 'pandas']",0,0.5380538481351713
1976,CHEF,0.7679726584210457,[],[],"['numpy', 'scikit-learn', 'sql', 'data analysis', 'nlp', 'git', 'tensorflow', 'machine learning', 'pytorch', 'data science', 'deep learning', 'data visualization', 'natural language processing', 'python', 'pandas']",0,0.5375808608947319
1977,DESIGNER,0.7675983834798865,[],[],"['numpy', 'scikit-learn', 'sql', 'data analysis', 'nlp', 'git', 'tensorflow', 'machine learning', 'pytorch', 'data science', 'deep learning', 'data visualization', 'natural language processing', 'python', 'pandas']",0,0.5373188684359205
1978,APPAREL,0.7673090439889773,[],[],"['numpy', 'scikit-learn', 'sql', 'data analysis', 'nlp', 'git', 'tensorflow', 'machine learning', 'pytorch', 'data science', 'deep learning', 'data visualization', 'natural language processing', 'python', 'pandas']",0,0.537116330792284
1979,AVIATION,0.7669097099693348,[],[],"['numpy', 'scikit-learn', 'sql', 'data analysis', 'nlp', 'git', 'tensorflow', 'machine learning', 'pytorch', 'data science', 'deep learning', 'data visualization', 'natural language processing', 'python', 'pandas']",0,0.5368367969785344
1980,PUBLIC-RELATIONS,0.7664736406748677,[],[],"['numpy', 'scikit-learn', 'sql', 'data analysis', 'nlp', 'git', 'tensorflow', 'machine learning', 'pytorch', 'data science', 'deep learning', 'data visualization', 'natural language processing', 'python', 'pandas']",0,0.5365315484724074
1981,FINANCE,0.7664367155956585,[],[],"['numpy', 'scikit-learn', 'sql', 'data analysis', 'nlp', 'git', 'tensorflow', 'machine learning', 'pytorch', 'data science', 'deep learning', 'data visualization', 'natural language processing', 'python', 'pandas']",0,0.5365057009169609
1982,BUSINESS-DEVELOPMENT,0.7641855315249657,[],[],"['numpy', 'scikit-learn', 'sql', 'data analysis', 'nlp', 'git', 'tensorflow', 'machine learning', 'pytorch', 'data science', 'deep learning', 'data visualization', 'natural language processing', 'python', 'pandas']",0,0.534929872067476
1983,FINANCE,0.7628171729150055,[],[],"['numpy', 'scikit-learn', 'sql', 'data analysis', 'nlp', 'git', 'tensorflow', 'machine learning', 'pytorch', 'data science', 'deep learning', 'data visualization', 'natural language processing', 'python', 'pandas']",0,0.5339720210405038
1984,FINANCE,0.7628171729150055,[],[],"['numpy', 'scikit-learn', 'sql', 'data analysis', 'nlp', 'git', 'tensorflow', 'machine learning', 'pytorch', 'data science', 'deep learning', 'data visualization', 'natural language processing', 'python', 'pandas']",0,0.5339720210405038
1985,AVIATION,0.7625521260766327,[],[],"['numpy', 'scikit-learn', 'sql', 'data analysis', 'nlp', 'git', 'tensorflow', 'machine learning', 'pytorch', 'data science', 'deep learning', 'data visualization', 'natural language processing', 'python', 'pandas']",0,0.5337864882536428
1986,PUBLIC-RELATIONS,0.7595726745026481,[],[],"['numpy', 'scikit-learn', 'sql', 'data analysis', 'nlp', 'git', 'tensorflow', 'machine learning', 'pytorch', 'data science', 'deep learning', 'data visualization', 'natural language processing', 'python', 'pandas']",0,0.5317008721518536
1987,ENGINEERING,0.7559786215852029,[],[],"['numpy', 'scikit-learn', 'sql', 'data analysis', 'nlp', 'git', 'tensorflow', 'machine learning', 'pytorch', 'data science', 'deep learning', 'data visualization', 'natural language processing', 'python', 'pandas']",0,0.529185035109642
1988,BANKING,0.7528925861273369,[],[],"['numpy', 'scikit-learn', 'sql', 'data analysis', 'nlp', 'git', 'tensorflow', 'machine learning', 'pytorch', 'data science', 'deep learning', 'data visualization', 'natural language processing', 'python', 'pandas']",0,0.5270248102891358
1989,PUBLIC-RELATIONS,0.7524612889550251,[],[],"['numpy', 'scikit-learn', 'sql', 'data analysis', 'nlp', 'git', 'tensorflow', 'machine learning', 'pytorch', 'data science', 'deep learning', 'data visualization', 'natural language processing', 'python', 'pandas']",0,0.5267229022685175
1990,BANKING,0.7479738476291606,[],[],"['numpy', 'scikit-learn', 'sql', 'data analysis', 'nlp', 'git', 'tensorflow', 'machine learning', 'pytorch', 'data science', 'deep learning', 'data visualization', 'natural language processing', 'python', 'pandas']",0,0.5235816933404124
1991,AVIATION,0.7462410610883388,[],[],"['numpy', 'scikit-learn', 'sql', 'data analysis', 'nlp', 'git', 'tensorflow', 'machine learning', 'pytorch', 'data science', 'deep learning', 'data visualization', 'natural language processing', 'python', 'pandas']",0,0.5223687427618371
1992,SALES,0.7457661913998009,[],[],"['numpy', 'scikit-learn', 'sql', 'data analysis', 'nlp', 'git', 'tensorflow', 'machine learning', 'pytorch', 'data science', 'deep learning', 'data visualization', 'natural language processing', 'python', 'pandas']",0,0.5220363339798606
1993,CONSTRUCTION,0.7452003604318586,[],[],"['numpy', 'scikit-learn', 'sql', 'data analysis', 'nlp', 'git', 'tensorflow', 'machine learning', 'pytorch', 'data science', 'deep learning', 'data visualization', 'natural language processing', 'python', 'pandas']",0,0.5216402523023009
1994,ADVOCATE,0.7437437030599469,[],[],"['numpy', 'scikit-learn', 'sql', 'data analysis', 'nlp', 'git', 'tensorflow', 'machine learning', 'pytorch', 'data science', 'deep learning', 'data visualization', 'natural language processing', 'python', 'pandas']",0,0.5206205921419628
1995,FITNESS,0.7426273847497527,[],[],"['numpy', 'scikit-learn', 'sql', 'data analysis', 'nlp', 'git', 'tensorflow', 'machine learning', 'pytorch', 'data science', 'deep learning', 'data visualization', 'natural language processing', 'python', 'pandas']",0,0.5198391693248269
1996,CONSTRUCTION,0.7410147889966288,[],[],"['numpy', 'scikit-learn', 'sql', 'data analysis', 'nlp', 'git', 'tensorflow', 'machine learning', 'pytorch', 'data science', 'deep learning', 'data visualization', 'natural language processing', 'python', 'pandas']",0,0.5187103522976401
1997,HR,0.7399695309611206,[],[],"['numpy', 'scikit-learn', 'sql', 'data analysis', 'nlp', 'git', 'tensorflow', 'machine learning', 'pytorch', 'data science', 'deep learning', 'data visualization', 'natural language processing', 'python', 'pandas']",0,0.5179786716727844
1998,HEALTHCARE,0.7395788056691432,[],[],"['numpy', 'scikit-learn', 'sql', 'data analysis', 'nlp', 'git', 'tensorflow', 'machine learning', 'pytorch', 'data science', 'deep learning', 'data visualization', 'natural language processing', 'python', 'pandas']",0,0.5177051639684003
1999,BANKING,0.7393080158005182,[],[],"['numpy', 'scikit-learn', 'sql', 'data analysis', 'nlp', 'git', 'tensorflow', 'machine learning', 'pytorch', 'data science', 'deep learning', 'data visualization', 'natural language processing', 'python', 'pandas']",0,0.5175156110603627
2000,APPAREL,0.7390902688381125,[],[],"['numpy', 'scikit-learn', 'sql', 'data analysis', 'nlp', 'git', 'tensorflow', 'machine learning', 'pytorch', 'data science', 'deep learning', 'data visualization', 'natural language processing', 'python', 'pandas']",0,0.5173631881866787
2001,CHEF,0.7373987741675995,[],[],"['numpy', 'scikit-learn', 'sql', 'data analysis', 'nlp', 'git', 'tensorflow', 'machine learning', 'pytorch', 'data science', 'deep learning', 'data visualization', 'natural language processing', 'python', 'pandas']",0,0.5161791419173196
2002,AVIATION,0.7373674097311261,[],[],"['numpy', 'scikit-learn', 'sql', 'data analysis', 'nlp', 'git', 'tensorflow', 'machine learning', 'pytorch', 'data science', 'deep learning', 'data visualization', 'natural language processing', 'python', 'pandas']",0,0.5161571868117882
2003,CONSULTANT,0.7366369283448891,[],[],"['numpy', 'scikit-learn', 'sql', 'data analysis', 'nlp', 'git', 'tensorflow', 'machine learning', 'pytorch', 'data science', 'deep learning', 'data visualization', 'natural language processing', 'python', 'pandas']",0,0.5156458498414224
2004,CONSULTANT,0.7356653744941843,[],[],"['numpy', 'scikit-learn', 'sql', 'data analysis', 'nlp', 'git', 'tensorflow', 'machine learning', 'pytorch', 'data science', 'deep learning', 'data visualization', 'natural language processing', 'python', 'pandas']",0,0.514965762145929
2005,APPAREL,0.735631364402209,[],[],"['numpy', 'scikit-learn', 'sql', 'data analysis', 'nlp', 'git', 'tensorflow', 'machine learning', 'pytorch', 'data science', 'deep learning', 'data visualization', 'natural language processing', 'python', 'pandas']",0,0.5149419550815463
2006,FITNESS,0.7343579747762752,[],[],"['numpy', 'scikit-learn', 'sql', 'data analysis', 'nlp', 'git', 'tensorflow', 'machine learning', 'pytorch', 'data science', 'deep learning', 'data visualization', 'natural language processing', 'python', 'pandas']",0,0.5140505823433926
2007,BANKING,0.734238193945867,[],[],"['numpy', 'scikit-learn', 'sql', 'data analysis', 'nlp', 'git', 'tensorflow', 'machine learning', 'pytorch', 'data science', 'deep learning', 'data visualization', 'natural language processing', 'python', 'pandas']",0,0.5139667357621068
2008,CHEF,0.7337297943572482,[],[],"['numpy', 'scikit-learn', 'sql', 'data analysis', 'nlp', 'git', 'tensorflow', 'machine learning', 'pytorch', 'data science', 'deep learning', 'data visualization', 'natural language processing', 'python', 'pandas']",0,0.5136108560500737
2009,AVIATION,0.7303307346949749,[],[],"['numpy', 'scikit-learn', 'sql', 'data analysis', 'nlp', 'git', 'tensorflow', 'machine learning', 'pytorch', 'data science', 'deep learning', 'data visualization', 'natural language processing', 'python', 'pandas']",0,0.5112315142864824
2010,HEALTHCARE,0.7288859608566396,[],[],"['numpy', 'scikit-learn', 'sql', 'data analysis', 'nlp', 'git', 'tensorflow', 'machine learning', 'pytorch', 'data science', 'deep learning', 'data visualization', 'natural language processing', 'python', 'pandas']",0,0.5102201725996477
2011,BUSINESS-DEVELOPMENT,0.7281074807820654,[],[],"['numpy', 'scikit-learn', 'sql', 'data analysis', 'nlp', 'git', 'tensorflow', 'machine learning', 'pytorch', 'data science', 'deep learning', 'data visualization', 'natural language processing', 'python', 'pandas']",0,0.5096752365474457
2012,FINANCE,0.727509687402261,[],[],"['numpy', 'scikit-learn', 'sql', 'data analysis', 'nlp', 'git', 'tensorflow', 'machine learning', 'pytorch', 'data science', 'deep learning', 'data visualization', 'natural language processing', 'python', 'pandas']",0,0.5092567811815827
2013,CHEF,0.7272332678758138,[],[],"['numpy', 'scikit-learn', 'sql', 'data analysis', 'nlp', 'git', 'tensorflow', 'machine learning', 'pytorch', 'data science', 'deep learning', 'data visualization', 'natural language processing', 'python', 'pandas']",0,0.5090632875130696
2014,BUSINESS-DEVELOPMENT,0.7258510309528333,[],[],"['numpy', 'scikit-learn', 'sql', 'data analysis', 'nlp', 'git', 'tensorflow', 'machine learning', 'pytorch', 'data science', 'deep learning', 'data visualization', 'natural language processing', 'python', 'pandas']",0,0.5080957216669832
2015,INFORMATION-TECHNOLOGY,0.7252812640817842,[],[],"['numpy', 'scikit-learn', 'sql', 'data analysis', 'nlp', 'git', 'tensorflow', 'machine learning', 'pytorch', 'data science', 'deep learning', 'data visualization', 'natural language processing', 'python', 'pandas']",0,0.5076968848572488
2016,ARTS,0.7235640273933679,[],[],"['numpy', 'scikit-learn', 'sql', 'data analysis', 'nlp', 'git', 'tensorflow', 'machine learning', 'pytorch', 'data science', 'deep learning', 'data visualization', 'natural language processing', 'python', 'pandas']",0,0.5064948191753575
2017,CHEF,0.7227260237353739,[],[],"['numpy', 'scikit-learn', 'sql', 'data analysis', 'nlp', 'git', 'tensorflow', 'machine learning', 'pytorch', 'data science', 'deep learning', 'data visualization', 'natural language processing', 'python', 'pandas']",0,0.5059082166147617
2018,HR,0.7213283179780363,[],[],"['numpy', 'scikit-learn', 'sql', 'data analysis', 'nlp', 'git', 'tensorflow', 'machine learning', 'pytorch', 'data science', 'deep learning', 'data visualization', 'natural language processing', 'python', 'pandas']",0,0.5049298225846254
2019,FITNESS,0.7204839003899374,[],[],"['numpy', 'scikit-learn', 'sql', 'data analysis', 'nlp', 'git', 'tensorflow', 'machine learning', 'pytorch', 'data science', 'deep learning', 'data visualization', 'natural language processing', 'python', 'pandas']",0,0.5043387302729562
2020,APPAREL,0.7201460094865669,[],[],"['numpy', 'scikit-learn', 'sql', 'data analysis', 'nlp', 'git', 'tensorflow', 'machine learning', 'pytorch', 'data science', 'deep learning', 'data visualization', 'natural language processing', 'python', 'pandas']",0,0.5041022066405968
2021,DIGITAL-MEDIA,0.7196645988672872,[],[],"['numpy', 'scikit-learn', 'sql', 'data analysis', 'nlp', 'git', 'tensorflow', 'machine learning', 'pytorch', 'data science', 'deep learning', 'data visualization', 'natural language processing', 'python', 'pandas']",0,0.503765219207101
2022,APPAREL,0.7194955458561666,[],[],"['numpy', 'scikit-learn', 'sql', 'data analysis', 'nlp', 'git', 'tensorflow', 'machine learning', 'pytorch', 'data science', 'deep learning', 'data visualization', 'natural language processing', 'python', 'pandas']",0,0.5036468820993166
2023,PUBLIC-RELATIONS,0.719338456686197,[],[],"['numpy', 'scikit-learn', 'sql', 'data analysis', 'nlp', 'git', 'tensorflow', 'machine learning', 'pytorch', 'data science', 'deep learning', 'data visualization', 'natural language processing', 'python', 'pandas']",0,0.5035369196803379
2024,FITNESS,0.7190465430012204,[],[],"['numpy', 'scikit-learn', 'sql', 'data analysis', 'nlp', 'git', 'tensorflow', 'machine learning', 'pytorch', 'data science', 'deep learning', 'data visualization', 'natural language processing', 'python', 'pandas']",0,0.5033325801008542
2025,HR,0.7158027374739292,[],[],"['numpy', 'scikit-learn', 'sql', 'data analysis', 'nlp', 'git', 'tensorflow', 'machine learning', 'pytorch', 'data science', 'deep learning', 'data visualization', 'natural language processing', 'python', 'pandas']",0,0.5010619162317504
2026,ADVOCATE,0.7142216341955734,[],[],"['numpy', 'scikit-learn', 'sql', 'data analysis', 'nlp', 'git', 'tensorflow', 'machine learning', 'pytorch', 'data science', 'deep learning', 'data visualization', 'natural language processing', 'python', 'pandas']",0,0.4999551439369013
2027,AVIATION,0.7135159811499172,[],[],"['numpy', 'scikit-learn', 'sql', 'data analysis', 'nlp', 'git', 'tensorflow', 'machine learning', 'pytorch', 'data science', 'deep learning', 'data visualization', 'natural language processing', 'python', 'pandas']",0,0.499461186804942
2028,HEALTHCARE,0.7131230923116478,[],[],"['numpy', 'scikit-learn', 'sql', 'data analysis', 'nlp', 'git', 'tensorflow', 'machine learning', 'pytorch', 'data science', 'deep learning', 'data visualization', 'natural language processing', 'python', 'pandas']",0,0.49918616461815346
2029,HR,0.7099169247313211,[],[],"['numpy', 'scikit-learn', 'sql', 'data analysis', 'nlp', 'git', 'tensorflow', 'machine learning', 'pytorch', 'data science', 'deep learning', 'data visualization', 'natural language processing', 'python', 'pandas']",0,0.4969418473119247
2030,HEALTHCARE,0.7067510992895503,[],[],"['numpy', 'scikit-learn', 'sql', 'data analysis', 'nlp', 'git', 'tensorflow', 'machine learning', 'pytorch', 'data science', 'deep learning', 'data visualization', 'natural language processing', 'python', 'pandas']",0,0.49472576950268515
2031,BANKING,0.7066846225887843,[],[],"['numpy', 'scikit-learn', 'sql', 'data analysis', 'nlp', 'git', 'tensorflow', 'machine learning', 'pytorch', 'data science', 'deep learning', 'data visualization', 'natural language processing', 'python', 'pandas']",0,0.49467923581214895
2032,CONSTRUCTION,0.7062802182675387,[],[],"['numpy', 'scikit-learn', 'sql', 'data analysis', 'nlp', 'git', 'tensorflow', 'machine learning', 'pytorch', 'data science', 'deep learning', 'data visualization', 'natural language processing', 'python', 'pandas']",0,0.49439615278727705
2033,BUSINESS-DEVELOPMENT,0.7051623477626107,[],[],"['numpy', 'scikit-learn', 'sql', 'data analysis', 'nlp', 'git', 'tensorflow', 'machine learning', 'pytorch', 'data science', 'deep learning', 'data visualization', 'natural language processing', 'python', 'pandas']",0,0.4936136434338274
2034,ACCOUNTANT,0.7038940611036145,[],[],"['numpy', 'scikit-learn', 'sql', 'data analysis', 'nlp', 'git', 'tensorflow', 'machine learning', 'pytorch', 'data science', 'deep learning', 'data visualization', 'natural language processing', 'python', 'pandas']",0,0.4927258427725301
2035,SALES,0.7034627280391222,[],[],"['numpy', 'scikit-learn', 'sql', 'data analysis', 'nlp', 'git', 'tensorflow', 'machine learning', 'pytorch', 'data science', 'deep learning', 'data visualization', 'natural language processing', 'python', 'pandas']",0,0.4924239096273855
2036,BANKING,0.7022970565744391,[],[],"['numpy', 'scikit-learn', 'sql', 'data analysis', 'nlp', 'git', 'tensorflow', 'machine learning', 'pytorch', 'data science', 'deep learning', 'data visualization', 'natural language processing', 'python', 'pandas']",0,0.4916079396021073
2037,APPAREL,0.7017815229688454,[],[],"['numpy', 'scikit-learn', 'sql', 'data analysis', 'nlp', 'git', 'tensorflow', 'machine learning', 'pytorch', 'data science', 'deep learning', 'data visualization', 'natural language processing', 'python', 'pandas']",0,0.4912470660781918
2038,INFORMATION-TECHNOLOGY,0.7012254357020473,[],[],"['numpy', 'scikit-learn', 'sql', 'data analysis', 'nlp', 'git', 'tensorflow', 'machine learning', 'pytorch', 'data science', 'deep learning', 'data visualization', 'natural language processing', 'python', 'pandas']",0,0.4908578049914331
2039,FITNESS,0.698967475685258,[],[],"['numpy', 'scikit-learn', 'sql', 'data analysis', 'nlp', 'git', 'tensorflow', 'machine learning', 'pytorch', 'data science', 'deep learning', 'data visualization', 'natural language processing', 'python', 'pandas']",0,0.48927723297968057
2040,ADVOCATE,0.6977993771925493,[],[],"['numpy', 'scikit-learn', 'sql', 'data analysis', 'nlp', 'git', 'tensorflow', 'machine learning', 'pytorch', 'data science', 'deep learning', 'data visualization', 'natural language processing', 'python', 'pandas']",0,0.48845956403478447
2041,ADVOCATE,0.691397909069154,[],[],"['numpy', 'scikit-learn', 'sql', 'data analysis', 'nlp', 'git', 'tensorflow', 'machine learning', 'pytorch', 'data science', 'deep learning', 'data visualization', 'natural language processing', 'python', 'pandas']",0,0.48397853634840776
2042,HEALTHCARE,0.6910542443640223,[],[],"['numpy', 'scikit-learn', 'sql', 'data analysis', 'nlp', 'git', 'tensorflow', 'machine learning', 'pytorch', 'data science', 'deep learning', 'data visualization', 'natural language processing', 'python', 'pandas']",0,0.4837379710548156
2043,TEACHER,0.6908651310071385,[],[],"['numpy', 'scikit-learn', 'sql', 'data analysis', 'nlp', 'git', 'tensorflow', 'machine learning', 'pytorch', 'data science', 'deep learning', 'data visualization', 'natural language processing', 'python', 'pandas']",0,0.48360559170499695
2044,CONSTRUCTION,0.6865742698978378,[],[],"['numpy', 'scikit-learn', 'sql', 'data analysis', 'nlp', 'git', 'tensorflow', 'machine learning', 'pytorch', 'data science', 'deep learning', 'data visualization', 'natural language processing', 'python', 'pandas']",0,0.4806019889284864
2045,ADVOCATE,0.6820868831729834,[],[],"['numpy', 'scikit-learn', 'sql', 'data analysis', 'nlp', 'git', 'tensorflow', 'machine learning', 'pytorch', 'data science', 'deep learning', 'data visualization', 'natural language processing', 'python', 'pandas']",0,0.4774608182210883
2046,PUBLIC-RELATIONS,0.6814772248079314,[],[],"['numpy', 'scikit-learn', 'sql', 'data analysis', 'nlp', 'git', 'tensorflow', 'machine learning', 'pytorch', 'data science', 'deep learning', 'data visualization', 'natural language processing', 'python', 'pandas']",0,0.47703405736555193
2047,FITNESS,0.6811036657758436,[],[],"['numpy', 'scikit-learn', 'sql', 'data analysis', 'nlp', 'git', 'tensorflow', 'machine learning', 'pytorch', 'data science', 'deep learning', 'data visualization', 'natural language processing', 'python', 'pandas']",0,0.4767725660430905
2048,ACCOUNTANT,0.6808819882379163,[],[],"['numpy', 'scikit-learn', 'sql', 'data analysis', 'nlp', 'git', 'tensorflow', 'machine learning', 'pytorch', 'data science', 'deep learning', 'data visualization', 'natural language processing', 'python', 'pandas']",0,0.4766173917665414
2049,BUSINESS-DEVELOPMENT,0.6757637402068492,[],[],"['numpy', 'scikit-learn', 'sql', 'data analysis', 'nlp', 'git', 'tensorflow', 'machine learning', 'pytorch', 'data science', 'deep learning', 'data visualization', 'natural language processing', 'python', 'pandas']",0,0.47303461814479436
2050,CONSTRUCTION,0.6750019830608321,[],[],"['numpy', 'scikit-learn', 'sql', 'data analysis', 'nlp', 'git', 'tensorflow', 'machine learning', 'pytorch', 'data science', 'deep learning', 'data visualization', 'natural language processing', 'python', 'pandas']",0,0.47250138814258247
2051,TEACHER,0.6746654387164938,[],[],"['numpy', 'scikit-learn', 'sql', 'data analysis', 'nlp', 'git', 'tensorflow', 'machine learning', 'pytorch', 'data science', 'deep learning', 'data visualization', 'natural language processing', 'python', 'pandas']",0,0.4722658071015456
2052,HR,0.673702749980759,[],[],"['numpy', 'scikit-learn', 'sql', 'data analysis', 'nlp', 'git', 'tensorflow', 'machine learning', 'pytorch', 'data science', 'deep learning', 'data visualization', 'natural language processing', 'python', 'pandas']",0,0.47159192498653124
2053,HEALTHCARE,0.6728897043794084,[],[],"['numpy', 'scikit-learn', 'sql', 'data analysis', 'nlp', 'git', 'tensorflow', 'machine learning', 'pytorch', 'data science', 'deep learning', 'data visualization', 'natural language processing', 'python', 'pandas']",0,0.47102279306558587
2054,APPAREL,0.6703496312473528,[],[],"['numpy', 'scikit-learn', 'sql', 'data analysis', 'nlp', 'git', 'tensorflow', 'machine learning', 'pytorch', 'data science', 'deep learning', 'data visualization', 'natural language processing', 'python', 'pandas']",0,0.4692447418731469
2055,HR,0.6685507050523999,[],[],"['numpy', 'scikit-learn', 'sql', 'data analysis', 'nlp', 'git', 'tensorflow', 'machine learning', 'pytorch', 'data science', 'deep learning', 'data visualization', 'natural language processing', 'python', 'pandas']",0,0.4679854935366799
2056,HR,0.6667733666729068,[],[],"['numpy', 'scikit-learn', 'sql', 'data analysis', 'nlp', 'git', 'tensorflow', 'machine learning', 'pytorch', 'data science', 'deep learning', 'data visualization', 'natural language processing', 'python', 'pandas']",0,0.4667413566710347
2057,AVIATION,0.6649024579833723,[],[],"['numpy', 'scikit-learn', 'sql', 'data analysis', 'nlp', 'git', 'tensorflow', 'machine learning', 'pytorch', 'data science', 'deep learning', 'data visualization', 'natural language processing', 'python', 'pandas']",0,0.4654317205883606
2058,BUSINESS-DEVELOPMENT,0.6631143121160036,[],[],"['numpy', 'scikit-learn', 'sql', 'data analysis', 'nlp', 'git', 'tensorflow', 'machine learning', 'pytorch', 'data science', 'deep learning', 'data visualization', 'natural language processing', 'python', 'pandas']",0,0.4641800184812025
2059,AVIATION,0.6593979405942416,[],[],"['numpy', 'scikit-learn', 'sql', 'data analysis', 'nlp', 'git', 'tensorflow', 'machine learning', 'pytorch', 'data science', 'deep learning', 'data visualization', 'natural language processing', 'python', 'pandas']",0,0.4615785584159691
2060,BANKING,0.6565457342735626,[],[],"['numpy', 'scikit-learn', 'sql', 'data analysis', 'nlp', 'git', 'tensorflow', 'machine learning', 'pytorch', 'data science', 'deep learning', 'data visualization', 'natural language processing', 'python', 'pandas']",0,0.45958201399149373
2061,HEALTHCARE,0.6530373345212037,[],[],"['numpy', 'scikit-learn', 'sql', 'data analysis', 'nlp', 'git', 'tensorflow', 'machine learning', 'pytorch', 'data science', 'deep learning', 'data visualization', 'natural language processing', 'python', 'pandas']",0,0.45712613416484255
2062,PUBLIC-RELATIONS,0.6523460107856639,[],[],"['numpy', 'scikit-learn', 'sql', 'data analysis', 'nlp', 'git', 'tensorflow', 'machine learning', 'pytorch', 'data science', 'deep learning', 'data visualization', 'natural language processing', 'python', 'pandas']",0,0.4566422075499647
2063,HEALTHCARE,0.6516028492904159,[],[],"['numpy', 'scikit-learn', 'sql', 'data analysis', 'nlp', 'git', 'tensorflow', 'machine learning', 'pytorch', 'data science', 'deep learning', 'data visualization', 'natural language processing', 'python', 'pandas']",0,0.4561219945032911
2064,FITNESS,0.6515911359894689,[],[],"['numpy', 'scikit-learn', 'sql', 'data analysis', 'nlp', 'git', 'tensorflow', 'machine learning', 'pytorch', 'data science', 'deep learning', 'data visualization', 'natural language processing', 'python', 'pandas']",0,0.45611379519262824
2065,INFORMATION-TECHNOLOGY,0.6514839777701408,[],[],"['numpy', 'scikit-learn', 'sql', 'data analysis', 'nlp', 'git', 'tensorflow', 'machine learning', 'pytorch', 'data science', 'deep learning', 'data visualization', 'natural language processing', 'python', 'pandas']",0,0.4560387844390985
2066,CONSTRUCTION,0.6500907919914287,[],[],"['numpy', 'scikit-learn', 'sql', 'data analysis', 'nlp', 'git', 'tensorflow', 'machine learning', 'pytorch', 'data science', 'deep learning', 'data visualization', 'natural language processing', 'python', 'pandas']",0,0.4550635543940001
2067,AUTOMOBILE,0.6481298464365236,[],[],"['numpy', 'scikit-learn', 'sql', 'data analysis', 'nlp', 'git', 'tensorflow', 'machine learning', 'pytorch', 'data science', 'deep learning', 'data visualization', 'natural language processing', 'python', 'pandas']",0,0.4536908925055665
2068,DIGITAL-MEDIA,0.6471406503910379,[],[],"['numpy', 'scikit-learn', 'sql', 'data analysis', 'nlp', 'git', 'tensorflow', 'machine learning', 'pytorch', 'data science', 'deep learning', 'data visualization', 'natural language processing', 'python', 'pandas']",0,0.45299845527372645
2069,SALES,0.6449283536931422,[],[],"['numpy', 'scikit-learn', 'sql', 'data analysis', 'nlp', 'git', 'tensorflow', 'machine learning', 'pytorch', 'data science', 'deep learning', 'data visualization', 'natural language processing', 'python', 'pandas']",0,0.45144984758519946
2070,HEALTHCARE,0.6441487217915524,[],[],"['numpy', 'scikit-learn', 'sql', 'data analysis', 'nlp', 'git', 'tensorflow', 'machine learning', 'pytorch', 'data science', 'deep learning', 'data visualization', 'natural language processing', 'python', 'pandas']",0,0.45090410525408664
2071,CONSTRUCTION,0.643282662772242,[],[],"['numpy', 'scikit-learn', 'sql', 'data analysis', 'nlp', 'git', 'tensorflow', 'machine learning', 'pytorch', 'data science', 'deep learning', 'data visualization', 'natural language processing', 'python', 'pandas']",0,0.45029786394056937
2072,SALES,0.642833954636946,[],[],"['numpy', 'scikit-learn', 'sql', 'data analysis', 'nlp', 'git', 'tensorflow', 'machine learning', 'pytorch', 'data science', 'deep learning', 'data visualization', 'natural language processing', 'python', 'pandas']",0,0.44998376824586217
2073,HEALTHCARE,0.6420789811946249,[],[],"['numpy', 'scikit-learn', 'sql', 'data analysis', 'nlp', 'git', 'tensorflow', 'machine learning', 'pytorch', 'data science', 'deep learning', 'data visualization', 'natural language processing', 'python', 'pandas']",0,0.4494552868362374
2074,PUBLIC-RELATIONS,0.6415908327234466,[],[],"['numpy', 'scikit-learn', 'sql', 'data analysis', 'nlp', 'git', 'tensorflow', 'machine learning', 'pytorch', 'data science', 'deep learning', 'data visualization', 'natural language processing', 'python', 'pandas']",0,0.4491135829064126
2075,HR,0.6409789580572397,[],[],"['numpy', 'scikit-learn', 'sql', 'data analysis', 'nlp', 'git', 'tensorflow', 'machine learning', 'pytorch', 'data science', 'deep learning', 'data visualization', 'natural language processing', 'python', 'pandas']",0,0.44868527064006775
2076,SALES,0.6407286451758364,[],[],"['numpy', 'scikit-learn', 'sql', 'data analysis', 'nlp', 'git', 'tensorflow', 'machine learning', 'pytorch', 'data science', 'deep learning', 'data visualization', 'natural language processing', 'python', 'pandas']",0,0.44851005162308544
2077,CONSULTANT,0.640617962134922,[],[],"['numpy', 'scikit-learn', 'sql', 'data analysis', 'nlp', 'git', 'tensorflow', 'machine learning', 'pytorch', 'data science', 'deep learning', 'data visualization', 'natural language processing', 'python', 'pandas']",0,0.4484325734944453
2078,BANKING,0.6376496538973977,[],[],"['numpy', 'scikit-learn', 'sql', 'data analysis', 'nlp', 'git', 'tensorflow', 'machine learning', 'pytorch', 'data science', 'deep learning', 'data visualization', 'natural language processing', 'python', 'pandas']",0,0.44635475772817834
2079,ACCOUNTANT,0.6371568020820055,[],[],"['numpy', 'scikit-learn', 'sql', 'data analysis', 'nlp', 'git', 'tensorflow', 'machine learning', 'pytorch', 'data science', 'deep learning', 'data visualization', 'natural language processing', 'python', 'pandas']",0,0.44600976145740384
2080,FINANCE,0.6351291022089987,[],[],"['numpy', 'scikit-learn', 'sql', 'data analysis', 'nlp', 'git', 'tensorflow', 'machine learning', 'pytorch', 'data science', 'deep learning', 'data visualization', 'natural language processing', 'python', 'pandas']",0,0.44459037154629905
2081,BANKING,0.6323858114637234,[],[],"['numpy', 'scikit-learn', 'sql', 'data analysis', 'nlp', 'git', 'tensorflow', 'machine learning', 'pytorch', 'data science', 'deep learning', 'data visualization', 'natural language processing', 'python', 'pandas']",0,0.44267006802460634
2082,AUTOMOBILE,0.6297727611704163,[],[],"['numpy', 'scikit-learn', 'sql', 'data analysis', 'nlp', 'git', 'tensorflow', 'machine learning', 'pytorch', 'data science', 'deep learning', 'data visualization', 'natural language processing', 'python', 'pandas']",0,0.4408409328192913
2083,CONSULTANT,0.6282731893368714,[],[],"['numpy', 'scikit-learn', 'sql', 'data analysis', 'nlp', 'git', 'tensorflow', 'machine learning', 'pytorch', 'data science', 'deep learning', 'data visualization', 'natural language processing', 'python', 'pandas']",0,0.43979123253580993
2084,AGRICULTURE,0.6256471561871156,[],[],"['numpy', 'scikit-learn', 'sql', 'data analysis', 'nlp', 'git', 'tensorflow', 'machine learning', 'pytorch', 'data science', 'deep learning', 'data visualization', 'natural language processing', 'python', 'pandas']",0,0.4379530093309809
2085,APPAREL,0.6251898736779062,[],[],"['numpy', 'scikit-learn', 'sql', 'data analysis', 'nlp', 'git', 'tensorflow', 'machine learning', 'pytorch', 'data science', 'deep learning', 'data visualization', 'natural language processing', 'python', 'pandas']",0,0.4376329115745343
2086,CONSTRUCTION,0.6240383046006783,[],[],"['numpy', 'scikit-learn', 'sql', 'data analysis', 'nlp', 'git', 'tensorflow', 'machine learning', 'pytorch', 'data science', 'deep learning', 'data visualization', 'natural language processing', 'python', 'pandas']",0,0.4368268132204748
2087,FINANCE,0.6226677734619369,[],[],"['numpy', 'scikit-learn', 'sql', 'data analysis', 'nlp', 'git', 'tensorflow', 'machine learning', 'pytorch', 'data science', 'deep learning', 'data visualization', 'natural language processing', 'python', 'pandas']",0,0.4358674414233558
2088,ARTS,0.6206248151563254,[],[],"['numpy', 'scikit-learn', 'sql', 'data analysis', 'nlp', 'git', 'tensorflow', 'machine learning', 'pytorch', 'data science', 'deep learning', 'data visualization', 'natural language processing', 'python', 'pandas']",0,0.4344373706094278
2089,SALES,0.6200979515753533,[],[],"['numpy', 'scikit-learn', 'sql', 'data analysis', 'nlp', 'git', 'tensorflow', 'machine learning', 'pytorch', 'data science', 'deep learning', 'data visualization', 'natural language processing', 'python', 'pandas']",0,0.4340685661027473
2090,BUSINESS-DEVELOPMENT,0.6198295087939762,[],[],"['numpy', 'scikit-learn', 'sql', 'data analysis', 'nlp', 'git', 'tensorflow', 'machine learning', 'pytorch', 'data science', 'deep learning', 'data visualization', 'natural language processing', 'python', 'pandas']",0,0.43388065615578336
2091,HEALTHCARE,0.6171725247844014,[],[],"['numpy', 'scikit-learn', 'sql', 'data analysis', 'nlp', 'git', 'tensorflow', 'machine learning', 'pytorch', 'data science', 'deep learning', 'data visualization', 'natural language processing', 'python', 'pandas']",0,0.43202076734908096
2092,PUBLIC-RELATIONS,0.6171146690475604,[],[],"['numpy', 'scikit-learn', 'sql', 'data analysis', 'nlp', 'git', 'tensorflow', 'machine learning', 'pytorch', 'data science', 'deep learning', 'data visualization', 'natural language processing', 'python', 'pandas']",0,0.4319802683332923
2093,HEALTHCARE,0.6163782258239148,[],[],"['numpy', 'scikit-learn', 'sql', 'data analysis', 'nlp', 'git', 'tensorflow', 'machine learning', 'pytorch', 'data science', 'deep learning', 'data visualization', 'natural language processing', 'python', 'pandas']",0,0.43146475807674034
2094,ACCOUNTANT,0.6137996307803413,[],[],"['numpy', 'scikit-learn', 'sql', 'data analysis', 'nlp', 'git', 'tensorflow', 'machine learning', 'pytorch', 'data science', 'deep learning', 'data visualization', 'natural language processing', 'python', 'pandas']",0,0.42965974154623887
2095,FINANCE,0.6108601280359631,[],[],"['numpy', 'scikit-learn', 'sql', 'data analysis', 'nlp', 'git', 'tensorflow', 'machine learning', 'pytorch', 'data science', 'deep learning', 'data visualization', 'natural language processing', 'python', 'pandas']",0,0.42760208962517415
2096,APPAREL,0.6097128717868101,[],[],"['numpy', 'scikit-learn', 'sql', 'data analysis', 'nlp', 'git', 'tensorflow', 'machine learning', 'pytorch', 'data science', 'deep learning', 'data visualization', 'natural language processing', 'python', 'pandas']",0,0.42679901025076705
2097,AUTOMOBILE,0.6091592826743232,[],[],"['numpy', 'scikit-learn', 'sql', 'data analysis', 'nlp', 'git', 'tensorflow', 'machine learning', 'pytorch', 'data science', 'deep learning', 'data visualization', 'natural language processing', 'python', 'pandas']",0,0.4264114978720262
2098,SALES,0.6088281592178689,[],[],"['numpy', 'scikit-learn', 'sql', 'data analysis', 'nlp', 'git', 'tensorflow', 'machine learning', 'pytorch', 'data science', 'deep learning', 'data visualization', 'natural language processing', 'python', 'pandas']",0,0.4261797114525082
2099,HR,0.60548144933403,[],[],"['numpy', 'scikit-learn', 'sql', 'data analysis', 'nlp', 'git', 'tensorflow', 'machine learning', 'pytorch', 'data science', 'deep learning', 'data visualization', 'natural language processing', 'python', 'pandas']",0,0.423837014533821
2100,ENGINEERING,0.6035919835985484,[],[],"['numpy', 'scikit-learn', 'sql', 'data analysis', 'nlp', 'git', 'tensorflow', 'machine learning', 'pytorch', 'data science', 'deep learning', 'data visualization', 'natural language processing', 'python', 'pandas']",0,0.4225143885189838
2101,PUBLIC-RELATIONS,0.6029623335184052,[],[],"['numpy', 'scikit-learn', 'sql', 'data analysis', 'nlp', 'git', 'tensorflow', 'machine learning', 'pytorch', 'data science', 'deep learning', 'data visualization', 'natural language processing', 'python', 'pandas']",0,0.4220736334628836
2102,CONSULTANT,0.6028771677654167,[],[],"['numpy', 'scikit-learn', 'sql', 'data analysis', 'nlp', 'git', 'tensorflow', 'machine learning', 'pytorch', 'data science', 'deep learning', 'data visualization', 'natural language processing', 'python', 'pandas']",0,0.42201401743579164
2103,PUBLIC-RELATIONS,0.6013150896918494,[],[],"['numpy', 'scikit-learn', 'sql', 'data analysis', 'nlp', 'git', 'tensorflow', 'machine learning', 'pytorch', 'data science', 'deep learning', 'data visualization', 'natural language processing', 'python', 'pandas']",0,0.42092056278429457
2104,APPAREL,0.5989664370862003,[],[],"['numpy', 'scikit-learn', 'sql', 'data analysis', 'nlp', 'git', 'tensorflow', 'machine learning', 'pytorch', 'data science', 'deep learning', 'data visualization', 'natural language processing', 'python', 'pandas']",0,0.4192765059603402
2105,HEALTHCARE,0.5974682371099634,[],[],"['numpy', 'scikit-learn', 'sql', 'data analysis', 'nlp', 'git', 'tensorflow', 'machine learning', 'pytorch', 'data science', 'deep learning', 'data visualization', 'natural language processing', 'python', 'pandas']",0,0.41822776597697436
2106,BANKING,0.5970214566140697,[],[],"['numpy', 'scikit-learn', 'sql', 'data analysis', 'nlp', 'git', 'tensorflow', 'machine learning', 'pytorch', 'data science', 'deep learning', 'data visualization', 'natural language processing', 'python', 'pandas']",0,0.4179150196298488
2107,ADVOCATE,0.5965440483098889,[],[],"['numpy', 'scikit-learn', 'sql', 'data analysis', 'nlp', 'git', 'tensorflow', 'machine learning', 'pytorch', 'data science', 'deep learning', 'data visualization', 'natural language processing', 'python', 'pandas']",0,0.41758083381692224
2108,INFORMATION-TECHNOLOGY,0.5956397140269147,[],[],"['numpy', 'scikit-learn', 'sql', 'data analysis', 'nlp', 'git', 'tensorflow', 'machine learning', 'pytorch', 'data science', 'deep learning', 'data visualization', 'natural language processing', 'python', 'pandas']",0,0.4169477998188403
2109,ENGINEERING,0.5938933144111603,[],[],"['numpy', 'scikit-learn', 'sql', 'data analysis', 'nlp', 'git', 'tensorflow', 'machine learning', 'pytorch', 'data science', 'deep learning', 'data visualization', 'natural language processing', 'python', 'pandas']",0,0.4157253200878122
2110,AVIATION,0.5938290479660583,[],[],"['numpy', 'scikit-learn', 'sql', 'data analysis', 'nlp', 'git', 'tensorflow', 'machine learning', 'pytorch', 'data science', 'deep learning', 'data visualization', 'natural language processing', 'python', 'pandas']",0,0.4156803335762408
2111,INFORMATION-TECHNOLOGY,0.5934339641125257,[],[],"['numpy', 'scikit-learn', 'sql', 'data analysis', 'nlp', 'git', 'tensorflow', 'machine learning', 'pytorch', 'data science', 'deep learning', 'data visualization', 'natural language processing', 'python', 'pandas']",0,0.41540377487876795
2112,AVIATION,0.5897055512720685,[],[],"['numpy', 'scikit-learn', 'sql', 'data analysis', 'nlp', 'git', 'tensorflow', 'machine learning', 'pytorch', 'data science', 'deep learning', 'data visualization', 'natural language processing', 'python', 'pandas']",0,0.4127938858904479
2113,FITNESS,0.5888339953035914,[],[],"['numpy', 'scikit-learn', 'sql', 'data analysis', 'nlp', 'git', 'tensorflow', 'machine learning', 'pytorch', 'data science', 'deep learning', 'data visualization', 'natural language processing', 'python', 'pandas']",0,0.41218379671251393
2114,PUBLIC-RELATIONS,0.5882164612036584,[],[],"['numpy', 'scikit-learn', 'sql', 'data analysis', 'nlp', 'git', 'tensorflow', 'machine learning', 'pytorch', 'data science', 'deep learning', 'data visualization', 'natural language processing', 'python', 'pandas']",0,0.4117515228425609
2115,ADVOCATE,0.5881460502094508,[],[],"['numpy', 'scikit-learn', 'sql', 'data analysis', 'nlp', 'git', 'tensorflow', 'machine learning', 'pytorch', 'data science', 'deep learning', 'data visualization', 'natural language processing', 'python', 'pandas']",0,0.4117022351466155
2116,BPO,0.5870884934552855,[],[],"['numpy', 'scikit-learn', 'sql', 'data analysis', 'nlp', 'git', 'tensorflow', 'machine learning', 'pytorch', 'data science', 'deep learning', 'data visualization', 'natural language processing', 'python', 'pandas']",0,0.4109619454186998
2117,CONSTRUCTION,0.5850478488164502,[],[],"['numpy', 'scikit-learn', 'sql', 'data analysis', 'nlp', 'git', 'tensorflow', 'machine learning', 'pytorch', 'data science', 'deep learning', 'data visualization', 'natural language processing', 'python', 'pandas']",0,0.40953349417151513
2118,CHEF,0.5848555924221566,[],[],"['numpy', 'scikit-learn', 'sql', 'data analysis', 'nlp', 'git', 'tensorflow', 'machine learning', 'pytorch', 'data science', 'deep learning', 'data visualization', 'natural language processing', 'python', 'pandas']",0,0.4093989146955096
2119,HEALTHCARE,0.5845652428171197,[],[],"['numpy', 'scikit-learn', 'sql', 'data analysis', 'nlp', 'git', 'tensorflow', 'machine learning', 'pytorch', 'data science', 'deep learning', 'data visualization', 'natural language processing', 'python', 'pandas']",0,0.4091956699719838
2120,SALES,0.5836688082260739,[],[],"['numpy', 'scikit-learn', 'sql', 'data analysis', 'nlp', 'git', 'tensorflow', 'machine learning', 'pytorch', 'data science', 'deep learning', 'data visualization', 'natural language processing', 'python', 'pandas']",0,0.4085681657582517
2121,CONSULTANT,0.5828731825650413,[],[],"['numpy', 'scikit-learn', 'sql', 'data analysis', 'nlp', 'git', 'tensorflow', 'machine learning', 'pytorch', 'data science', 'deep learning', 'data visualization', 'natural language processing', 'python', 'pandas']",0,0.4080112277955289
2122,SALES,0.5822956873605156,[],[],"['numpy', 'scikit-learn', 'sql', 'data analysis', 'nlp', 'git', 'tensorflow', 'machine learning', 'pytorch', 'data science', 'deep learning', 'data visualization', 'natural language processing', 'python', 'pandas']",0,0.40760698115236094
2123,ARTS,0.5798600985339386,[],[],"['numpy', 'scikit-learn', 'sql', 'data analysis', 'nlp', 'git', 'tensorflow', 'machine learning', 'pytorch', 'data science', 'deep learning', 'data visualization', 'natural language processing', 'python', 'pandas']",0,0.405902068973757
2124,BANKING,0.5758322724195103,[],[],"['numpy', 'scikit-learn', 'sql', 'data analysis', 'nlp', 'git', 'tensorflow', 'machine learning', 'pytorch', 'data science', 'deep learning', 'data visualization', 'natural language processing', 'python', 'pandas']",0,0.4030825906936572
2125,PUBLIC-RELATIONS,0.5728706186351983,[],[],"['numpy', 'scikit-learn', 'sql', 'data analysis', 'nlp', 'git', 'tensorflow', 'machine learning', 'pytorch', 'data science', 'deep learning', 'data visualization', 'natural language processing', 'python', 'pandas']",0,0.40100943304463876
2126,CHEF,0.5696140248586266,[],[],"['numpy', 'scikit-learn', 'sql', 'data analysis', 'nlp', 'git', 'tensorflow', 'machine learning', 'pytorch', 'data science', 'deep learning', 'data visualization', 'natural language processing', 'python', 'pandas']",0,0.3987298174010386
2127,CHEF,0.5664484646463532,[],[],"['numpy', 'scikit-learn', 'sql', 'data analysis', 'nlp', 'git', 'tensorflow', 'machine learning', 'pytorch', 'data science', 'deep learning', 'data visualization', 'natural language processing', 'python', 'pandas']",0,0.3965139252524472
2128,HR,0.5610504560451347,[],[],"['numpy', 'scikit-learn', 'sql', 'data analysis', 'nlp', 'git', 'tensorflow', 'machine learning', 'pytorch', 'data science', 'deep learning', 'data visualization', 'natural language processing', 'python', 'pandas']",0,0.39273531923159427
2129,HEALTHCARE,0.560869131954411,[],[],"['numpy', 'scikit-learn', 'sql', 'data analysis', 'nlp', 'git', 'tensorflow', 'machine learning', 'pytorch', 'data science', 'deep learning', 'data visualization', 'natural language processing', 'python', 'pandas']",0,0.3926083923680877
2130,CONSULTANT,0.5596598045119827,[],[],"['numpy', 'scikit-learn', 'sql', 'data analysis', 'nlp', 'git', 'tensorflow', 'machine learning', 'pytorch', 'data science', 'deep learning', 'data visualization', 'natural language processing', 'python', 'pandas']",0,0.3917618631583879
2131,FITNESS,0.558651783619307,[],[],"['numpy', 'scikit-learn', 'sql', 'data analysis', 'nlp', 'git', 'tensorflow', 'machine learning', 'pytorch', 'data science', 'deep learning', 'data visualization', 'natural language processing', 'python', 'pandas']",0,0.3910562485335149
2132,DESIGNER,0.5576914369548213,[],[],"['numpy', 'scikit-learn', 'sql', 'data analysis', 'nlp', 'git', 'tensorflow', 'machine learning', 'pytorch', 'data science', 'deep learning', 'data visualization', 'natural language processing', 'python', 'pandas']",0,0.39038400586837485
2133,CHEF,0.5524141445097143,[],[],"['numpy', 'scikit-learn', 'sql', 'data analysis', 'nlp', 'git', 'tensorflow', 'machine learning', 'pytorch', 'data science', 'deep learning', 'data visualization', 'natural language processing', 'python', 'pandas']",0,0.38668990115679996
2134,ARTS,0.5518169753431599,[],[],"['numpy', 'scikit-learn', 'sql', 'data analysis', 'nlp', 'git', 'tensorflow', 'machine learning', 'pytorch', 'data science', 'deep learning', 'data visualization', 'natural language processing', 'python', 'pandas']",0,0.3862718827402119
2135,HR,0.5516360232746926,[],[],"['numpy', 'scikit-learn', 'sql', 'data analysis', 'nlp', 'git', 'tensorflow', 'machine learning', 'pytorch', 'data science', 'deep learning', 'data visualization', 'natural language processing', 'python', 'pandas']",0,0.3861452162922848
2136,CONSULTANT,0.5515549922488998,[],[],"['numpy', 'scikit-learn', 'sql', 'data analysis', 'nlp', 'git', 'tensorflow', 'machine learning', 'pytorch', 'data science', 'deep learning', 'data visualization', 'natural language processing', 'python', 'pandas']",0,0.38608849457422983
2137,CHEF,0.5505773160155671,[],[],"['numpy', 'scikit-learn', 'sql', 'data analysis', 'nlp', 'git', 'tensorflow', 'machine learning', 'pytorch', 'data science', 'deep learning', 'data visualization', 'natural language processing', 'python', 'pandas']",0,0.38540412121089695
2138,BUSINESS-DEVELOPMENT,0.5503495713415691,[],[],"['numpy', 'scikit-learn', 'sql', 'data analysis', 'nlp', 'git', 'tensorflow', 'machine learning', 'pytorch', 'data science', 'deep learning', 'data visualization', 'natural language processing', 'python', 'pandas']",0,0.3852446999390984
2139,HR,0.5497118399648451,[],[],"['numpy', 'scikit-learn', 'sql', 'data analysis', 'nlp', 'git', 'tensorflow', 'machine learning', 'pytorch', 'data science', 'deep learning', 'data visualization', 'natural language processing', 'python', 'pandas']",0,0.3847982879753915
2140,HEALTHCARE,0.5477384602525911,[],[],"['numpy', 'scikit-learn', 'sql', 'data analysis', 'nlp', 'git', 'tensorflow', 'machine learning', 'pytorch', 'data science', 'deep learning', 'data visualization', 'natural language processing', 'python', 'pandas']",0,0.3834169221768137
2141,DESIGNER,0.5475955947791735,[],[],"['numpy', 'scikit-learn', 'sql', 'data analysis', 'nlp', 'git', 'tensorflow', 'machine learning', 'pytorch', 'data science', 'deep learning', 'data visualization', 'natural language processing', 'python', 'pandas']",0,0.3833169163454214
2142,AVIATION,0.5462354606684128,[],[],"['numpy', 'scikit-learn', 'sql', 'data analysis', 'nlp', 'git', 'tensorflow', 'machine learning', 'pytorch', 'data science', 'deep learning', 'data visualization', 'natural language processing', 'python', 'pandas']",0,0.38236482246788894
2143,AGRICULTURE,0.5454785169239836,[],[],"['numpy', 'scikit-learn', 'sql', 'data analysis', 'nlp', 'git', 'tensorflow', 'machine learning', 'pytorch', 'data science', 'deep learning', 'data visualization', 'natural language processing', 'python', 'pandas']",0,0.3818349618467885
2144,HR,0.5447873214739857,[],[],"['numpy', 'scikit-learn', 'sql', 'data analysis', 'nlp', 'git', 'tensorflow', 'machine learning', 'pytorch', 'data science', 'deep learning', 'data visualization', 'natural language processing', 'python', 'pandas']",0,0.38135112503179
2145,CHEF,0.5421822696540498,[],[],"['numpy', 'scikit-learn', 'sql', 'data analysis', 'nlp', 'git', 'tensorflow', 'machine learning', 'pytorch', 'data science', 'deep learning', 'data visualization', 'natural language processing', 'python', 'pandas']",0,0.3795275887578348
2146,CHEF,0.5416006021389289,[],[],"['numpy', 'scikit-learn', 'sql', 'data analysis', 'nlp', 'git', 'tensorflow', 'machine learning', 'pytorch', 'data science', 'deep learning', 'data visualization', 'natural language processing', 'python', 'pandas']",0,0.3791204214972502
2147,AVIATION,0.539564847001901,[],[],"['numpy', 'scikit-learn', 'sql', 'data analysis', 'nlp', 'git', 'tensorflow', 'machine learning', 'pytorch', 'data science', 'deep learning', 'data visualization', 'natural language processing', 'python', 'pandas']",0,0.3776953929013307
2148,CONSULTANT,0.5393522698224477,[],[],"['numpy', 'scikit-learn', 'sql', 'data analysis', 'nlp', 'git', 'tensorflow', 'machine learning', 'pytorch', 'data science', 'deep learning', 'data visualization', 'natural language processing', 'python', 'pandas']",0,0.37754658887571335
2149,ADVOCATE,0.5361659695343567,[],[],"['numpy', 'scikit-learn', 'sql', 'data analysis', 'nlp', 'git', 'tensorflow', 'machine learning', 'pytorch', 'data science', 'deep learning', 'data visualization', 'natural language processing', 'python', 'pandas']",0,0.37531617867404965
2150,ACCOUNTANT,0.5345000436995213,[],[],"['numpy', 'scikit-learn', 'sql', 'data analysis', 'nlp', 'git', 'tensorflow', 'machine learning', 'pytorch', 'data science', 'deep learning', 'data visualization', 'natural language processing', 'python', 'pandas']",0,0.3741500305896649
2151,CHEF,0.5337917705565128,[],[],"['numpy', 'scikit-learn', 'sql', 'data analysis', 'nlp', 'git', 'tensorflow', 'machine learning', 'pytorch', 'data science', 'deep learning', 'data visualization', 'natural language processing', 'python', 'pandas']",0,0.37365423938955894
2152,FINANCE,0.5334598512949769,[],[],"['numpy', 'scikit-learn', 'sql', 'data analysis', 'nlp', 'git', 'tensorflow', 'machine learning', 'pytorch', 'data science', 'deep learning', 'data visualization', 'natural language processing', 'python', 'pandas']",0,0.3734218959064838
2153,HEALTHCARE,0.5330657387841474,[],[],"['numpy', 'scikit-learn', 'sql', 'data analysis', 'nlp', 'git', 'tensorflow', 'machine learning', 'pytorch', 'data science', 'deep learning', 'data visualization', 'natural language processing', 'python', 'pandas']",0,0.37314601714890316
2154,SALES,0.5325031758438786,[],[],"['numpy', 'scikit-learn', 'sql', 'data analysis', 'nlp', 'git', 'tensorflow', 'machine learning', 'pytorch', 'data science', 'deep learning', 'data visualization', 'natural language processing', 'python', 'pandas']",0,0.37275222309071504
2155,PUBLIC-RELATIONS,0.5301518331303764,[],[],"['numpy', 'scikit-learn', 'sql', 'data analysis', 'nlp', 'git', 'tensorflow', 'machine learning', 'pytorch', 'data science', 'deep learning', 'data visualization', 'natural language processing', 'python', 'pandas']",0,0.37110628319126343
2156,APPAREL,0.5288980717762558,[],[],"['numpy', 'scikit-learn', 'sql', 'data analysis', 'nlp', 'git', 'tensorflow', 'machine learning', 'pytorch', 'data science', 'deep learning', 'data visualization', 'natural language processing', 'python', 'pandas']",0,0.37022865024337903
2157,BUSINESS-DEVELOPMENT,0.5278276032732674,[],[],"['numpy', 'scikit-learn', 'sql', 'data analysis', 'nlp', 'git', 'tensorflow', 'machine learning', 'pytorch', 'data science', 'deep learning', 'data visualization', 'natural language processing', 'python', 'pandas']",0,0.36947932229128716
2158,PUBLIC-RELATIONS,0.5269799191192668,[],[],"['numpy', 'scikit-learn', 'sql', 'data analysis', 'nlp', 'git', 'tensorflow', 'machine learning', 'pytorch', 'data science', 'deep learning', 'data visualization', 'natural language processing', 'python', 'pandas']",0,0.36888594338348674
2159,CHEF,0.526576181097209,[],[],"['numpy', 'scikit-learn', 'sql', 'data analysis', 'nlp', 'git', 'tensorflow', 'machine learning', 'pytorch', 'data science', 'deep learning', 'data visualization', 'natural language processing', 'python', 'pandas']",0,0.3686033267680463
2160,CONSTRUCTION,0.5235579259849402,[],[],"['numpy', 'scikit-learn', 'sql', 'data analysis', 'nlp', 'git', 'tensorflow', 'machine learning', 'pytorch', 'data science', 'deep learning', 'data visualization', 'natural language processing', 'python', 'pandas']",0,0.36649054818945814
2161,ADVOCATE,0.5230206876203832,[],[],"['numpy', 'scikit-learn', 'sql', 'data analysis', 'nlp', 'git', 'tensorflow', 'machine learning', 'pytorch', 'data science', 'deep learning', 'data visualization', 'natural language processing', 'python', 'pandas']",0,0.3661144813342682
2162,FINANCE,0.5221305822026935,[],[],"['numpy', 'scikit-learn', 'sql', 'data analysis', 'nlp', 'git', 'tensorflow', 'machine learning', 'pytorch', 'data science', 'deep learning', 'data visualization', 'natural language processing', 'python', 'pandas']",0,0.3654914075418854
2163,FINANCE,0.5220780631231537,[],[],"['numpy', 'scikit-learn', 'sql', 'data analysis', 'nlp', 'git', 'tensorflow', 'machine learning', 'pytorch', 'data science', 'deep learning', 'data visualization', 'natural language processing', 'python', 'pandas']",0,0.3654546441862076
2164,HR,0.5215731871497349,[],[],"['numpy', 'scikit-learn', 'sql', 'data analysis', 'nlp', 'git', 'tensorflow', 'machine learning', 'pytorch', 'data science', 'deep learning', 'data visualization', 'natural language processing', 'python', 'pandas']",0,0.3651012310048144
2165,PUBLIC-RELATIONS,0.5202750586541153,[],[],"['numpy', 'scikit-learn', 'sql', 'data analysis', 'nlp', 'git', 'tensorflow', 'machine learning', 'pytorch', 'data science', 'deep learning', 'data visualization', 'natural language processing', 'python', 'pandas']",0,0.3641925410578807
2166,ADVOCATE,0.5202057169374741,[],[],"['numpy', 'scikit-learn', 'sql', 'data analysis', 'nlp', 'git', 'tensorflow', 'machine learning', 'pytorch', 'data science', 'deep learning', 'data visualization', 'natural language processing', 'python', 'pandas']",0,0.36414400185623186
2167,CONSULTANT,0.5195608995514671,[],[],"['numpy', 'scikit-learn', 'sql', 'data analysis', 'nlp', 'git', 'tensorflow', 'machine learning', 'pytorch', 'data science', 'deep learning', 'data visualization', 'natural language processing', 'python', 'pandas']",0,0.36369262968602695
2168,ADVOCATE,0.5189306820615016,[],[],"['numpy', 'scikit-learn', 'sql', 'data analysis', 'nlp', 'git', 'tensorflow', 'machine learning', 'pytorch', 'data science', 'deep learning', 'data visualization', 'natural language processing', 'python', 'pandas']",0,0.3632514774430511
2169,BANKING,0.5179756930036241,[],[],"['numpy', 'scikit-learn', 'sql', 'data analysis', 'nlp', 'git', 'tensorflow', 'machine learning', 'pytorch', 'data science', 'deep learning', 'data visualization', 'natural language processing', 'python', 'pandas']",0,0.36258298510253684
2170,ARTS,0.5175066541221469,[],[],"['numpy', 'scikit-learn', 'sql', 'data analysis', 'nlp', 'git', 'tensorflow', 'machine learning', 'pytorch', 'data science', 'deep learning', 'data visualization', 'natural language processing', 'python', 'pandas']",0,0.3622546578855028
2171,BPO,0.5156937997001638,[],[],"['numpy', 'scikit-learn', 'sql', 'data analysis', 'nlp', 'git', 'tensorflow', 'machine learning', 'pytorch', 'data science', 'deep learning', 'data visualization', 'natural language processing', 'python', 'pandas']",0,0.36098565979011465
2172,CONSULTANT,0.5152473228113259,[],[],"['numpy', 'scikit-learn', 'sql', 'data analysis', 'nlp', 'git', 'tensorflow', 'machine learning', 'pytorch', 'data science', 'deep learning', 'data visualization', 'natural language processing', 'python', 'pandas']",0,0.3606731259679281
2173,PUBLIC-RELATIONS,0.5117030766777882,[],[],"['numpy', 'scikit-learn', 'sql', 'data analysis', 'nlp', 'git', 'tensorflow', 'machine learning', 'pytorch', 'data science', 'deep learning', 'data visualization', 'natural language processing', 'python', 'pandas']",0,0.35819215367445173
2174,BPO,0.5112046765194324,[],[],"['numpy', 'scikit-learn', 'sql', 'data analysis', 'nlp', 'git', 'tensorflow', 'machine learning', 'pytorch', 'data science', 'deep learning', 'data visualization', 'natural language processing', 'python', 'pandas']",0,0.3578432735636026
2175,PUBLIC-RELATIONS,0.508787063705256,[],[],"['numpy', 'scikit-learn', 'sql', 'data analysis', 'nlp', 'git', 'tensorflow', 'machine learning', 'pytorch', 'data science', 'deep learning', 'data visualization', 'natural language processing', 'python', 'pandas']",0,0.35615094459367913
2176,INFORMATION-TECHNOLOGY,0.5083046730861409,[],[],"['numpy', 'scikit-learn', 'sql', 'data analysis', 'nlp', 'git', 'tensorflow', 'machine learning', 'pytorch', 'data science', 'deep learning', 'data visualization', 'natural language processing', 'python', 'pandas']",0,0.3558132711602986
2177,AGRICULTURE,0.5071188736605238,[],[],"['numpy', 'scikit-learn', 'sql', 'data analysis', 'nlp', 'git', 'tensorflow', 'machine learning', 'pytorch', 'data science', 'deep learning', 'data visualization', 'natural language processing', 'python', 'pandas']",0,0.3549832115623666
2178,AVIATION,0.5070840801980631,[],[],"['numpy', 'scikit-learn', 'sql', 'data analysis', 'nlp', 'git', 'tensorflow', 'machine learning', 'pytorch', 'data science', 'deep learning', 'data visualization', 'natural language processing', 'python', 'pandas']",0,0.35495885613864414
2179,AVIATION,0.5070360551094913,[],[],"['numpy', 'scikit-learn', 'sql', 'data analysis', 'nlp', 'git', 'tensorflow', 'machine learning', 'pytorch', 'data science', 'deep learning', 'data visualization', 'natural language processing', 'python', 'pandas']",0,0.35492523857664393
2180,AVIATION,0.5056133669779939,[],[],"['numpy', 'scikit-learn', 'sql', 'data analysis', 'nlp', 'git', 'tensorflow', 'machine learning', 'pytorch', 'data science', 'deep learning', 'data visualization', 'natural language processing', 'python', 'pandas']",0,0.3539293568845957
2181,BANKING,0.5046953983246921,[],[],"['numpy', 'scikit-learn', 'sql', 'data analysis', 'nlp', 'git', 'tensorflow', 'machine learning', 'pytorch', 'data science', 'deep learning', 'data visualization', 'natural language processing', 'python', 'pandas']",0,0.3532867788272845
2182,FITNESS,0.5038633703304213,[],[],"['numpy', 'scikit-learn', 'sql', 'data analysis', 'nlp', 'git', 'tensorflow', 'machine learning', 'pytorch', 'data science', 'deep learning', 'data visualization', 'natural language processing', 'python', 'pandas']",0,0.3527043592312949
2183,APPAREL,0.502816367692892,[],[],"['numpy', 'scikit-learn', 'sql', 'data analysis', 'nlp', 'git', 'tensorflow', 'machine learning', 'pytorch', 'data science', 'deep learning', 'data visualization', 'natural language processing', 'python', 'pandas']",0,0.35197145738502433
2184,HR,0.5026899362266906,[],[],"['numpy', 'scikit-learn', 'sql', 'data analysis', 'nlp', 'git', 'tensorflow', 'machine learning', 'pytorch', 'data science', 'deep learning', 'data visualization', 'natural language processing', 'python', 'pandas']",0,0.35188295535868336
2185,CONSULTANT,0.5026613030534607,[],[],"['numpy', 'scikit-learn', 'sql', 'data analysis', 'nlp', 'git', 'tensorflow', 'machine learning', 'pytorch', 'data science', 'deep learning', 'data visualization', 'natural language processing', 'python', 'pandas']",0,0.35186291213742243
2186,ACCOUNTANT,0.5011403959067982,[],[],"['numpy', 'scikit-learn', 'sql', 'data analysis', 'nlp', 'git', 'tensorflow', 'machine learning', 'pytorch', 'data science', 'deep learning', 'data visualization', 'natural language processing', 'python', 'pandas']",0,0.3507982771347587
2187,PUBLIC-RELATIONS,0.49512228752877413,[],[],"['numpy', 'scikit-learn', 'sql', 'data analysis', 'nlp', 'git', 'tensorflow', 'machine learning', 'pytorch', 'data science', 'deep learning', 'data visualization', 'natural language processing', 'python', 'pandas']",0,0.3465856012701419
2188,APPAREL,0.4932405423162577,[],[],"['numpy', 'scikit-learn', 'sql', 'data analysis', 'nlp', 'git', 'tensorflow', 'machine learning', 'pytorch', 'data science', 'deep learning', 'data visualization', 'natural language processing', 'python', 'pandas']",0,0.34526837962138035
2189,AVIATION,0.4920743639360497,[],[],"['numpy', 'scikit-learn', 'sql', 'data analysis', 'nlp', 'git', 'tensorflow', 'machine learning', 'pytorch', 'data science', 'deep learning', 'data visualization', 'natural language processing', 'python', 'pandas']",0,0.34445205475523477
2190,BUSINESS-DEVELOPMENT,0.4871298138626772,[],[],"['numpy', 'scikit-learn', 'sql', 'data analysis', 'nlp', 'git', 'tensorflow', 'machine learning', 'pytorch', 'data science', 'deep learning', 'data visualization', 'natural language processing', 'python', 'pandas']",0,0.340990869703874
2191,PUBLIC-RELATIONS,0.48460648825535596,[],[],"['numpy', 'scikit-learn', 'sql', 'data analysis', 'nlp', 'git', 'tensorflow', 'machine learning', 'pytorch', 'data science', 'deep learning', 'data visualization', 'natural language processing', 'python', 'pandas']",0,0.33922454177874917
2192,ADVOCATE,0.4832624245343774,[],[],"['numpy', 'scikit-learn', 'sql', 'data analysis', 'nlp', 'git', 'tensorflow', 'machine learning', 'pytorch', 'data science', 'deep learning', 'data visualization', 'natural language processing', 'python', 'pandas']",0,0.33828369717406415
2193,SALES,0.4825274850078364,[],[],"['numpy', 'scikit-learn', 'sql', 'data analysis', 'nlp', 'git', 'tensorflow', 'machine learning', 'pytorch', 'data science', 'deep learning', 'data visualization', 'natural language processing', 'python', 'pandas']",0,0.33776923950548543
2194,CONSULTANT,0.48226573889716834,[],[],"['numpy', 'scikit-learn', 'sql', 'data analysis', 'nlp', 'git', 'tensorflow', 'machine learning', 'pytorch', 'data science', 'deep learning', 'data visualization', 'natural language processing', 'python', 'pandas']",0,0.33758601722801784
2195,FINANCE,0.48171316217607457,[],[],"['numpy', 'scikit-learn', 'sql', 'data analysis', 'nlp', 'git', 'tensorflow', 'machine learning', 'pytorch', 'data science', 'deep learning', 'data visualization', 'natural language processing', 'python', 'pandas']",0,0.33719921352325216
2196,FITNESS,0.48145298409020154,[],[],"['numpy', 'scikit-learn', 'sql', 'data analysis', 'nlp', 'git', 'tensorflow', 'machine learning', 'pytorch', 'data science', 'deep learning', 'data visualization', 'natural language processing', 'python', 'pandas']",0,0.3370170888631411
2197,CONSULTANT,0.4811564926655628,[],[],"['numpy', 'scikit-learn', 'sql', 'data analysis', 'nlp', 'git', 'tensorflow', 'machine learning', 'pytorch', 'data science', 'deep learning', 'data visualization', 'natural language processing', 'python', 'pandas']",0,0.33680954486589393
2198,FITNESS,0.47619989501742777,[],[],"['numpy', 'scikit-learn', 'sql', 'data analysis', 'nlp', 'git', 'tensorflow', 'machine learning', 'pytorch', 'data science', 'deep learning', 'data visualization', 'natural language processing', 'python', 'pandas']",0,0.3333399265121994
2199,INFORMATION-TECHNOLOGY,0.47389359097636424,[],[],"['numpy', 'scikit-learn', 'sql', 'data analysis', 'nlp', 'git', 'tensorflow', 'machine learning', 'pytorch', 'data science', 'deep learning', 'data visualization', 'natural language processing', 'python', 'pandas']",0,0.33172551368345493
2200,APPAREL,0.47368013384621016,[],[],"['numpy', 'scikit-learn', 'sql', 'data analysis', 'nlp', 'git', 'tensorflow', 'machine learning', 'pytorch', 'data science', 'deep learning', 'data visualization', 'natural language processing', 'python', 'pandas']",0,0.3315760936923471
2201,INFORMATION-TECHNOLOGY,0.4733224484495302,[],[],"['numpy', 'scikit-learn', 'sql', 'data analysis', 'nlp', 'git', 'tensorflow', 'machine learning', 'pytorch', 'data science', 'deep learning', 'data visualization', 'natural language processing', 'python', 'pandas']",0,0.33132571391467114
2202,TEACHER,0.4725255030676315,[],[],"['numpy', 'scikit-learn', 'sql', 'data analysis', 'nlp', 'git', 'tensorflow', 'machine learning', 'pytorch', 'data science', 'deep learning', 'data visualization', 'natural language processing', 'python', 'pandas']",0,0.33076785214734206
2203,FITNESS,0.4712565600346315,[],[],"['numpy', 'scikit-learn', 'sql', 'data analysis', 'nlp', 'git', 'tensorflow', 'machine learning', 'pytorch', 'data science', 'deep learning', 'data visualization', 'natural language processing', 'python', 'pandas']",0,0.32987959202424205
2204,PUBLIC-RELATIONS,0.46996629585606225,[],[],"['numpy', 'scikit-learn', 'sql', 'data analysis', 'nlp', 'git', 'tensorflow', 'machine learning', 'pytorch', 'data science', 'deep learning', 'data visualization', 'natural language processing', 'python', 'pandas']",0,0.3289764070992436
2205,CHEF,0.4696433782017879,[],[],"['numpy', 'scikit-learn', 'sql', 'data analysis', 'nlp', 'git', 'tensorflow', 'machine learning', 'pytorch', 'data science', 'deep learning', 'data visualization', 'natural language processing', 'python', 'pandas']",0,0.3287503647412515
2206,HR,0.46941739065842697,[],[],"['numpy', 'scikit-learn', 'sql', 'data analysis', 'nlp', 'git', 'tensorflow', 'machine learning', 'pytorch', 'data science', 'deep learning', 'data visualization', 'natural language processing', 'python', 'pandas']",0,0.32859217346089886
2207,FITNESS,0.4691395024248306,[],[],"['numpy', 'scikit-learn', 'sql', 'data analysis', 'nlp', 'git', 'tensorflow', 'machine learning', 'pytorch', 'data science', 'deep learning', 'data visualization', 'natural language processing', 'python', 'pandas']",0,0.3283976516973814
2208,CONSULTANT,0.46807648231888294,[],[],"['numpy', 'scikit-learn', 'sql', 'data analysis', 'nlp', 'git', 'tensorflow', 'machine learning', 'pytorch', 'data science', 'deep learning', 'data visualization', 'natural language processing', 'python', 'pandas']",0,0.327653537623218
2209,PUBLIC-RELATIONS,0.46787327289201347,[],[],"['numpy', 'scikit-learn', 'sql', 'data analysis', 'nlp', 'git', 'tensorflow', 'machine learning', 'pytorch', 'data science', 'deep learning', 'data visualization', 'natural language processing', 'python', 'pandas']",0,0.3275112910244094
2210,FITNESS,0.4661703914412398,[],[],"['numpy', 'scikit-learn', 'sql', 'data analysis', 'nlp', 'git', 'tensorflow', 'machine learning', 'pytorch', 'data science', 'deep learning', 'data visualization', 'natural language processing', 'python', 'pandas']",0,0.32631927400886784
2211,CONSTRUCTION,0.4654182294411659,[],[],"['numpy', 'scikit-learn', 'sql', 'data analysis', 'nlp', 'git', 'tensorflow', 'machine learning', 'pytorch', 'data science', 'deep learning', 'data visualization', 'natural language processing', 'python', 'pandas']",0,0.3257927606088161
2212,HR,0.46499501167455887,[],[],"['numpy', 'scikit-learn', 'sql', 'data analysis', 'nlp', 'git', 'tensorflow', 'machine learning', 'pytorch', 'data science', 'deep learning', 'data visualization', 'natural language processing', 'python', 'pandas']",0,0.32549650817219117
2213,FITNESS,0.46490743753131936,[],[],"['numpy', 'scikit-learn', 'sql', 'data analysis', 'nlp', 'git', 'tensorflow', 'machine learning', 'pytorch', 'data science', 'deep learning', 'data visualization', 'natural language processing', 'python', 'pandas']",0,0.3254352062719235
2214,APPAREL,0.46426683045589284,[],[],"['numpy', 'scikit-learn', 'sql', 'data analysis', 'nlp', 'git', 'tensorflow', 'machine learning', 'pytorch', 'data science', 'deep learning', 'data visualization', 'natural language processing', 'python', 'pandas']",0,0.32498678131912495
2215,FITNESS,0.4639303851522449,[],[],"['numpy', 'scikit-learn', 'sql', 'data analysis', 'nlp', 'git', 'tensorflow', 'machine learning', 'pytorch', 'data science', 'deep learning', 'data visualization', 'natural language processing', 'python', 'pandas']",0,0.3247512696065714
2216,BANKING,0.4635304417316253,[],[],"['numpy', 'scikit-learn', 'sql', 'data analysis', 'nlp', 'git', 'tensorflow', 'machine learning', 'pytorch', 'data science', 'deep learning', 'data visualization', 'natural language processing', 'python', 'pandas']",0,0.3244713092121377
2217,BANKING,0.45855741225948216,[],[],"['numpy', 'scikit-learn', 'sql', 'data analysis', 'nlp', 'git', 'tensorflow', 'machine learning', 'pytorch', 'data science', 'deep learning', 'data visualization', 'natural language processing', 'python', 'pandas']",0,0.32099018858163747
2218,ACCOUNTANT,0.4569566265341009,[],[],"['numpy', 'scikit-learn', 'sql', 'data analysis', 'nlp', 'git', 'tensorflow', 'machine learning', 'pytorch', 'data science', 'deep learning', 'data visualization', 'natural language processing', 'python', 'pandas']",0,0.31986963857387063
2219,ACCOUNTANT,0.45439563880822287,[],[],"['numpy', 'scikit-learn', 'sql', 'data analysis', 'nlp', 'git', 'tensorflow', 'machine learning', 'pytorch', 'data science', 'deep learning', 'data visualization', 'natural language processing', 'python', 'pandas']",0,0.31807694716575596
2220,INFORMATION-TECHNOLOGY,0.4540568122447149,[],[],"['numpy', 'scikit-learn', 'sql', 'data analysis', 'nlp', 'git', 'tensorflow', 'machine learning', 'pytorch', 'data science', 'deep learning', 'data visualization', 'natural language processing', 'python', 'pandas']",0,0.3178397685713004
2221,BUSINESS-DEVELOPMENT,0.45333035464958493,[],[],"['numpy', 'scikit-learn', 'sql', 'data analysis', 'nlp', 'git', 'tensorflow', 'machine learning', 'pytorch', 'data science', 'deep learning', 'data visualization', 'natural language processing', 'python', 'pandas']",0,0.31733124825470943
2222,BUSINESS-DEVELOPMENT,0.4531590174136801,[],[],"['numpy', 'scikit-learn', 'sql', 'data analysis', 'nlp', 'git', 'tensorflow', 'machine learning', 'pytorch', 'data science', 'deep learning', 'data visualization', 'natural language processing', 'python', 'pandas']",0,0.31721131218957604
2223,BUSINESS-DEVELOPMENT,0.4519870450022767,[],[],"['numpy', 'scikit-learn', 'sql', 'data analysis', 'nlp', 'git', 'tensorflow', 'machine learning', 'pytorch', 'data science', 'deep learning', 'data visualization', 'natural language processing', 'python', 'pandas']",0,0.3163909315015937
2224,ARTS,0.450342287263251,[],[],"['numpy', 'scikit-learn', 'sql', 'data analysis', 'nlp', 'git', 'tensorflow', 'machine learning', 'pytorch', 'data science', 'deep learning', 'data visualization', 'natural language processing', 'python', 'pandas']",0,0.3152396010842757
2225,TEACHER,0.44710674554546587,[],[],"['numpy', 'scikit-learn', 'sql', 'data analysis', 'nlp', 'git', 'tensorflow', 'machine learning', 'pytorch', 'data science', 'deep learning', 'data visualization', 'natural language processing', 'python', 'pandas']",0,0.31297472188182607
2226,CONSTRUCTION,0.4463824768658923,[],[],"['numpy', 'scikit-learn', 'sql', 'data analysis', 'nlp', 'git', 'tensorflow', 'machine learning', 'pytorch', 'data science', 'deep learning', 'data visualization', 'natural language processing', 'python', 'pandas']",0,0.3124677338061246
2227,AVIATION,0.44635301904411223,[],[],"['numpy', 'scikit-learn', 'sql', 'data analysis', 'nlp', 'git', 'tensorflow', 'machine learning', 'pytorch', 'data science', 'deep learning', 'data visualization', 'natural language processing', 'python', 'pandas']",0,0.31244711333087855
2228,TEACHER,0.44432497290223144,[],[],"['numpy', 'scikit-learn', 'sql', 'data analysis', 'nlp', 'git', 'tensorflow', 'machine learning', 'pytorch', 'data science', 'deep learning', 'data visualization', 'natural language processing', 'python', 'pandas']",0,0.31102748103156197
2229,TEACHER,0.44290987982009594,[],[],"['numpy', 'scikit-learn', 'sql', 'data analysis', 'nlp', 'git', 'tensorflow', 'machine learning', 'pytorch', 'data science', 'deep learning', 'data visualization', 'natural language processing', 'python', 'pandas']",0,0.3100369158740671
2230,CHEF,0.4397114930254699,[],[],"['numpy', 'scikit-learn', 'sql', 'data analysis', 'nlp', 'git', 'tensorflow', 'machine learning', 'pytorch', 'data science', 'deep learning', 'data visualization', 'natural language processing', 'python', 'pandas']",0,0.30779804511782893
2231,APPAREL,0.4395466647100821,[],[],"['numpy', 'scikit-learn', 'sql', 'data analysis', 'nlp', 'git', 'tensorflow', 'machine learning', 'pytorch', 'data science', 'deep learning', 'data visualization', 'natural language processing', 'python', 'pandas']",0,0.30768266529705746
2232,BUSINESS-DEVELOPMENT,0.4379550727755631,[],[],"['numpy', 'scikit-learn', 'sql', 'data analysis', 'nlp', 'git', 'tensorflow', 'machine learning', 'pytorch', 'data science', 'deep learning', 'data visualization', 'natural language processing', 'python', 'pandas']",0,0.30656855094289415
2233,FITNESS,0.436918622423731,[],[],"['numpy', 'scikit-learn', 'sql', 'data analysis', 'nlp', 'git', 'tensorflow', 'machine learning', 'pytorch', 'data science', 'deep learning', 'data visualization', 'natural language processing', 'python', 'pandas']",0,0.30584303569661164
2234,AUTOMOBILE,0.43641467654623584,[],[],"['numpy', 'scikit-learn', 'sql', 'data analysis', 'nlp', 'git', 'tensorflow', 'machine learning', 'pytorch', 'data science', 'deep learning', 'data visualization', 'natural language processing', 'python', 'pandas']",0,0.3054902735823651
2235,BPO,0.43330206068556715,[],[],"['numpy', 'scikit-learn', 'sql', 'data analysis', 'nlp', 'git', 'tensorflow', 'machine learning', 'pytorch', 'data science', 'deep learning', 'data visualization', 'natural language processing', 'python', 'pandas']",0,0.303311442479897
2236,CHEF,0.4303007803065391,[],[],"['numpy', 'scikit-learn', 'sql', 'data analysis', 'nlp', 'git', 'tensorflow', 'machine learning', 'pytorch', 'data science', 'deep learning', 'data visualization', 'natural language processing', 'python', 'pandas']",0,0.3012105462145774
2237,CHEF,0.42795221184414745,[],[],"['numpy', 'scikit-learn', 'sql', 'data analysis', 'nlp', 'git', 'tensorflow', 'machine learning', 'pytorch', 'data science', 'deep learning', 'data visualization', 'natural language processing', 'python', 'pandas']",0,0.2995665482909032
2238,FITNESS,0.4244578385983983,[],[],"['numpy', 'scikit-learn', 'sql', 'data analysis', 'nlp', 'git', 'tensorflow', 'machine learning', 'pytorch', 'data science', 'deep learning', 'data visualization', 'natural language processing', 'python', 'pandas']",0,0.2971204870188788
2239,HEALTHCARE,0.4242765357436278,[],[],"['numpy', 'scikit-learn', 'sql', 'data analysis', 'nlp', 'git', 'tensorflow', 'machine learning', 'pytorch', 'data science', 'deep learning', 'data visualization', 'natural language processing', 'python', 'pandas']",0,0.2969935750205394
2240,APPAREL,0.4241604878784517,[],[],"['numpy', 'scikit-learn', 'sql', 'data analysis', 'nlp', 'git', 'tensorflow', 'machine learning', 'pytorch', 'data science', 'deep learning', 'data visualization', 'natural language processing', 'python', 'pandas']",0,0.29691234151491613
2241,APPAREL,0.421871630265995,[],[],"['numpy', 'scikit-learn', 'sql', 'data analysis', 'nlp', 'git', 'tensorflow', 'machine learning', 'pytorch', 'data science', 'deep learning', 'data visualization', 'natural language processing', 'python', 'pandas']",0,0.2953101411861965
2242,FITNESS,0.42172007686512536,[],[],"['numpy', 'scikit-learn', 'sql', 'data analysis', 'nlp', 'git', 'tensorflow', 'machine learning', 'pytorch', 'data science', 'deep learning', 'data visualization', 'natural language processing', 'python', 'pandas']",0,0.29520405380558773
2243,HR,0.42168029419863234,[],[],"['numpy', 'scikit-learn', 'sql', 'data analysis', 'nlp', 'git', 'tensorflow', 'machine learning', 'pytorch', 'data science', 'deep learning', 'data visualization', 'natural language processing', 'python', 'pandas']",0,0.29517620593904265
2244,DESIGNER,0.4207764047990213,[],[],"['numpy', 'scikit-learn', 'sql', 'data analysis', 'nlp', 'git', 'tensorflow', 'machine learning', 'pytorch', 'data science', 'deep learning', 'data visualization', 'natural language processing', 'python', 'pandas']",0,0.2945434833593149
2245,PUBLIC-RELATIONS,0.4148750436069018,[],[],"['numpy', 'scikit-learn', 'sql', 'data analysis', 'nlp', 'git', 'tensorflow', 'machine learning', 'pytorch', 'data science', 'deep learning', 'data visualization', 'natural language processing', 'python', 'pandas']",0,0.29041253052483124
2246,BUSINESS-DEVELOPMENT,0.41403165054102914,[],[],"['numpy', 'scikit-learn', 'sql', 'data analysis', 'nlp', 'git', 'tensorflow', 'machine learning', 'pytorch', 'data science', 'deep learning', 'data visualization', 'natural language processing', 'python', 'pandas']",0,0.28982215537872036
2247,FINANCE,0.4135581691737498,[],[],"['numpy', 'scikit-learn', 'sql', 'data analysis', 'nlp', 'git', 'tensorflow', 'machine learning', 'pytorch', 'data science', 'deep learning', 'data visualization', 'natural language processing', 'python', 'pandas']",0,0.2894907184216249
2248,BANKING,0.4113785669547042,[],[],"['numpy', 'scikit-learn', 'sql', 'data analysis', 'nlp', 'git', 'tensorflow', 'machine learning', 'pytorch', 'data science', 'deep learning', 'data visualization', 'natural language processing', 'python', 'pandas']",0,0.2879649968682929
2249,CONSTRUCTION,0.41135593595731285,[],[],"['numpy', 'scikit-learn', 'sql', 'data analysis', 'nlp', 'git', 'tensorflow', 'machine learning', 'pytorch', 'data science', 'deep learning', 'data visualization', 'natural language processing', 'python', 'pandas']",0,0.287949155170119
2250,HEALTHCARE,0.4109549124930817,[],[],"['numpy', 'scikit-learn', 'sql', 'data analysis', 'nlp', 'git', 'tensorflow', 'machine learning', 'pytorch', 'data science', 'deep learning', 'data visualization', 'natural language processing', 'python', 'pandas']",0,0.2876684387451572
2251,BUSINESS-DEVELOPMENT,0.41024183158255534,[],[],"['numpy', 'scikit-learn', 'sql', 'data analysis', 'nlp', 'git', 'tensorflow', 'machine learning', 'pytorch', 'data science', 'deep learning', 'data visualization', 'natural language processing', 'python', 'pandas']",0,0.2871692821077887
2252,TEACHER,0.40910059487914024,[],[],"['numpy', 'scikit-learn', 'sql', 'data analysis', 'nlp', 'git', 'tensorflow', 'machine learning', 'pytorch', 'data science', 'deep learning', 'data visualization', 'natural language processing', 'python', 'pandas']",0,0.2863704164153982
2253,ARTS,0.4089322138684775,[],[],"['numpy', 'scikit-learn', 'sql', 'data analysis', 'nlp', 'git', 'tensorflow', 'machine learning', 'pytorch', 'data science', 'deep learning', 'data visualization', 'natural language processing', 'python', 'pandas']",0,0.28625254970793423
2254,BUSINESS-DEVELOPMENT,0.40806373400172546,[],[],"['numpy', 'scikit-learn', 'sql', 'data analysis', 'nlp', 'git', 'tensorflow', 'machine learning', 'pytorch', 'data science', 'deep learning', 'data visualization', 'natural language processing', 'python', 'pandas']",0,0.2856446138012078
2255,HEALTHCARE,0.40763261009112495,[],[],"['numpy', 'scikit-learn', 'sql', 'data analysis', 'nlp', 'git', 'tensorflow', 'machine learning', 'pytorch', 'data science', 'deep learning', 'data visualization', 'natural language processing', 'python', 'pandas']",0,0.28534282706378744
2256,HR,0.4048758774673339,[],[],"['numpy', 'scikit-learn', 'sql', 'data analysis', 'nlp', 'git', 'tensorflow', 'machine learning', 'pytorch', 'data science', 'deep learning', 'data visualization', 'natural language processing', 'python', 'pandas']",0,0.2834131142271337
2257,APPAREL,0.403934511249427,[],[],"['numpy', 'scikit-learn', 'sql', 'data analysis', 'nlp', 'git', 'tensorflow', 'machine learning', 'pytorch', 'data science', 'deep learning', 'data visualization', 'natural language processing', 'python', 'pandas']",0,0.28275415787459884
2258,BPO,0.40366202919761035,[],[],"['numpy', 'scikit-learn', 'sql', 'data analysis', 'nlp', 'git', 'tensorflow', 'machine learning', 'pytorch', 'data science', 'deep learning', 'data visualization', 'natural language processing', 'python', 'pandas']",0,0.2825634204383272
2259,CHEF,0.40143404245018754,[],[],"['numpy', 'scikit-learn', 'sql', 'data analysis', 'nlp', 'git', 'tensorflow', 'machine learning', 'pytorch', 'data science', 'deep learning', 'data visualization', 'natural language processing', 'python', 'pandas']",0,0.28100382971513127
2260,FITNESS,0.4011753408524719,[],[],"['numpy', 'scikit-learn', 'sql', 'data analysis', 'nlp', 'git', 'tensorflow', 'machine learning', 'pytorch', 'data science', 'deep learning', 'data visualization', 'natural language processing', 'python', 'pandas']",0,0.28082273859673035
2261,ARTS,0.40084210746972,[],[],"['numpy', 'scikit-learn', 'sql', 'data analysis', 'nlp', 'git', 'tensorflow', 'machine learning', 'pytorch', 'data science', 'deep learning', 'data visualization', 'natural language processing', 'python', 'pandas']",0,0.28058947522880395
2262,CHEF,0.4002180159489701,[],[],"['numpy', 'scikit-learn', 'sql', 'data analysis', 'nlp', 'git', 'tensorflow', 'machine learning', 'pytorch', 'data science', 'deep learning', 'data visualization', 'natural language processing', 'python', 'pandas']",0,0.28015261116427903
2263,APPAREL,0.396257263488346,[],[],"['numpy', 'scikit-learn', 'sql', 'data analysis', 'nlp', 'git', 'tensorflow', 'machine learning', 'pytorch', 'data science', 'deep learning', 'data visualization', 'natural language processing', 'python', 'pandas']",0,0.2773800844418422
2264,TEACHER,0.3917809509877616,[],[],"['numpy', 'scikit-learn', 'sql', 'data analysis', 'nlp', 'git', 'tensorflow', 'machine learning', 'pytorch', 'data science', 'deep learning', 'data visualization', 'natural language processing', 'python', 'pandas']",0,0.27424666569143313
2265,ADVOCATE,0.3915400000320206,[],[],"['numpy', 'scikit-learn', 'sql', 'data analysis', 'nlp', 'git', 'tensorflow', 'machine learning', 'pytorch', 'data science', 'deep learning', 'data visualization', 'natural language processing', 'python', 'pandas']",0,0.2740780000224144
2266,CONSTRUCTION,0.3891450656415421,[],[],"['numpy', 'scikit-learn', 'sql', 'data analysis', 'nlp', 'git', 'tensorflow', 'machine learning', 'pytorch', 'data science', 'deep learning', 'data visualization', 'natural language processing', 'python', 'pandas']",0,0.27240154594907945
2267,TEACHER,0.38458105194733444,[],[],"['numpy', 'scikit-learn', 'sql', 'data analysis', 'nlp', 'git', 'tensorflow', 'machine learning', 'pytorch', 'data science', 'deep learning', 'data visualization', 'natural language processing', 'python', 'pandas']",0,0.2692067363631341
2268,CHEF,0.38375319900476157,[],[],"['numpy', 'scikit-learn', 'sql', 'data analysis', 'nlp', 'git', 'tensorflow', 'machine learning', 'pytorch', 'data science', 'deep learning', 'data visualization', 'natural language processing', 'python', 'pandas']",0,0.2686272393033331
2269,ACCOUNTANT,0.38358542837953974,[],[],"['numpy', 'scikit-learn', 'sql', 'data analysis', 'nlp', 'git', 'tensorflow', 'machine learning', 'pytorch', 'data science', 'deep learning', 'data visualization', 'natural language processing', 'python', 'pandas']",0,0.2685097998656778
2270,ADVOCATE,0.38314940035426803,[],[],"['numpy', 'scikit-learn', 'sql', 'data analysis', 'nlp', 'git', 'tensorflow', 'machine learning', 'pytorch', 'data science', 'deep learning', 'data visualization', 'natural language processing', 'python', 'pandas']",0,0.2682045802479876
2271,CHEF,0.38267711902243984,[],[],"['numpy', 'scikit-learn', 'sql', 'data analysis', 'nlp', 'git', 'tensorflow', 'machine learning', 'pytorch', 'data science', 'deep learning', 'data visualization', 'natural language processing', 'python', 'pandas']",0,0.2678739833157079
2272,DESIGNER,0.3825888652801546,[],[],"['numpy', 'scikit-learn', 'sql', 'data analysis', 'nlp', 'git', 'tensorflow', 'machine learning', 'pytorch', 'data science', 'deep learning', 'data visualization', 'natural language processing', 'python', 'pandas']",0,0.2678122056961082
2273,AVIATION,0.3823512132079847,[],[],"['numpy', 'scikit-learn', 'sql', 'data analysis', 'nlp', 'git', 'tensorflow', 'machine learning', 'pytorch', 'data science', 'deep learning', 'data visualization', 'natural language processing', 'python', 'pandas']",0,0.26764584924558926
2274,HEALTHCARE,0.37959359905273915,[],[],"['numpy', 'scikit-learn', 'sql', 'data analysis', 'nlp', 'git', 'tensorflow', 'machine learning', 'pytorch', 'data science', 'deep learning', 'data visualization', 'natural language processing', 'python', 'pandas']",0,0.2657155193369174
2275,FITNESS,0.37730546978857854,[],[],"['numpy', 'scikit-learn', 'sql', 'data analysis', 'nlp', 'git', 'tensorflow', 'machine learning', 'pytorch', 'data science', 'deep learning', 'data visualization', 'natural language processing', 'python', 'pandas']",0,0.26411382885200496
2276,CHEF,0.37711939477700174,[],[],"['numpy', 'scikit-learn', 'sql', 'data analysis', 'nlp', 'git', 'tensorflow', 'machine learning', 'pytorch', 'data science', 'deep learning', 'data visualization', 'natural language processing', 'python', 'pandas']",0,0.2639835763439012
2277,HEALTHCARE,0.37282603893194877,[],[],"['numpy', 'scikit-learn', 'sql', 'data analysis', 'nlp', 'git', 'tensorflow', 'machine learning', 'pytorch', 'data science', 'deep learning', 'data visualization', 'natural language processing', 'python', 'pandas']",0,0.26097822725236414
2278,APPAREL,0.37200328624194645,[],[],"['numpy', 'scikit-learn', 'sql', 'data analysis', 'nlp', 'git', 'tensorflow', 'machine learning', 'pytorch', 'data science', 'deep learning', 'data visualization', 'natural language processing', 'python', 'pandas']",0,0.2604023003693625
2279,HEALTHCARE,0.37064716829855565,[],[],"['numpy', 'scikit-learn', 'sql', 'data analysis', 'nlp', 'git', 'tensorflow', 'machine learning', 'pytorch', 'data science', 'deep learning', 'data visualization', 'natural language processing', 'python', 'pandas']",0,0.25945301780898894
2280,DESIGNER,0.36886729991601336,[],[],"['numpy', 'scikit-learn', 'sql', 'data analysis', 'nlp', 'git', 'tensorflow', 'machine learning', 'pytorch', 'data science', 'deep learning', 'data visualization', 'natural language processing', 'python', 'pandas']",0,0.2582071099412093
2281,FITNESS,0.3682577251863218,[],[],"['numpy', 'scikit-learn', 'sql', 'data analysis', 'nlp', 'git', 'tensorflow', 'machine learning', 'pytorch', 'data science', 'deep learning', 'data visualization', 'natural language processing', 'python', 'pandas']",0,0.25778040763042526
2282,CHEF,0.3676698417288889,[],[],"['numpy', 'scikit-learn', 'sql', 'data analysis', 'nlp', 'git', 'tensorflow', 'machine learning', 'pytorch', 'data science', 'deep learning', 'data visualization', 'natural language processing', 'python', 'pandas']",0,0.2573688892102222
2283,CONSULTANT,0.36718801794677614,[],[],"['numpy', 'scikit-learn', 'sql', 'data analysis', 'nlp', 'git', 'tensorflow', 'machine learning', 'pytorch', 'data science', 'deep learning', 'data visualization', 'natural language processing', 'python', 'pandas']",0,0.25703161256274326
2284,CONSULTANT,0.36642361279409996,[],[],"['numpy', 'scikit-learn', 'sql', 'data analysis', 'nlp', 'git', 'tensorflow', 'machine learning', 'pytorch', 'data science', 'deep learning', 'data visualization', 'natural language processing', 'python', 'pandas']",0,0.25649652895586994
2285,SALES,0.36637059974774455,[],[],"['numpy', 'scikit-learn', 'sql', 'data analysis', 'nlp', 'git', 'tensorflow', 'machine learning', 'pytorch', 'data science', 'deep learning', 'data visualization', 'natural language processing', 'python', 'pandas']",0,0.2564594198234212
2286,SALES,0.3663114916892753,[],[],"['numpy', 'scikit-learn', 'sql', 'data analysis', 'nlp', 'git', 'tensorflow', 'machine learning', 'pytorch', 'data science', 'deep learning', 'data visualization', 'natural language processing', 'python', 'pandas']",0,0.2564180441824927
2287,FINANCE,0.36507282402015356,[],[],"['numpy', 'scikit-learn', 'sql', 'data analysis', 'nlp', 'git', 'tensorflow', 'machine learning', 'pytorch', 'data science', 'deep learning', 'data visualization', 'natural language processing', 'python', 'pandas']",0,0.2555509768141075
2288,FINANCE,0.3646763994125873,[],[],"['numpy', 'scikit-learn', 'sql', 'data analysis', 'nlp', 'git', 'tensorflow', 'machine learning', 'pytorch', 'data science', 'deep learning', 'data visualization', 'natural language processing', 'python', 'pandas']",0,0.2552734795888111
2289,BANKING,0.3633488127345614,[],[],"['numpy', 'scikit-learn', 'sql', 'data analysis', 'nlp', 'git', 'tensorflow', 'machine learning', 'pytorch', 'data science', 'deep learning', 'data visualization', 'natural language processing', 'python', 'pandas']",0,0.2543441689141929
2290,ACCOUNTANT,0.3625462807034458,[],[],"['numpy', 'scikit-learn', 'sql', 'data analysis', 'nlp', 'git', 'tensorflow', 'machine learning', 'pytorch', 'data science', 'deep learning', 'data visualization', 'natural language processing', 'python', 'pandas']",0,0.253782396492412
2291,CONSTRUCTION,0.36066023055643553,[],[],"['numpy', 'scikit-learn', 'sql', 'data analysis', 'nlp', 'git', 'tensorflow', 'machine learning', 'pytorch', 'data science', 'deep learning', 'data visualization', 'natural language processing', 'python', 'pandas']",0,0.25246216138950484
2292,SALES,0.36013833088222097,[],[],"['numpy', 'scikit-learn', 'sql', 'data analysis', 'nlp', 'git', 'tensorflow', 'machine learning', 'pytorch', 'data science', 'deep learning', 'data visualization', 'natural language processing', 'python', 'pandas']",0,0.25209683161755464
2293,BUSINESS-DEVELOPMENT,0.36007906180000643,[],[],"['numpy', 'scikit-learn', 'sql', 'data analysis', 'nlp', 'git', 'tensorflow', 'machine learning', 'pytorch', 'data science', 'deep learning', 'data visualization', 'natural language processing', 'python', 'pandas']",0,0.2520553432600045
2294,APPAREL,0.3599668812413007,[],[],"['numpy', 'scikit-learn', 'sql', 'data analysis', 'nlp', 'git', 'tensorflow', 'machine learning', 'pytorch', 'data science', 'deep learning', 'data visualization', 'natural language processing', 'python', 'pandas']",0,0.2519768168689105
2295,CHEF,0.3590128752854708,[],[],"['numpy', 'scikit-learn', 'sql', 'data analysis', 'nlp', 'git', 'tensorflow', 'machine learning', 'pytorch', 'data science', 'deep learning', 'data visualization', 'natural language processing', 'python', 'pandas']",0,0.2513090126998296
2296,PUBLIC-RELATIONS,0.3586789727947135,[],[],"['numpy', 'scikit-learn', 'sql', 'data analysis', 'nlp', 'git', 'tensorflow', 'machine learning', 'pytorch', 'data science', 'deep learning', 'data visualization', 'natural language processing', 'python', 'pandas']",0,0.25107528095629944
2297,CONSULTANT,0.35550617581028,[],[],"['numpy', 'scikit-learn', 'sql', 'data analysis', 'nlp', 'git', 'tensorflow', 'machine learning', 'pytorch', 'data science', 'deep learning', 'data visualization', 'natural language processing', 'python', 'pandas']",0,0.248854323067196
2298,AVIATION,0.35470865509273813,[],[],"['numpy', 'scikit-learn', 'sql', 'data analysis', 'nlp', 'git', 'tensorflow', 'machine learning', 'pytorch', 'data science', 'deep learning', 'data visualization', 'natural language processing', 'python', 'pandas']",0,0.24829605856491668
2299,HR,0.3540465624882324,[],[],"['numpy', 'scikit-learn', 'sql', 'data analysis', 'nlp', 'git', 'tensorflow', 'machine learning', 'pytorch', 'data science', 'deep learning', 'data visualization', 'natural language processing', 'python', 'pandas']",0,0.24783259374176267
2300,FITNESS,0.3533856100223866,[],[],"['numpy', 'scikit-learn', 'sql', 'data analysis', 'nlp', 'git', 'tensorflow', 'machine learning', 'pytorch', 'data science', 'deep learning', 'data visualization', 'natural language processing', 'python', 'pandas']",0,0.24736992701567062
2301,FITNESS,0.3449385337232595,[],[],"['numpy', 'scikit-learn', 'sql', 'data analysis', 'nlp', 'git', 'tensorflow', 'machine learning', 'pytorch', 'data science', 'deep learning', 'data visualization', 'natural language processing', 'python', 'pandas']",0,0.24145697360628163
2302,AVIATION,0.3357765595517555,[],[],"['numpy', 'scikit-learn', 'sql', 'data analysis', 'nlp', 'git', 'tensorflow', 'machine learning', 'pytorch', 'data science', 'deep learning', 'data visualization', 'natural language processing', 'python', 'pandas']",0,0.23504359168622885
2303,HEALTHCARE,0.33501176466312954,[],[],"['numpy', 'scikit-learn', 'sql', 'data analysis', 'nlp', 'git', 'tensorflow', 'machine learning', 'pytorch', 'data science', 'deep learning', 'data visualization', 'natural language processing', 'python', 'pandas']",0,0.23450823526419065
2304,APPAREL,0.3307127365565179,[],[],"['numpy', 'scikit-learn', 'sql', 'data analysis', 'nlp', 'git', 'tensorflow', 'machine learning', 'pytorch', 'data science', 'deep learning', 'data visualization', 'natural language processing', 'python', 'pandas']",0,0.2314989155895625
2305,ADVOCATE,0.3296210324323757,[],[],"['numpy', 'scikit-learn', 'sql', 'data analysis', 'nlp', 'git', 'tensorflow', 'machine learning', 'pytorch', 'data science', 'deep learning', 'data visualization', 'natural language processing', 'python', 'pandas']",0,0.230734722702663
2306,AGRICULTURE,0.3283005044266562,[],[],"['numpy', 'scikit-learn', 'sql', 'data analysis', 'nlp', 'git', 'tensorflow', 'machine learning', 'pytorch', 'data science', 'deep learning', 'data visualization', 'natural language processing', 'python', 'pandas']",0,0.22981035309865933
2307,ENGINEERING,0.3261892123757086,[],[],"['numpy', 'scikit-learn', 'sql', 'data analysis', 'nlp', 'git', 'tensorflow', 'machine learning', 'pytorch', 'data science', 'deep learning', 'data visualization', 'natural language processing', 'python', 'pandas']",0,0.22833244866299598
2308,FITNESS,0.32506918899042986,[],[],"['numpy', 'scikit-learn', 'sql', 'data analysis', 'nlp', 'git', 'tensorflow', 'machine learning', 'pytorch', 'data science', 'deep learning', 'data visualization', 'natural language processing', 'python', 'pandas']",0,0.22754843229330088
2309,ADVOCATE,0.32479870518371645,[],[],"['numpy', 'scikit-learn', 'sql', 'data analysis', 'nlp', 'git', 'tensorflow', 'machine learning', 'pytorch', 'data science', 'deep learning', 'data visualization', 'natural language processing', 'python', 'pandas']",0,0.2273590936286015
2310,FITNESS,0.32466476587571175,[],[],"['numpy', 'scikit-learn', 'sql', 'data analysis', 'nlp', 'git', 'tensorflow', 'machine learning', 'pytorch', 'data science', 'deep learning', 'data visualization', 'natural language processing', 'python', 'pandas']",0,0.2272653361129982
2311,HEALTHCARE,0.32444386422751115,[],[],"['numpy', 'scikit-learn', 'sql', 'data analysis', 'nlp', 'git', 'tensorflow', 'machine learning', 'pytorch', 'data science', 'deep learning', 'data visualization', 'natural language processing', 'python', 'pandas']",0,0.22711070495925778
2312,SALES,0.32411561702504255,[],[],"['numpy', 'scikit-learn', 'sql', 'data analysis', 'nlp', 'git', 'tensorflow', 'machine learning', 'pytorch', 'data science', 'deep learning', 'data visualization', 'natural language processing', 'python', 'pandas']",0,0.22688093191752975
2313,CHEF,0.32067470587159774,[],[],"['numpy', 'scikit-learn', 'sql', 'data analysis', 'nlp', 'git', 'tensorflow', 'machine learning', 'pytorch', 'data science', 'deep learning', 'data visualization', 'natural language processing', 'python', 'pandas']",0,0.2244722941101184
2314,CONSULTANT,0.3204713527556675,[],[],"['numpy', 'scikit-learn', 'sql', 'data analysis', 'nlp', 'git', 'tensorflow', 'machine learning', 'pytorch', 'data science', 'deep learning', 'data visualization', 'natural language processing', 'python', 'pandas']",0,0.22432994692896724
2315,BUSINESS-DEVELOPMENT,0.32021377696780995,[],[],"['numpy', 'scikit-learn', 'sql', 'data analysis', 'nlp', 'git', 'tensorflow', 'machine learning', 'pytorch', 'data science', 'deep learning', 'data visualization', 'natural language processing', 'python', 'pandas']",0,0.22414964387746694
2316,HR,0.3191674501640586,[],[],"['numpy', 'scikit-learn', 'sql', 'data analysis', 'nlp', 'git', 'tensorflow', 'machine learning', 'pytorch', 'data science', 'deep learning', 'data visualization', 'natural language processing', 'python', 'pandas']",0,0.22341721511484103
2317,HEALTHCARE,0.3182903810359971,[],[],"['numpy', 'scikit-learn', 'sql', 'data analysis', 'nlp', 'git', 'tensorflow', 'machine learning', 'pytorch', 'data science', 'deep learning', 'data visualization', 'natural language processing', 'python', 'pandas']",0,0.22280326672519796
2318,FITNESS,0.31809919357263783,[],[],"['numpy', 'scikit-learn', 'sql', 'data analysis', 'nlp', 'git', 'tensorflow', 'machine learning', 'pytorch', 'data science', 'deep learning', 'data visualization', 'natural language processing', 'python', 'pandas']",0,0.22266943550084647
2319,DESIGNER,0.3158662231031517,[],[],"['numpy', 'scikit-learn', 'sql', 'data analysis', 'nlp', 'git', 'tensorflow', 'machine learning', 'pytorch', 'data science', 'deep learning', 'data visualization', 'natural language processing', 'python', 'pandas']",0,0.22110635617220617
2320,FITNESS,0.3150302908993698,[],[],"['numpy', 'scikit-learn', 'sql', 'data analysis', 'nlp', 'git', 'tensorflow', 'machine learning', 'pytorch', 'data science', 'deep learning', 'data visualization', 'natural language processing', 'python', 'pandas']",0,0.22052120362955885
2321,INFORMATION-TECHNOLOGY,0.3144360667400364,[],[],"['numpy', 'scikit-learn', 'sql', 'data analysis', 'nlp', 'git', 'tensorflow', 'machine learning', 'pytorch', 'data science', 'deep learning', 'data visualization', 'natural language processing', 'python', 'pandas']",0,0.22010524671802545
2322,APPAREL,0.3136100158047069,[],[],"['numpy', 'scikit-learn', 'sql', 'data analysis', 'nlp', 'git', 'tensorflow', 'machine learning', 'pytorch', 'data science', 'deep learning', 'data visualization', 'natural language processing', 'python', 'pandas']",0,0.2195270110632948
2323,HEALTHCARE,0.31125938106003426,[],[],"['numpy', 'scikit-learn', 'sql', 'data analysis', 'nlp', 'git', 'tensorflow', 'machine learning', 'pytorch', 'data science', 'deep learning', 'data visualization', 'natural language processing', 'python', 'pandas']",0,0.21788156674202397
2324,HR,0.3083969515533215,[],[],"['numpy', 'scikit-learn', 'sql', 'data analysis', 'nlp', 'git', 'tensorflow', 'machine learning', 'pytorch', 'data science', 'deep learning', 'data visualization', 'natural language processing', 'python', 'pandas']",0,0.215877866087325
2325,AVIATION,0.3081343927338025,[],[],"['numpy', 'scikit-learn', 'sql', 'data analysis', 'nlp', 'git', 'tensorflow', 'machine learning', 'pytorch', 'data science', 'deep learning', 'data visualization', 'natural language processing', 'python', 'pandas']",0,0.21569407491366174
2326,BPO,0.3058648054505337,[],[],"['numpy', 'scikit-learn', 'sql', 'data analysis', 'nlp', 'git', 'tensorflow', 'machine learning', 'pytorch', 'data science', 'deep learning', 'data visualization', 'natural language processing', 'python', 'pandas']",0,0.21410536381537357
2327,CONSTRUCTION,0.30529027421187116,[],[],"['numpy', 'scikit-learn', 'sql', 'data analysis', 'nlp', 'git', 'tensorflow', 'machine learning', 'pytorch', 'data science', 'deep learning', 'data visualization', 'natural language processing', 'python', 'pandas']",0,0.2137031919483098
2328,SALES,0.30365836268059426,[],[],"['numpy', 'scikit-learn', 'sql', 'data analysis', 'nlp', 'git', 'tensorflow', 'machine learning', 'pytorch', 'data science', 'deep learning', 'data visualization', 'natural language processing', 'python', 'pandas']",0,0.21256085387641596
2329,ENGINEERING,0.3028657814358353,[],[],"['numpy', 'scikit-learn', 'sql', 'data analysis', 'nlp', 'git', 'tensorflow', 'machine learning', 'pytorch', 'data science', 'deep learning', 'data visualization', 'natural language processing', 'python', 'pandas']",0,0.2120060470050847
2330,SALES,0.30002919056708294,[],[],"['numpy', 'scikit-learn', 'sql', 'data analysis', 'nlp', 'git', 'tensorflow', 'machine learning', 'pytorch', 'data science', 'deep learning', 'data visualization', 'natural language processing', 'python', 'pandas']",0,0.21002043339695806
2331,BANKING,0.30000316114688985,[],[],"['numpy', 'scikit-learn', 'sql', 'data analysis', 'nlp', 'git', 'tensorflow', 'machine learning', 'pytorch', 'data science', 'deep learning', 'data visualization', 'natural language processing', 'python', 'pandas']",0,0.21000221280282289
2332,AGRICULTURE,0.29815891315531834,[],[],"['numpy', 'scikit-learn', 'sql', 'data analysis', 'nlp', 'git', 'tensorflow', 'machine learning', 'pytorch', 'data science', 'deep learning', 'data visualization', 'natural language processing', 'python', 'pandas']",0,0.20871123920872284
2333,DESIGNER,0.2954014508253469,[],[],"['numpy', 'scikit-learn', 'sql', 'data analysis', 'nlp', 'git', 'tensorflow', 'machine learning', 'pytorch', 'data science', 'deep learning', 'data visualization', 'natural language processing', 'python', 'pandas']",0,0.20678101557774284
2334,AUTOMOBILE,0.29529665467163746,[],[],"['numpy', 'scikit-learn', 'sql', 'data analysis', 'nlp', 'git', 'tensorflow', 'machine learning', 'pytorch', 'data science', 'deep learning', 'data visualization', 'natural language processing', 'python', 'pandas']",0,0.2067076582701462
2335,CHEF,0.29498099598546723,[],[],"['numpy', 'scikit-learn', 'sql', 'data analysis', 'nlp', 'git', 'tensorflow', 'machine learning', 'pytorch', 'data science', 'deep learning', 'data visualization', 'natural language processing', 'python', 'pandas']",0,0.20648669718982704
2336,CHEF,0.2949216672751291,[],[],"['numpy', 'scikit-learn', 'sql', 'data analysis', 'nlp', 'git', 'tensorflow', 'machine learning', 'pytorch', 'data science', 'deep learning', 'data visualization', 'natural language processing', 'python', 'pandas']",0,0.20644516709259034
2337,DESIGNER,0.2934912899278004,[],[],"['numpy', 'scikit-learn', 'sql', 'data analysis', 'nlp', 'git', 'tensorflow', 'machine learning', 'pytorch', 'data science', 'deep learning', 'data visualization', 'natural language processing', 'python', 'pandas']",0,0.20544390294946024
2338,SALES,0.29270981222280573,[],[],"['numpy', 'scikit-learn', 'sql', 'data analysis', 'nlp', 'git', 'tensorflow', 'machine learning', 'pytorch', 'data science', 'deep learning', 'data visualization', 'natural language processing', 'python', 'pandas']",0,0.204896868555964
2339,DESIGNER,0.29251053004534683,[],[],"['numpy', 'scikit-learn', 'sql', 'data analysis', 'nlp', 'git', 'tensorflow', 'machine learning', 'pytorch', 'data science', 'deep learning', 'data visualization', 'natural language processing', 'python', 'pandas']",0,0.20475737103174277
2340,ARTS,0.29002319176735825,[],[],"['numpy', 'scikit-learn', 'sql', 'data analysis', 'nlp', 'git', 'tensorflow', 'machine learning', 'pytorch', 'data science', 'deep learning', 'data visualization', 'natural language processing', 'python', 'pandas']",0,0.20301623423715076
2341,ARTS,0.28998039229773115,[],[],"['numpy', 'scikit-learn', 'sql', 'data analysis', 'nlp', 'git', 'tensorflow', 'machine learning', 'pytorch', 'data science', 'deep learning', 'data visualization', 'natural language processing', 'python', 'pandas']",0,0.2029862746084118
2342,HR,0.28890017984010763,[],[],"['numpy', 'scikit-learn', 'sql', 'data analysis', 'nlp', 'git', 'tensorflow', 'machine learning', 'pytorch', 'data science', 'deep learning', 'data visualization', 'natural language processing', 'python', 'pandas']",0,0.20223012588807532
2343,AUTOMOBILE,0.2885682116222204,[],[],"['numpy', 'scikit-learn', 'sql', 'data analysis', 'nlp', 'git', 'tensorflow', 'machine learning', 'pytorch', 'data science', 'deep learning', 'data visualization', 'natural language processing', 'python', 'pandas']",0,0.20199774813555427
2344,PUBLIC-RELATIONS,0.28771746722163866,[],[],"['numpy', 'scikit-learn', 'sql', 'data analysis', 'nlp', 'git', 'tensorflow', 'machine learning', 'pytorch', 'data science', 'deep learning', 'data visualization', 'natural language processing', 'python', 'pandas']",0,0.20140222705514704
2345,ENGINEERING,0.28715685364256816,[],[],"['numpy', 'scikit-learn', 'sql', 'data analysis', 'nlp', 'git', 'tensorflow', 'machine learning', 'pytorch', 'data science', 'deep learning', 'data visualization', 'natural language processing', 'python', 'pandas']",0,0.2010097975497977
2346,SALES,0.2849795575075362,[],[],"['numpy', 'scikit-learn', 'sql', 'data analysis', 'nlp', 'git', 'tensorflow', 'machine learning', 'pytorch', 'data science', 'deep learning', 'data visualization', 'natural language processing', 'python', 'pandas']",0,0.19948569025527532
2347,FITNESS,0.2848695054102469,[],[],"['numpy', 'scikit-learn', 'sql', 'data analysis', 'nlp', 'git', 'tensorflow', 'machine learning', 'pytorch', 'data science', 'deep learning', 'data visualization', 'natural language processing', 'python', 'pandas']",0,0.19940865378717282
2348,CHEF,0.2847505773686364,[],[],"['numpy', 'scikit-learn', 'sql', 'data analysis', 'nlp', 'git', 'tensorflow', 'machine learning', 'pytorch', 'data science', 'deep learning', 'data visualization', 'natural language processing', 'python', 'pandas']",0,0.19932540415804548
2349,BUSINESS-DEVELOPMENT,0.28474977508217914,[],[],"['numpy', 'scikit-learn', 'sql', 'data analysis', 'nlp', 'git', 'tensorflow', 'machine learning', 'pytorch', 'data science', 'deep learning', 'data visualization', 'natural language processing', 'python', 'pandas']",0,0.1993248425575254
2350,TEACHER,0.28469097516571074,[],[],"['numpy', 'scikit-learn', 'sql', 'data analysis', 'nlp', 'git', 'tensorflow', 'machine learning', 'pytorch', 'data science', 'deep learning', 'data visualization', 'natural language processing', 'python', 'pandas']",0,0.1992836826159975
2351,CONSULTANT,0.2831683416259898,[],[],"['numpy', 'scikit-learn', 'sql', 'data analysis', 'nlp', 'git', 'tensorflow', 'machine learning', 'pytorch', 'data science', 'deep learning', 'data visualization', 'natural language processing', 'python', 'pandas']",0,0.19821783913819285
2352,CONSULTANT,0.2814274983954237,[],[],"['numpy', 'scikit-learn', 'sql', 'data analysis', 'nlp', 'git', 'tensorflow', 'machine learning', 'pytorch', 'data science', 'deep learning', 'data visualization', 'natural language processing', 'python', 'pandas']",0,0.19699924887679657
2353,AUTOMOBILE,0.28130303324682826,[],[],"['numpy', 'scikit-learn', 'sql', 'data analysis', 'nlp', 'git', 'tensorflow', 'machine learning', 'pytorch', 'data science', 'deep learning', 'data visualization', 'natural language processing', 'python', 'pandas']",0,0.19691212327277977
2354,HR,0.2812226377872772,[],[],"['numpy', 'scikit-learn', 'sql', 'data analysis', 'nlp', 'git', 'tensorflow', 'machine learning', 'pytorch', 'data science', 'deep learning', 'data visualization', 'natural language processing', 'python', 'pandas']",0,0.19685584645109402
2355,INFORMATION-TECHNOLOGY,0.2802866876933615,[],[],"['numpy', 'scikit-learn', 'sql', 'data analysis', 'nlp', 'git', 'tensorflow', 'machine learning', 'pytorch', 'data science', 'deep learning', 'data visualization', 'natural language processing', 'python', 'pandas']",0,0.19620068138535304
2356,CHEF,0.27908963232043404,[],[],"['numpy', 'scikit-learn', 'sql', 'data analysis', 'nlp', 'git', 'tensorflow', 'machine learning', 'pytorch', 'data science', 'deep learning', 'data visualization', 'natural language processing', 'python', 'pandas']",0,0.1953627426243038
2357,APPAREL,0.2764374683939993,[],[],"['numpy', 'scikit-learn', 'sql', 'data analysis', 'nlp', 'git', 'tensorflow', 'machine learning', 'pytorch', 'data science', 'deep learning', 'data visualization', 'natural language processing', 'python', 'pandas']",0,0.1935062278757995
2358,FITNESS,0.2763523308126176,[],[],"['numpy', 'scikit-learn', 'sql', 'data analysis', 'nlp', 'git', 'tensorflow', 'machine learning', 'pytorch', 'data science', 'deep learning', 'data visualization', 'natural language processing', 'python', 'pandas']",0,0.19344663156883232
2359,ADVOCATE,0.27395982575648753,[],[],"['numpy', 'scikit-learn', 'sql', 'data analysis', 'nlp', 'git', 'tensorflow', 'machine learning', 'pytorch', 'data science', 'deep learning', 'data visualization', 'natural language processing', 'python', 'pandas']",0,0.19177187802954127
2360,ACCOUNTANT,0.2667625330745201,[],[],"['numpy', 'scikit-learn', 'sql', 'data analysis', 'nlp', 'git', 'tensorflow', 'machine learning', 'pytorch', 'data science', 'deep learning', 'data visualization', 'natural language processing', 'python', 'pandas']",0,0.18673377315216405
2361,DESIGNER,0.25982409601268813,[],[],"['numpy', 'scikit-learn', 'sql', 'data analysis', 'nlp', 'git', 'tensorflow', 'machine learning', 'pytorch', 'data science', 'deep learning', 'data visualization', 'natural language processing', 'python', 'pandas']",0,0.1818768672088817
2362,SALES,0.2588304464744452,[],[],"['numpy', 'scikit-learn', 'sql', 'data analysis', 'nlp', 'git', 'tensorflow', 'machine learning', 'pytorch', 'data science', 'deep learning', 'data visualization', 'natural language processing', 'python', 'pandas']",0,0.18118131253211162
2363,SALES,0.25779159718973915,[],[],"['numpy', 'scikit-learn', 'sql', 'data analysis', 'nlp', 'git', 'tensorflow', 'machine learning', 'pytorch', 'data science', 'deep learning', 'data visualization', 'natural language processing', 'python', 'pandas']",0,0.18045411803281738
2364,BUSINESS-DEVELOPMENT,0.25320147438257906,[],[],"['numpy', 'scikit-learn', 'sql', 'data analysis', 'nlp', 'git', 'tensorflow', 'machine learning', 'pytorch', 'data science', 'deep learning', 'data visualization', 'natural language processing', 'python', 'pandas']",0,0.17724103206780534
2365,FITNESS,0.25073796741538795,[],[],"['numpy', 'scikit-learn', 'sql', 'data analysis', 'nlp', 'git', 'tensorflow', 'machine learning', 'pytorch', 'data science', 'deep learning', 'data visualization', 'natural language processing', 'python', 'pandas']",0,0.17551657719077154
2366,BUSINESS-DEVELOPMENT,0.2506093672271473,[],[],"['numpy', 'scikit-learn', 'sql', 'data analysis', 'nlp', 'git', 'tensorflow', 'machine learning', 'pytorch', 'data science', 'deep learning', 'data visualization', 'natural language processing', 'python', 'pandas']",0,0.1754265570590031
2367,DESIGNER,0.25019178816776233,[],[],"['numpy', 'scikit-learn', 'sql', 'data analysis', 'nlp', 'git', 'tensorflow', 'machine learning', 'pytorch', 'data science', 'deep learning', 'data visualization', 'natural language processing', 'python', 'pandas']",0,0.17513425171743363
2368,CONSULTANT,0.24911345109702698,[],[],"['numpy', 'scikit-learn', 'sql', 'data analysis', 'nlp', 'git', 'tensorflow', 'machine learning', 'pytorch', 'data science', 'deep learning', 'data visualization', 'natural language processing', 'python', 'pandas']",0,0.17437941576791888
2369,APPAREL,0.24823171355550172,[],[],"['numpy', 'scikit-learn', 'sql', 'data analysis', 'nlp', 'git', 'tensorflow', 'machine learning', 'pytorch', 'data science', 'deep learning', 'data visualization', 'natural language processing', 'python', 'pandas']",0,0.1737621994888512
2370,CHEF,0.2465048839000547,[],[],"['numpy', 'scikit-learn', 'sql', 'data analysis', 'nlp', 'git', 'tensorflow', 'machine learning', 'pytorch', 'data science', 'deep learning', 'data visualization', 'natural language processing', 'python', 'pandas']",0,0.1725534187300383
2371,BPO,0.24415168387322342,[],[],"['numpy', 'scikit-learn', 'sql', 'data analysis', 'nlp', 'git', 'tensorflow', 'machine learning', 'pytorch', 'data science', 'deep learning', 'data visualization', 'natural language processing', 'python', 'pandas']",0,0.17090617871125638
2372,DESIGNER,0.24377906902247085,[],[],"['numpy', 'scikit-learn', 'sql', 'data analysis', 'nlp', 'git', 'tensorflow', 'machine learning', 'pytorch', 'data science', 'deep learning', 'data visualization', 'natural language processing', 'python', 'pandas']",0,0.17064534831572958
2373,CHEF,0.24319988993952968,[],[],"['numpy', 'scikit-learn', 'sql', 'data analysis', 'nlp', 'git', 'tensorflow', 'machine learning', 'pytorch', 'data science', 'deep learning', 'data visualization', 'natural language processing', 'python', 'pandas']",0,0.17023992295767076
2374,SALES,0.2406717309554344,[],[],"['numpy', 'scikit-learn', 'sql', 'data analysis', 'nlp', 'git', 'tensorflow', 'machine learning', 'pytorch', 'data science', 'deep learning', 'data visualization', 'natural language processing', 'python', 'pandas']",0,0.16847021166880408
2375,FITNESS,0.2401021985580476,[],[],"['numpy', 'scikit-learn', 'sql', 'data analysis', 'nlp', 'git', 'tensorflow', 'machine learning', 'pytorch', 'data science', 'deep learning', 'data visualization', 'natural language processing', 'python', 'pandas']",0,0.16807153899063332
2376,CHEF,0.2387316520463941,[],[],"['numpy', 'scikit-learn', 'sql', 'data analysis', 'nlp', 'git', 'tensorflow', 'machine learning', 'pytorch', 'data science', 'deep learning', 'data visualization', 'natural language processing', 'python', 'pandas']",0,0.16711215643247587
2377,APPAREL,0.2386176159720985,[],[],"['numpy', 'scikit-learn', 'sql', 'data analysis', 'nlp', 'git', 'tensorflow', 'machine learning', 'pytorch', 'data science', 'deep learning', 'data visualization', 'natural language processing', 'python', 'pandas']",0,0.16703233118046892
2378,PUBLIC-RELATIONS,0.2384452531966449,[],[],"['numpy', 'scikit-learn', 'sql', 'data analysis', 'nlp', 'git', 'tensorflow', 'machine learning', 'pytorch', 'data science', 'deep learning', 'data visualization', 'natural language processing', 'python', 'pandas']",0,0.1669116772376514
2379,FITNESS,0.2371530864837535,[],[],"['numpy', 'scikit-learn', 'sql', 'data analysis', 'nlp', 'git', 'tensorflow', 'machine learning', 'pytorch', 'data science', 'deep learning', 'data visualization', 'natural language processing', 'python', 'pandas']",0,0.16600716053862744
2380,FITNESS,0.23521739681755405,[],[],"['numpy', 'scikit-learn', 'sql', 'data analysis', 'nlp', 'git', 'tensorflow', 'machine learning', 'pytorch', 'data science', 'deep learning', 'data visualization', 'natural language processing', 'python', 'pandas']",0,0.16465217777228783
2381,FINANCE,0.23424568249735492,[],[],"['numpy', 'scikit-learn', 'sql', 'data analysis', 'nlp', 'git', 'tensorflow', 'machine learning', 'pytorch', 'data science', 'deep learning', 'data visualization', 'natural language processing', 'python', 'pandas']",0,0.16397197774814842
2382,FITNESS,0.23210728107232304,[],[],"['numpy', 'scikit-learn', 'sql', 'data analysis', 'nlp', 'git', 'tensorflow', 'machine learning', 'pytorch', 'data science', 'deep learning', 'data visualization', 'natural language processing', 'python', 'pandas']",0,0.1624750967506261
2383,CONSTRUCTION,0.22670014498548172,[],[],"['numpy', 'scikit-learn', 'sql', 'data analysis', 'nlp', 'git', 'tensorflow', 'machine learning', 'pytorch', 'data science', 'deep learning', 'data visualization', 'natural language processing', 'python', 'pandas']",0,0.1586901014898372
2384,SALES,0.22485805469846018,[],[],"['numpy', 'scikit-learn', 'sql', 'data analysis', 'nlp', 'git', 'tensorflow', 'machine learning', 'pytorch', 'data science', 'deep learning', 'data visualization', 'natural language processing', 'python', 'pandas']",0,0.15740063828892212
2385,SALES,0.2208015743094067,[],[],"['numpy', 'scikit-learn', 'sql', 'data analysis', 'nlp', 'git', 'tensorflow', 'machine learning', 'pytorch', 'data science', 'deep learning', 'data visualization', 'natural language processing', 'python', 'pandas']",0,0.15456110201658468
2386,BUSINESS-DEVELOPMENT,0.22040251396775534,[],[],"['numpy', 'scikit-learn', 'sql', 'data analysis', 'nlp', 'git', 'tensorflow', 'machine learning', 'pytorch', 'data science', 'deep learning', 'data visualization', 'natural language processing', 'python', 'pandas']",0,0.15428175977742872
2387,DESIGNER,0.21944257431861994,[],[],"['numpy', 'scikit-learn', 'sql', 'data analysis', 'nlp', 'git', 'tensorflow', 'machine learning', 'pytorch', 'data science', 'deep learning', 'data visualization', 'natural language processing', 'python', 'pandas']",0,0.15360980202303395
2388,FINANCE,0.21856755329255528,[],[],"['numpy', 'scikit-learn', 'sql', 'data analysis', 'nlp', 'git', 'tensorflow', 'machine learning', 'pytorch', 'data science', 'deep learning', 'data visualization', 'natural language processing', 'python', 'pandas']",0,0.15299728730478868
2389,APPAREL,0.2159403897836863,[],[],"['numpy', 'scikit-learn', 'sql', 'data analysis', 'nlp', 'git', 'tensorflow', 'machine learning', 'pytorch', 'data science', 'deep learning', 'data visualization', 'natural language processing', 'python', 'pandas']",0,0.15115827284858038
2390,BANKING,0.2156354576120826,[],[],"['numpy', 'scikit-learn', 'sql', 'data analysis', 'nlp', 'git', 'tensorflow', 'machine learning', 'pytorch', 'data science', 'deep learning', 'data visualization', 'natural language processing', 'python', 'pandas']",0,0.15094482032845782
2391,BUSINESS-DEVELOPMENT,0.21255274687562697,[],[],"['numpy', 'scikit-learn', 'sql', 'data analysis', 'nlp', 'git', 'tensorflow', 'machine learning', 'pytorch', 'data science', 'deep learning', 'data visualization', 'natural language processing', 'python', 'pandas']",0,0.14878692281293887
2392,CHEF,0.21072478255301114,[],[],"['numpy', 'scikit-learn', 'sql', 'data analysis', 'nlp', 'git', 'tensorflow', 'machine learning', 'pytorch', 'data science', 'deep learning', 'data visualization', 'natural language processing', 'python', 'pandas']",0,0.14750734778710778
2393,CHEF,0.20649223188008037,[],[],"['numpy', 'scikit-learn', 'sql', 'data analysis', 'nlp', 'git', 'tensorflow', 'machine learning', 'pytorch', 'data science', 'deep learning', 'data visualization', 'natural language processing', 'python', 'pandas']",0,0.14454456231605625
2394,CHEF,0.2035152871511103,[],[],"['numpy', 'scikit-learn', 'sql', 'data analysis', 'nlp', 'git', 'tensorflow', 'machine learning', 'pytorch', 'data science', 'deep learning', 'data visualization', 'natural language processing', 'python', 'pandas']",0,0.1424607010057772
2395,HR,0.19900321411464883,[],[],"['numpy', 'scikit-learn', 'sql', 'data analysis', 'nlp', 'git', 'tensorflow', 'machine learning', 'pytorch', 'data science', 'deep learning', 'data visualization', 'natural language processing', 'python', 'pandas']",0,0.13930224988025416
2396,HR,0.1972312224769171,[],[],"['numpy', 'scikit-learn', 'sql', 'data analysis', 'nlp', 'git', 'tensorflow', 'machine learning', 'pytorch', 'data science', 'deep learning', 'data visualization', 'natural language processing', 'python', 'pandas']",0,0.13806185573384197
2397,HR,0.1968913749252785,[],[],"['numpy', 'scikit-learn', 'sql', 'data analysis', 'nlp', 'git', 'tensorflow', 'machine learning', 'pytorch', 'data science', 'deep learning', 'data visualization', 'natural language processing', 'python', 'pandas']",0,0.13782396244769493
2398,BUSINESS-DEVELOPMENT,0.19570324861288863,[],[],"['numpy', 'scikit-learn', 'sql', 'data analysis', 'nlp', 'git', 'tensorflow', 'machine learning', 'pytorch', 'data science', 'deep learning', 'data visualization', 'natural language processing', 'python', 'pandas']",0,0.13699227402902203
2399,CHEF,0.1953328363908892,[],[],"['numpy', 'scikit-learn', 'sql', 'data analysis', 'nlp', 'git', 'tensorflow', 'machine learning', 'pytorch', 'data science', 'deep learning', 'data visualization', 'natural language processing', 'python', 'pandas']",0,0.13673298547362242
2400,BANKING,0.19511391578296758,[],[],"['numpy', 'scikit-learn', 'sql', 'data analysis', 'nlp', 'git', 'tensorflow', 'machine learning', 'pytorch', 'data science', 'deep learning', 'data visualization', 'natural language processing', 'python', 'pandas']",0,0.1365797410480773
2401,APPAREL,0.19072231817124793,[],[],"['numpy', 'scikit-learn', 'sql', 'data analysis', 'nlp', 'git', 'tensorflow', 'machine learning', 'pytorch', 'data science', 'deep learning', 'data visualization', 'natural language processing', 'python', 'pandas']",0,0.13350562271987354
2402,CHEF,0.19008772350766492,[],[],"['numpy', 'scikit-learn', 'sql', 'data analysis', 'nlp', 'git', 'tensorflow', 'machine learning', 'pytorch', 'data science', 'deep learning', 'data visualization', 'natural language processing', 'python', 'pandas']",0,0.13306140645536543
2403,CONSTRUCTION,0.18744380929113283,[],[],"['numpy', 'scikit-learn', 'sql', 'data analysis', 'nlp', 'git', 'tensorflow', 'machine learning', 'pytorch', 'data science', 'deep learning', 'data visualization', 'natural language processing', 'python', 'pandas']",0,0.13121066650379298
2404,BUSINESS-DEVELOPMENT,0.1800475803765981,[],[],"['numpy', 'scikit-learn', 'sql', 'data analysis', 'nlp', 'git', 'tensorflow', 'machine learning', 'pytorch', 'data science', 'deep learning', 'data visualization', 'natural language processing', 'python', 'pandas']",0,0.12603330626361867
2405,DIGITAL-MEDIA,0.17931052639704598,[],[],"['numpy', 'scikit-learn', 'sql', 'data analysis', 'nlp', 'git', 'tensorflow', 'machine learning', 'pytorch', 'data science', 'deep learning', 'data visualization', 'natural language processing', 'python', 'pandas']",0,0.12551736847793218
2406,DESIGNER,0.17567589989011187,[],[],"['numpy', 'scikit-learn', 'sql', 'data analysis', 'nlp', 'git', 'tensorflow', 'machine learning', 'pytorch', 'data science', 'deep learning', 'data visualization', 'natural language processing', 'python', 'pandas']",0,0.1229731299230783
2407,ADVOCATE,0.17120460140626903,[],[],"['numpy', 'scikit-learn', 'sql', 'data analysis', 'nlp', 'git', 'tensorflow', 'machine learning', 'pytorch', 'data science', 'deep learning', 'data visualization', 'natural language processing', 'python', 'pandas']",0,0.11984322098438831
2408,DESIGNER,0.16749392919394654,[],[],"['numpy', 'scikit-learn', 'sql', 'data analysis', 'nlp', 'git', 'tensorflow', 'machine learning', 'pytorch', 'data science', 'deep learning', 'data visualization', 'natural language processing', 'python', 'pandas']",0,0.11724575043576257
2409,SALES,0.16141940466472235,[],[],"['numpy', 'scikit-learn', 'sql', 'data analysis', 'nlp', 'git', 'tensorflow', 'machine learning', 'pytorch', 'data science', 'deep learning', 'data visualization', 'natural language processing', 'python', 'pandas']",0,0.11299358326530563
2410,PUBLIC-RELATIONS,0.15956254826214464,[],[],"['numpy', 'scikit-learn', 'sql', 'data analysis', 'nlp', 'git', 'tensorflow', 'machine learning', 'pytorch', 'data science', 'deep learning', 'data visualization', 'natural language processing', 'python', 'pandas']",0,0.11169378378350124
2411,DESIGNER,0.156456681798789,[],[],"['numpy', 'scikit-learn', 'sql', 'data analysis', 'nlp', 'git', 'tensorflow', 'machine learning', 'pytorch', 'data science', 'deep learning', 'data visualization', 'natural language processing', 'python', 'pandas']",0,0.10951967725915229
2412,CHEF,0.1545349371423404,[],[],"['numpy', 'scikit-learn', 'sql', 'data analysis', 'nlp', 'git', 'tensorflow', 'machine learning', 'pytorch', 'data science', 'deep learning', 'data visualization', 'natural language processing', 'python', 'pandas']",0,0.10817445599963828
2413,CONSULTANT,0.15043737114947553,[],[],"['numpy', 'scikit-learn', 'sql', 'data analysis', 'nlp', 'git', 'tensorflow', 'machine learning', 'pytorch', 'data science', 'deep learning', 'data visualization', 'natural language processing', 'python', 'pandas']",0,0.10530615980463287
2414,HEALTHCARE,0.15034062499476716,[],[],"['numpy', 'scikit-learn', 'sql', 'data analysis', 'nlp', 'git', 'tensorflow', 'machine learning', 'pytorch', 'data science', 'deep learning', 'data visualization', 'natural language processing', 'python', 'pandas']",0,0.105238437496337
2415,CHEF,0.14899225289604456,[],[],"['numpy', 'scikit-learn', 'sql', 'data analysis', 'nlp', 'git', 'tensorflow', 'machine learning', 'pytorch', 'data science', 'deep learning', 'data visualization', 'natural language processing', 'python', 'pandas']",0,0.10429457702723119
2416,SALES,0.1481062706929093,[],[],"['numpy', 'scikit-learn', 'sql', 'data analysis', 'nlp', 'git', 'tensorflow', 'machine learning', 'pytorch', 'data science', 'deep learning', 'data visualization', 'natural language processing', 'python', 'pandas']",0,0.1036743894850365
2417,FITNESS,0.1421573977059586,[],[],"['numpy', 'scikit-learn', 'sql', 'data analysis', 'nlp', 'git', 'tensorflow', 'machine learning', 'pytorch', 'data science', 'deep learning', 'data visualization', 'natural language processing', 'python', 'pandas']",0,0.099510178394171
2418,CHEF,0.1413594332592437,[],[],"['numpy', 'scikit-learn', 'sql', 'data analysis', 'nlp', 'git', 'tensorflow', 'machine learning', 'pytorch', 'data science', 'deep learning', 'data visualization', 'natural language processing', 'python', 'pandas']",0,0.09895160328147058
2419,CHEF,0.14097268822642095,[],[],"['numpy', 'scikit-learn', 'sql', 'data analysis', 'nlp', 'git', 'tensorflow', 'machine learning', 'pytorch', 'data science', 'deep learning', 'data visualization', 'natural language processing', 'python', 'pandas']",0,0.09868088175849465
2420,ARTS,0.13214089020219968,[],[],"['numpy', 'scikit-learn', 'sql', 'data analysis', 'nlp', 'git', 'tensorflow', 'machine learning', 'pytorch', 'data science', 'deep learning', 'data visualization', 'natural language processing', 'python', 'pandas']",0,0.09249862314153977
2421,AUTOMOBILE,0.12907860875893792,[],[],"['numpy', 'scikit-learn', 'sql', 'data analysis', 'nlp', 'git', 'tensorflow', 'machine learning', 'pytorch', 'data science', 'deep learning', 'data visualization', 'natural language processing', 'python', 'pandas']",0,0.09035502613125654
2422,PUBLIC-RELATIONS,0.12375815141501806,[],[],"['numpy', 'scikit-learn', 'sql', 'data analysis', 'nlp', 'git', 'tensorflow', 'machine learning', 'pytorch', 'data science', 'deep learning', 'data visualization', 'natural language processing', 'python', 'pandas']",0,0.08663070599051263
2423,DESIGNER,0.12127947947614226,[],[],"['numpy', 'scikit-learn', 'sql', 'data analysis', 'nlp', 'git', 'tensorflow', 'machine learning', 'pytorch', 'data science', 'deep learning', 'data visualization', 'natural language processing', 'python', 'pandas']",0,0.08489563563329958
2424,CONSULTANT,0.11996578564867194,[],[],"['numpy', 'scikit-learn', 'sql', 'data analysis', 'nlp', 'git', 'tensorflow', 'machine learning', 'pytorch', 'data science', 'deep learning', 'data visualization', 'natural language processing', 'python', 'pandas']",0,0.08397604995407035
2425,ARTS,0.11952978713630891,[],[],"['numpy', 'scikit-learn', 'sql', 'data analysis', 'nlp', 'git', 'tensorflow', 'machine learning', 'pytorch', 'data science', 'deep learning', 'data visualization', 'natural language processing', 'python', 'pandas']",0,0.08367085099541623
2426,ENGINEERING,0.1148728388314276,[],[],"['numpy', 'scikit-learn', 'sql', 'data analysis', 'nlp', 'git', 'tensorflow', 'machine learning', 'pytorch', 'data science', 'deep learning', 'data visualization', 'natural language processing', 'python', 'pandas']",0,0.08041098718199931
2427,CHEF,0.111874756491698,[],[],"['numpy', 'scikit-learn', 'sql', 'data analysis', 'nlp', 'git', 'tensorflow', 'machine learning', 'pytorch', 'data science', 'deep learning', 'data visualization', 'natural language processing', 'python', 'pandas']",0,0.0783123295441886
2428,SALES,0.11026554775597801,[],[],"['numpy', 'scikit-learn', 'sql', 'data analysis', 'nlp', 'git', 'tensorflow', 'machine learning', 'pytorch', 'data science', 'deep learning', 'data visualization', 'natural language processing', 'python', 'pandas']",0,0.0771858834291846
2429,DESIGNER,0.10984010643975699,[],[],"['numpy', 'scikit-learn', 'sql', 'data analysis', 'nlp', 'git', 'tensorflow', 'machine learning', 'pytorch', 'data science', 'deep learning', 'data visualization', 'natural language processing', 'python', 'pandas']",0,0.07688807450782989
2430,SALES,0.10755213451740817,[],[],"['numpy', 'scikit-learn', 'sql', 'data analysis', 'nlp', 'git', 'tensorflow', 'machine learning', 'pytorch', 'data science', 'deep learning', 'data visualization', 'natural language processing', 'python', 'pandas']",0,0.0752864941621857
2431,PUBLIC-RELATIONS,0.10296012647741182,[],[],"['numpy', 'scikit-learn', 'sql', 'data analysis', 'nlp', 'git', 'tensorflow', 'machine learning', 'pytorch', 'data science', 'deep learning', 'data visualization', 'natural language processing', 'python', 'pandas']",0,0.07207208853418827
2432,SALES,0.09543802086280825,[],[],"['numpy', 'scikit-learn', 'sql', 'data analysis', 'nlp', 'git', 'tensorflow', 'machine learning', 'pytorch', 'data science', 'deep learning', 'data visualization', 'natural language processing', 'python', 'pandas']",0,0.06680661460396577
2433,BANKING,0.09422194357154264,[],[],"['numpy', 'scikit-learn', 'sql', 'data analysis', 'nlp', 'git', 'tensorflow', 'machine learning', 'pytorch', 'data science', 'deep learning', 'data visualization', 'natural language processing', 'python', 'pandas']",0,0.06595536050007984
2434,ADVOCATE,0.09207968480901291,[],[],"['numpy', 'scikit-learn', 'sql', 'data analysis', 'nlp', 'git', 'tensorflow', 'machine learning', 'pytorch', 'data science', 'deep learning', 'data visualization', 'natural language processing', 'python', 'pandas']",0,0.06445577936630903
2435,DESIGNER,0.0889669377083844,[],[],"['numpy', 'scikit-learn', 'sql', 'data analysis', 'nlp', 'git', 'tensorflow', 'machine learning', 'pytorch', 'data science', 'deep learning', 'data visualization', 'natural language processing', 'python', 'pandas']",0,0.06227685639586908
2436,ACCOUNTANT,0.08625913476310279,[],[],"['numpy', 'scikit-learn', 'sql', 'data analysis', 'nlp', 'git', 'tensorflow', 'machine learning', 'pytorch', 'data science', 'deep learning', 'data visualization', 'natural language processing', 'python', 'pandas']",0,0.06038139433417195
2437,ADVOCATE,0.08156791537299186,[],[],"['numpy', 'scikit-learn', 'sql', 'data analysis', 'nlp', 'git', 'tensorflow', 'machine learning', 'pytorch', 'data science', 'deep learning', 'data visualization', 'natural language processing', 'python', 'pandas']",0,0.0570975407610943
2438,AUTOMOBILE,0.07932432091354677,[],[],"['numpy', 'scikit-learn', 'sql', 'data analysis', 'nlp', 'git', 'tensorflow', 'machine learning', 'pytorch', 'data science', 'deep learning', 'data visualization', 'natural language processing', 'python', 'pandas']",0,0.05552702463948273
2439,APPAREL,0.07707572015861029,[],[],"['numpy', 'scikit-learn', 'sql', 'data analysis', 'nlp', 'git', 'tensorflow', 'machine learning', 'pytorch', 'data science', 'deep learning', 'data visualization', 'natural language processing', 'python', 'pandas']",0,0.0539530041110272
2440,FITNESS,0.07236695180665856,[],[],"['numpy', 'scikit-learn', 'sql', 'data analysis', 'nlp', 'git', 'tensorflow', 'machine learning', 'pytorch', 'data science', 'deep learning', 'data visualization', 'natural language processing', 'python', 'pandas']",0,0.05065686626466099
2441,DESIGNER,0.06955626484270665,[],[],"['numpy', 'scikit-learn', 'sql', 'data analysis', 'nlp', 'git', 'tensorflow', 'machine learning', 'pytorch', 'data science', 'deep learning', 'data visualization', 'natural language processing', 'python', 'pandas']",0,0.04868938538989465
2442,CHEF,0.06800569281387031,[],[],"['numpy', 'scikit-learn', 'sql', 'data analysis', 'nlp', 'git', 'tensorflow', 'machine learning', 'pytorch', 'data science', 'deep learning', 'data visualization', 'natural language processing', 'python', 'pandas']",0,0.04760398496970922
2443,CONSTRUCTION,0.06751046673787131,[],[],"['numpy', 'scikit-learn', 'sql', 'data analysis', 'nlp', 'git', 'tensorflow', 'machine learning', 'pytorch', 'data science', 'deep learning', 'data visualization', 'natural language processing', 'python', 'pandas']",0,0.047257326716509916
2444,AGRICULTURE,0.06747129178698558,[],[],"['numpy', 'scikit-learn', 'sql', 'data analysis', 'nlp', 'git', 'tensorflow', 'machine learning', 'pytorch', 'data science', 'deep learning', 'data visualization', 'natural language processing', 'python', 'pandas']",0,0.0472299042508899
2445,CHEF,0.06346002375081648,[],[],"['numpy', 'scikit-learn', 'sql', 'data analysis', 'nlp', 'git', 'tensorflow', 'machine learning', 'pytorch', 'data science', 'deep learning', 'data visualization', 'natural language processing', 'python', 'pandas']",0,0.044422016625571534
2446,CONSTRUCTION,0.06141199428309121,[],[],"['numpy', 'scikit-learn', 'sql', 'data analysis', 'nlp', 'git', 'tensorflow', 'machine learning', 'pytorch', 'data science', 'deep learning', 'data visualization', 'natural language processing', 'python', 'pandas']",0,0.04298839599816384
2447,AVIATION,0.06047409041838439,[],[],"['numpy', 'scikit-learn', 'sql', 'data analysis', 'nlp', 'git', 'tensorflow', 'machine learning', 'pytorch', 'data science', 'deep learning', 'data visualization', 'natural language processing', 'python', 'pandas']",0,0.042331863292869074
2448,BUSINESS-DEVELOPMENT,0.057174334481944436,[],[],"['numpy', 'scikit-learn', 'sql', 'data analysis', 'nlp', 'git', 'tensorflow', 'machine learning', 'pytorch', 'data science', 'deep learning', 'data visualization', 'natural language processing', 'python', 'pandas']",0,0.0400220341373611
2449,BANKING,0.05424926569542437,[],[],"['numpy', 'scikit-learn', 'sql', 'data analysis', 'nlp', 'git', 'tensorflow', 'machine learning', 'pytorch', 'data science', 'deep learning', 'data visualization', 'natural language processing', 'python', 'pandas']",0,0.037974485986797056
2450,FITNESS,0.05401595104654026,[],[],"['numpy', 'scikit-learn', 'sql', 'data analysis', 'nlp', 'git', 'tensorflow', 'machine learning', 'pytorch', 'data science', 'deep learning', 'data visualization', 'natural language processing', 'python', 'pandas']",0,0.03781116573257818
2451,ENGINEERING,0.052772811085363504,[],[],"['numpy', 'scikit-learn', 'sql', 'data analysis', 'nlp', 'git', 'tensorflow', 'machine learning', 'pytorch', 'data science', 'deep learning', 'data visualization', 'natural language processing', 'python', 'pandas']",0,0.03694096775975445
2452,DESIGNER,0.05108777087384848,[],[],"['numpy', 'scikit-learn', 'sql', 'data analysis', 'nlp', 'git', 'tensorflow', 'machine learning', 'pytorch', 'data science', 'deep learning', 'data visualization', 'natural language processing', 'python', 'pandas']",0,0.03576143961169393
2453,FITNESS,0.048981877511593816,[],[],"['numpy', 'scikit-learn', 'sql', 'data analysis', 'nlp', 'git', 'tensorflow', 'machine learning', 'pytorch', 'data science', 'deep learning', 'data visualization', 'natural language processing', 'python', 'pandas']",0,0.03428731425811567
2454,CHEF,0.04895524915666439,[],[],"['numpy', 'scikit-learn', 'sql', 'data analysis', 'nlp', 'git', 'tensorflow', 'machine learning', 'pytorch', 'data science', 'deep learning', 'data visualization', 'natural language processing', 'python', 'pandas']",0,0.03426867440966507
2455,AGRICULTURE,0.048608075594182766,[],[],"['numpy', 'scikit-learn', 'sql', 'data analysis', 'nlp', 'git', 'tensorflow', 'machine learning', 'pytorch', 'data science', 'deep learning', 'data visualization', 'natural language processing', 'python', 'pandas']",0,0.034025652915927934
2456,CHEF,0.04647605853599514,[],[],"['numpy', 'scikit-learn', 'sql', 'data analysis', 'nlp', 'git', 'tensorflow', 'machine learning', 'pytorch', 'data science', 'deep learning', 'data visualization', 'natural language processing', 'python', 'pandas']",0,0.032533240975196595
2457,FINANCE,0.0464069351801374,[],[],"['numpy', 'scikit-learn', 'sql', 'data analysis', 'nlp', 'git', 'tensorflow', 'machine learning', 'pytorch', 'data science', 'deep learning', 'data visualization', 'natural language processing', 'python', 'pandas']",0,0.03248485462609618
2458,DESIGNER,0.04553802897879597,[],[],"['numpy', 'scikit-learn', 'sql', 'data analysis', 'nlp', 'git', 'tensorflow', 'machine learning', 'pytorch', 'data science', 'deep learning', 'data visualization', 'natural language processing', 'python', 'pandas']",0,0.03187662028515718
2459,PUBLIC-RELATIONS,0.045293646534264334,[],[],"['numpy', 'scikit-learn', 'sql', 'data analysis', 'nlp', 'git', 'tensorflow', 'machine learning', 'pytorch', 'data science', 'deep learning', 'data visualization', 'natural language processing', 'python', 'pandas']",0,0.03170555257398503
2460,DESIGNER,0.04523287448999742,[],[],"['numpy', 'scikit-learn', 'sql', 'data analysis', 'nlp', 'git', 'tensorflow', 'machine learning', 'pytorch', 'data science', 'deep learning', 'data visualization', 'natural language processing', 'python', 'pandas']",0,0.03166301214299819
2461,DESIGNER,0.04521755735849387,[],[],"['numpy', 'scikit-learn', 'sql', 'data analysis', 'nlp', 'git', 'tensorflow', 'machine learning', 'pytorch', 'data science', 'deep learning', 'data visualization', 'natural language processing', 'python', 'pandas']",0,0.03165229015094571
2462,CHEF,0.04437788834052502,[],[],"['numpy', 'scikit-learn', 'sql', 'data analysis', 'nlp', 'git', 'tensorflow', 'machine learning', 'pytorch', 'data science', 'deep learning', 'data visualization', 'natural language processing', 'python', 'pandas']",0,0.031064521838367512
2463,CONSULTANT,0.043455004362364394,[],[],"['numpy', 'scikit-learn', 'sql', 'data analysis', 'nlp', 'git', 'tensorflow', 'machine learning', 'pytorch', 'data science', 'deep learning', 'data visualization', 'natural language processing', 'python', 'pandas']",0,0.030418503053655073
2464,FITNESS,0.0408684848860497,[],[],"['numpy', 'scikit-learn', 'sql', 'data analysis', 'nlp', 'git', 'tensorflow', 'machine learning', 'pytorch', 'data science', 'deep learning', 'data visualization', 'natural language processing', 'python', 'pandas']",0,0.02860793942023479
2465,AVIATION,0.04079797930835932,[],[],"['numpy', 'scikit-learn', 'sql', 'data analysis', 'nlp', 'git', 'tensorflow', 'machine learning', 'pytorch', 'data science', 'deep learning', 'data visualization', 'natural language processing', 'python', 'pandas']",0,0.028558585515851522
2466,DESIGNER,0.04051444049628103,[],[],"['numpy', 'scikit-learn', 'sql', 'data analysis', 'nlp', 'git', 'tensorflow', 'machine learning', 'pytorch', 'data science', 'deep learning', 'data visualization', 'natural language processing', 'python', 'pandas']",0,0.028360108347396717
2467,CONSTRUCTION,0.03976155017751853,[],[],"['numpy', 'scikit-learn', 'sql', 'data analysis', 'nlp', 'git', 'tensorflow', 'machine learning', 'pytorch', 'data science', 'deep learning', 'data visualization', 'natural language processing', 'python', 'pandas']",0,0.02783308512426297
2468,DESIGNER,0.03753060463245428,[],[],"['numpy', 'scikit-learn', 'sql', 'data analysis', 'nlp', 'git', 'tensorflow', 'machine learning', 'pytorch', 'data science', 'deep learning', 'data visualization', 'natural language processing', 'python', 'pandas']",0,0.026271423242717994
2469,HEALTHCARE,0.03667561231489085,[],[],"['numpy', 'scikit-learn', 'sql', 'data analysis', 'nlp', 'git', 'tensorflow', 'machine learning', 'pytorch', 'data science', 'deep learning', 'data visualization', 'natural language processing', 'python', 'pandas']",0,0.025672928620423596
2470,APPAREL,0.03477150191591981,[],[],"['numpy', 'scikit-learn', 'sql', 'data analysis', 'nlp', 'git', 'tensorflow', 'machine learning', 'pytorch', 'data science', 'deep learning', 'data visualization', 'natural language processing', 'python', 'pandas']",0,0.024340051341143865
2471,HEALTHCARE,0.03456313234873904,[],[],"['numpy', 'scikit-learn', 'sql', 'data analysis', 'nlp', 'git', 'tensorflow', 'machine learning', 'pytorch', 'data science', 'deep learning', 'data visualization', 'natural language processing', 'python', 'pandas']",0,0.02419419264411733
2472,BANKING,0.03253645702624397,[],[],"['numpy', 'scikit-learn', 'sql', 'data analysis', 'nlp', 'git', 'tensorflow', 'machine learning', 'pytorch', 'data science', 'deep learning', 'data visualization', 'natural language processing', 'python', 'pandas']",0,0.022775519918370776
2473,CONSULTANT,0.03126906130768921,[],[],"['numpy', 'scikit-learn', 'sql', 'data analysis', 'nlp', 'git', 'tensorflow', 'machine learning', 'pytorch', 'data science', 'deep learning', 'data visualization', 'natural language processing', 'python', 'pandas']",0,0.021888342915382445
2474,PUBLIC-RELATIONS,0.029881693252147748,[],[],"['numpy', 'scikit-learn', 'sql', 'data analysis', 'nlp', 'git', 'tensorflow', 'machine learning', 'pytorch', 'data science', 'deep learning', 'data visualization', 'natural language processing', 'python', 'pandas']",0,0.020917185276503422
2475,DESIGNER,0.027815428521600127,[],[],"['numpy', 'scikit-learn', 'sql', 'data analysis', 'nlp', 'git', 'tensorflow', 'machine learning', 'pytorch', 'data science', 'deep learning', 'data visualization', 'natural language processing', 'python', 'pandas']",0,0.01947079996512009
2476,DESIGNER,0.027310264103415305,[],[],"['numpy', 'scikit-learn', 'sql', 'data analysis', 'nlp', 'git', 'tensorflow', 'machine learning', 'pytorch', 'data science', 'deep learning', 'data visualization', 'natural language processing', 'python', 'pandas']",0,0.01911718487239071
2477,BANKING,0.02653238569590412,[],[],"['numpy', 'scikit-learn', 'sql', 'data analysis', 'nlp', 'git', 'tensorflow', 'machine learning', 'pytorch', 'data science', 'deep learning', 'data visualization', 'natural language processing', 'python', 'pandas']",0,0.018572669987132882
2478,FITNESS,0.019900272498427383,[],[],"['numpy', 'scikit-learn', 'sql', 'data analysis', 'nlp', 'git', 'tensorflow', 'machine learning', 'pytorch', 'data science', 'deep learning', 'data visualization', 'natural language processing', 'python', 'pandas']",0,0.013930190748899167
2479,CONSTRUCTION,0.017955555340571184,[],[],"['numpy', 'scikit-learn', 'sql', 'data analysis', 'nlp', 'git', 'tensorflow', 'machine learning', 'pytorch', 'data science', 'deep learning', 'data visualization', 'natural language processing', 'python', 'pandas']",0,0.012568888738399828
2480,ARTS,0.013911557349112074,[],[],"['numpy', 'scikit-learn', 'sql', 'data analysis', 'nlp', 'git', 'tensorflow', 'machine learning', 'pytorch', 'data science', 'deep learning', 'data visualization', 'natural language processing', 'python', 'pandas']",0,0.009738090144378451
2481,BUSINESS-DEVELOPMENT,0.0,[],[],"['numpy', 'scikit-learn', 'sql', 'data analysis', 'nlp', 'git', 'tensorflow', 'machine learning', 'pytorch', 'data science', 'deep learning', 'data visualization', 'natural language processing', 'python', 'pandas']",0,0.0
2482,CHEF,0.0,[],[],"['numpy', 'scikit-learn', 'sql', 'data analysis', 'nlp', 'git', 'tensorflow', 'machine learning', 'pytorch', 'data science', 'deep learning', 'data visualization', 'natural language processing', 'python', 'pandas']",0,0.0
2483,CHEF,0.0,[],[],"['numpy', 'scikit-learn', 'sql', 'data analysis', 'nlp', 'git', 'tensorflow', 'machine learning', 'pytorch', 'data science', 'deep learning', 'data visualization', 'natural language processing', 'python', 'pandas']",0,0.0
2484,DESIGNER,0.0,[],[],"['numpy', 'scikit-learn', 'sql', 'data analysis', 'nlp', 'git', 'tensorflow', 'machine learning', 'pytorch', 'data science', 'deep learning', 'data visualization', 'natural language processing', 'python', 'pandas']",0,0.0
